#
# There is insufficient memory for the Java Runtime Environment to continue.
# Native memory allocation (malloc) failed to allocate 1277952 bytes. Error detail: Chunk::new
# Possible reasons:
#   The system is out of physical RAM or swap space
#   This process is running with CompressedOops enabled, and the Java Heap may be blocking the growth of the native heap
# Possible solutions:
#   Reduce memory load on the system
#   Increase physical memory or swap space
#   Check if swap backing store is full
#   Decrease Java heap size (-Xmx/-Xms)
#   Decrease number of Java threads
#   Decrease Java thread stack sizes (-Xss)
#   Set larger code cache with -XX:ReservedCodeCacheSize=
#   JVM is running with Unscaled Compressed Oops mode in which the Java heap is
#     placed in the first 4GB address space. The Java Heap base address is the
#     maximum limit for the native heap growth. Please use -XX:HeapBaseMinAddress
#     to set the Java Heap base and to place the Java Heap above 4GB virtual address.
# This output file may be truncated or incomplete.
#
#  Out of Memory Error (arena.cpp:168), pid=21720, tid=9680
#
# JRE version: OpenJDK Runtime Environment (21.0.6) (build 21.0.6+-13391695-b895.109)
# Java VM: OpenJDK 64-Bit Server VM (21.0.6+-13391695-b895.109, mixed mode, tiered, compressed oops, compressed class ptrs, g1 gc, windows-amd64)
# No core dump will be written. Minidumps are not enabled by default on client versions of Windows
#

---------------  S U M M A R Y ------------

Command Line: --add-opens=java.base/java.lang=ALL-UNNAMED --add-opens=java.base/java.lang.invoke=ALL-UNNAMED --add-opens=java.base/java.util=ALL-UNNAMED --add-opens=java.prefs/java.util.prefs=ALL-UNNAMED --add-exports=jdk.compiler/com.sun.tools.javac.api=ALL-UNNAMED --add-exports=jdk.compiler/com.sun.tools.javac.util=ALL-UNNAMED --add-opens=java.base/java.util=ALL-UNNAMED --add-opens=java.prefs/java.util.prefs=ALL-UNNAMED --add-opens=java.base/java.nio.charset=ALL-UNNAMED --add-opens=java.base/java.net=ALL-UNNAMED --add-opens=java.base/java.util.concurrent.atomic=ALL-UNNAMED --add-opens=java.xml/javax.xml.namespace=ALL-UNNAMED -Xmx2048m -Dfile.encoding=UTF-8 -Duser.country=US -Duser.language=en -Duser.variant -javaagent:C:\Users\Asus\Downloads\gradle\gradle-9.0.0\wrapper\dists\gradle-8.13-bin\5xuhj0ry160q40clulazy9h7d\gradle-8.13\lib\agents\gradle-instrumentation-agent-8.13.jar org.gradle.launcher.daemon.bootstrap.GradleDaemon 8.13

Host: Intel(R) Core(TM) i7-10510U CPU @ 1.80GHz, 8 cores, 7G,  Windows 11 , 64 bit Build 26100 (10.0.26100.7705)
Time: Fri Feb 27 14:46:37 2026 SE Asia Standard Time elapsed time: 19.446913 seconds (0d 0h 0m 19s)

---------------  T H R E A D  ---------------

Current thread (0x000002174b089df0):  JavaThread "C2 CompilerThread0" daemon [_thread_in_native, id=9680, stack(0x000000ffff000000,0x000000ffff100000) (1024K)]


Current CompileTask:
C2:19447 11936   !   4       com.google.common.cache.LocalCache$Segment::lockedGetOrLoad (447 bytes)

Stack: [0x000000ffff000000,0x000000ffff100000]
Native frames: (J=compiled Java code, j=interpreted, Vv=VM code, C=native code)
V  [jvm.dll+0x6d0639]
V  [jvm.dll+0x85eb03]
V  [jvm.dll+0x86105e]
V  [jvm.dll+0x861743]
V  [jvm.dll+0x27e6e6]
V  [jvm.dll+0xbff6d]
V  [jvm.dll+0xc04a3]
V  [jvm.dll+0x3b61ab]
V  [jvm.dll+0x3820c7]
V  [jvm.dll+0x38153a]
V  [jvm.dll+0x247c82]
V  [jvm.dll+0x247251]
V  [jvm.dll+0x1c5f04]
V  [jvm.dll+0x2569ac]
V  [jvm.dll+0x254ef6]
V  [jvm.dll+0x3f0e96]
V  [jvm.dll+0x806ed8]
V  [jvm.dll+0x6cef0d]
C  [ucrtbase.dll+0x37b0]
C  [KERNEL32.DLL+0x2e8d7]
C  [ntdll.dll+0x8c40c]


---------------  P R O C E S S  ---------------

Threads class SMR info:
_java_thread_list=0x000002174f276200, length=94, elements={
0x000002172f3eb0f0, 0x000002174b09f0b0, 0x000002174b0a0b10, 0x000002174b0a3260,
0x000002174b0ac3c0, 0x000002174b0ace10, 0x000002174b0ad860, 0x000002174b089df0,
0x000002174b0c1960, 0x000002174b214590, 0x000002174b3a4a20, 0x000002174cc87b40,
0x000002174cdaf8f0, 0x000002174ce2a8e0, 0x000002174ce23ad0, 0x000002174ce1fed0,
0x000002174cf2e810, 0x000002174ce52ee0, 0x000002174cc4d9e0, 0x000002174cc4ccc0,
0x000002174cc4d350, 0x000002174cc4e070, 0x000002174cc4c630, 0x000002174cc4e700,
0x000002174cc4f420, 0x000002174ebea330, 0x000002174ebe8f80, 0x000002174ebeb6e0,
0x000002174ebe9610, 0x000002174ebe9ca0, 0x000002174ebebd70, 0x000002174ebeb050,
0x000002174ebea9c0, 0x000002174ebe88f0, 0x000002174ebed120, 0x000002174ebee4d0,
0x000002174ebef880, 0x000002174ebeeb60, 0x000002174ebec400, 0x000002174ebeff10,
0x00000217506744c0, 0x0000021750673e30, 0x0000021750675f00, 0x0000021750674b50,
0x0000021750676c20, 0x00000217506772b0, 0x0000021750675870, 0x0000021750074c20,
0x00000217500752b0, 0x0000021750075940, 0x0000021750076660, 0x0000021750077380,
0x0000021750073f00, 0x0000021750075fd0, 0x0000021750076cf0, 0x0000021750077a10,
0x0000021750074590, 0x000002175007a170, 0x0000021750079450, 0x0000021750078730,
0x000002175007b520, 0x00000217500780a0, 0x0000021751aa8250, 0x0000021751aa7bc0,
0x0000021751aa88e0, 0x0000021751aa5460, 0x0000021751aa6ea0, 0x0000021751aa8f70,
0x0000021751aa6180, 0x0000021751aa7530, 0x0000021751aa5af0, 0x0000021751aa9600,
0x0000021751aa9c90, 0x0000021751aa6810, 0x0000021751aabd60, 0x0000021751aaca80,
0x0000021751aaa320, 0x0000021751aab6d0, 0x0000021751aaa9b0, 0x000002174b8c46a0,
0x000002174b8c7490, 0x000002174bb07cd0, 0x000002174bb09710, 0x000002174bb06290,
0x000002174bb0a430, 0x000002174bb09da0, 0x000002174bb0b7e0, 0x000002174bb0be70,
0x000002174bb0aac0, 0x000002174bb0b150, 0x000002174bb089f0, 0x000002174e70f9c0,
0x000002174bb0c500, 0x000002174bb0d220
}

Java Threads: ( => current thread )
  0x000002172f3eb0f0 JavaThread "main"                              [_thread_blocked, id=18920, stack(0x000000fffe200000,0x000000fffe300000) (1024K)]
  0x000002174b09f0b0 JavaThread "Reference Handler"          daemon [_thread_blocked, id=11324, stack(0x000000fffea00000,0x000000fffeb00000) (1024K)]
  0x000002174b0a0b10 JavaThread "Finalizer"                  daemon [_thread_blocked, id=11528, stack(0x000000fffeb00000,0x000000fffec00000) (1024K)]
  0x000002174b0a3260 JavaThread "Signal Dispatcher"          daemon [_thread_blocked, id=12116, stack(0x000000fffec00000,0x000000fffed00000) (1024K)]
  0x000002174b0ac3c0 JavaThread "Attach Listener"            daemon [_thread_blocked, id=19372, stack(0x000000fffed00000,0x000000fffee00000) (1024K)]
  0x000002174b0ace10 JavaThread "Service Thread"             daemon [_thread_blocked, id=12240, stack(0x000000fffee00000,0x000000fffef00000) (1024K)]
  0x000002174b0ad860 JavaThread "Monitor Deflation Thread"   daemon [_thread_blocked, id=12828, stack(0x000000fffef00000,0x000000ffff000000) (1024K)]
=>0x000002174b089df0 JavaThread "C2 CompilerThread0"         daemon [_thread_in_native, id=9680, stack(0x000000ffff000000,0x000000ffff100000) (1024K)]
  0x000002174b0c1960 JavaThread "C1 CompilerThread0"         daemon [_thread_blocked, id=10112, stack(0x000000ffff100000,0x000000ffff200000) (1024K)]
  0x000002174b214590 JavaThread "Common-Cleaner"             daemon [_thread_blocked, id=13812, stack(0x000000ffff200000,0x000000ffff300000) (1024K)]
  0x000002174b3a4a20 JavaThread "Notification Thread"        daemon [_thread_blocked, id=17580, stack(0x000000ffff300000,0x000000ffff400000) (1024K)]
  0x000002174cc87b40 JavaThread "Daemon health stats"               [_thread_blocked, id=2012, stack(0x000000ffffa00000,0x000000ffffb00000) (1024K)]
  0x000002174cdaf8f0 JavaThread "Incoming local TCP Connector on port 53457"        [_thread_in_native, id=17216, stack(0x000000ffff400000,0x000000ffff500000) (1024K)]
  0x000002174ce2a8e0 JavaThread "Daemon periodic checks"            [_thread_blocked, id=11580, stack(0x000000ffffb00000,0x000000ffffc00000) (1024K)]
  0x000002174ce23ad0 JavaThread "Daemon"                            [_thread_blocked, id=15148, stack(0x000000ffffc00000,0x000000ffffd00000) (1024K)]
  0x000002174ce1fed0 JavaThread "Handler for socket connection from /127.0.0.1:53457 to /127.0.0.1:53458"        [_thread_in_native, id=20612, stack(0x000000ffffd00000,0x000000ffffe00000) (1024K)]
  0x000002174cf2e810 JavaThread "Cancel handler"                    [_thread_blocked, id=17328, stack(0x000000ffffe00000,0x000000fffff00000) (1024K)]
  0x000002174ce52ee0 JavaThread "Daemon worker"                     [_thread_blocked, id=21276, stack(0x000000fffff00000,0x0000010000000000) (1024K)]
  0x000002174cc4d9e0 JavaThread "Asynchronous log dispatcher for DefaultDaemonConnection: socket connection from /127.0.0.1:53457 to /127.0.0.1:53458"        [_thread_blocked, id=21580, stack(0x000000ff80100000,0x000000ff80200000) (1024K)]
  0x000002174cc4ccc0 JavaThread "Stdin handler"                     [_thread_blocked, id=21772, stack(0x000000ff80200000,0x000000ff80300000) (1024K)]
  0x000002174cc4d350 JavaThread "Daemon client event forwarder"        [_thread_blocked, id=9312, stack(0x000000ff80300000,0x000000ff80400000) (1024K)]
  0x000002174cc4e070 JavaThread "Cache worker for journal cache (C:\Users\Asus\Downloads\gradle\gradle-9.0.0\caches\journal-1)"        [_thread_blocked, id=21368, stack(0x000000ff80700000,0x000000ff80800000) (1024K)]
  0x000002174cc4c630 JavaThread "File lock request listener"        [_thread_in_native, id=13880, stack(0x000000ff80800000,0x000000ff80900000) (1024K)]
  0x000002174cc4e700 JavaThread "Cache worker for file hash cache (C:\Users\Asus\Downloads\gradle\gradle-9.0.0\caches\8.13\fileHashes)"        [_thread_blocked, id=16184, stack(0x000000ff80900000,0x000000ff80a00000) (1024K)]
  0x000002174cc4f420 JavaThread "Cache worker for file hash cache (D:\Dicoding\Belajar Fundamental Aplikasi Android\GPT\15. Latihan SQLite\.gradle\8.13\fileHashes)"        [_thread_blocked, id=14488, stack(0x000000ff80b00000,0x000000ff80c00000) (1024K)]
  0x000002174ebea330 JavaThread "Cache worker for Build Output Cleanup Cache (D:\Dicoding\Belajar Fundamental Aplikasi Android\GPT\15. Latihan SQLite\.gradle\buildOutputCleanup)"        [_thread_blocked, id=17468, stack(0x000000ff80c00000,0x000000ff80d00000) (1024K)]
  0x000002174ebe8f80 JavaThread "File watcher server"        daemon [_thread_in_native, id=2960, stack(0x000000ff80d00000,0x000000ff80e00000) (1024K)]
  0x000002174ebeb6e0 JavaThread "File watcher consumer"      daemon [_thread_blocked, id=21316, stack(0x000000ff80e00000,0x000000ff80f00000) (1024K)]
  0x000002174ebe9610 JavaThread "jar transforms"                    [_thread_blocked, id=21184, stack(0x000000ff80f00000,0x000000ff81000000) (1024K)]
  0x000002174ebe9ca0 JavaThread "jar transforms Thread 2"           [_thread_blocked, id=16352, stack(0x000000ff81000000,0x000000ff81100000) (1024K)]
  0x000002174ebebd70 JavaThread "jar transforms Thread 3"           [_thread_blocked, id=10308, stack(0x000000ff81100000,0x000000ff81200000) (1024K)]
  0x000002174ebeb050 JavaThread "jar transforms Thread 4"           [_thread_blocked, id=11568, stack(0x000000ff81200000,0x000000ff81300000) (1024K)]
  0x000002174ebea9c0 JavaThread "jar transforms Thread 5"           [_thread_blocked, id=9564, stack(0x000000ff81300000,0x000000ff81400000) (1024K)]
  0x000002174ebe88f0 JavaThread "jar transforms Thread 6"           [_thread_blocked, id=4360, stack(0x000000ff81400000,0x000000ff81500000) (1024K)]
  0x000002174ebed120 JavaThread "jar transforms Thread 7"           [_thread_blocked, id=8252, stack(0x000000ff81500000,0x000000ff81600000) (1024K)]
  0x000002174ebee4d0 JavaThread "jar transforms Thread 8"           [_thread_blocked, id=20424, stack(0x000000ff81600000,0x000000ff81700000) (1024K)]
  0x000002174ebef880 JavaThread "Cache worker for checksums cache (D:\Dicoding\Belajar Fundamental Aplikasi Android\GPT\15. Latihan SQLite\.gradle\8.13\checksums)"        [_thread_blocked, id=19484, stack(0x000000ff81700000,0x000000ff81800000) (1024K)]
  0x000002174ebeeb60 JavaThread "Cache worker for file content cache (C:\Users\Asus\Downloads\gradle\gradle-9.0.0\caches\8.13\fileContent)"        [_thread_blocked, id=21848, stack(0x000000ff81800000,0x000000ff81900000) (1024K)]
  0x000002174ebec400 JavaThread "Cache worker for cache directory md-supplier (C:\Users\Asus\Downloads\gradle\gradle-9.0.0\caches\8.13\md-supplier)"        [_thread_blocked, id=9240, stack(0x000000ff81900000,0x000000ff81a00000) (1024K)]
  0x000002174ebeff10 JavaThread "Cache worker for cache directory md-rule (C:\Users\Asus\Downloads\gradle\gradle-9.0.0\caches\8.13\md-rule)"        [_thread_blocked, id=16588, stack(0x000000ff81a00000,0x000000ff81b00000) (1024K)]
  0x00000217506744c0 JavaThread "Unconstrained build operations"        [_thread_blocked, id=5604, stack(0x000000ff81b00000,0x000000ff81c00000) (1024K)]
  0x0000021750673e30 JavaThread "Unconstrained build operations Thread 2"        [_thread_blocked, id=21704, stack(0x000000ff81c00000,0x000000ff81d00000) (1024K)]
  0x0000021750675f00 JavaThread "Unconstrained build operations Thread 3"        [_thread_blocked, id=4260, stack(0x000000ff81d00000,0x000000ff81e00000) (1024K)]
  0x0000021750674b50 JavaThread "Unconstrained build operations Thread 4"        [_thread_blocked, id=2688, stack(0x000000ff81e00000,0x000000ff81f00000) (1024K)]
  0x0000021750676c20 JavaThread "Unconstrained build operations Thread 5"        [_thread_blocked, id=18556, stack(0x000000ff81f00000,0x000000ff82000000) (1024K)]
  0x00000217506772b0 JavaThread "Unconstrained build operations Thread 6"        [_thread_blocked, id=20300, stack(0x000000ff82000000,0x000000ff82100000) (1024K)]
  0x0000021750675870 JavaThread "Unconstrained build operations Thread 7"        [_thread_blocked, id=17944, stack(0x000000ff82100000,0x000000ff82200000) (1024K)]
  0x0000021750074c20 JavaThread "Unconstrained build operations Thread 8"        [_thread_blocked, id=6568, stack(0x000000ff82200000,0x000000ff82300000) (1024K)]
  0x00000217500752b0 JavaThread "Unconstrained build operations Thread 9"        [_thread_blocked, id=9012, stack(0x000000ff82300000,0x000000ff82400000) (1024K)]
  0x0000021750075940 JavaThread "Unconstrained build operations Thread 10"        [_thread_blocked, id=13164, stack(0x000000ff82400000,0x000000ff82500000) (1024K)]
  0x0000021750076660 JavaThread "Unconstrained build operations Thread 11"        [_thread_blocked, id=18440, stack(0x000000ff82500000,0x000000ff82600000) (1024K)]
  0x0000021750077380 JavaThread "Unconstrained build operations Thread 12"        [_thread_blocked, id=18032, stack(0x000000ff82600000,0x000000ff82700000) (1024K)]
  0x0000021750073f00 JavaThread "Unconstrained build operations Thread 13"        [_thread_blocked, id=21152, stack(0x000000ff82700000,0x000000ff82800000) (1024K)]
  0x0000021750075fd0 JavaThread "Unconstrained build operations Thread 14"        [_thread_blocked, id=9484, stack(0x000000ff82800000,0x000000ff82900000) (1024K)]
  0x0000021750076cf0 JavaThread "Unconstrained build operations Thread 15"        [_thread_blocked, id=15096, stack(0x000000ff82900000,0x000000ff82a00000) (1024K)]
  0x0000021750077a10 JavaThread "Unconstrained build operations Thread 16"        [_thread_blocked, id=21484, stack(0x000000ff82a00000,0x000000ff82b00000) (1024K)]
  0x0000021750074590 JavaThread "Unconstrained build operations Thread 17"        [_thread_blocked, id=5884, stack(0x000000ff82b00000,0x000000ff82c00000) (1024K)]
  0x000002175007a170 JavaThread "Unconstrained build operations Thread 18"        [_thread_blocked, id=17708, stack(0x000000ff82c00000,0x000000ff82d00000) (1024K)]
  0x0000021750079450 JavaThread "Unconstrained build operations Thread 19"        [_thread_blocked, id=22116, stack(0x000000ff80a00000,0x000000ff80b00000) (1024K)]
  0x0000021750078730 JavaThread "Unconstrained build operations Thread 20"        [_thread_blocked, id=18960, stack(0x000000ff82d00000,0x000000ff82e00000) (1024K)]
  0x000002175007b520 JavaThread "Unconstrained build operations Thread 21"        [_thread_blocked, id=19572, stack(0x000000ff82e00000,0x000000ff82f00000) (1024K)]
  0x00000217500780a0 JavaThread "Unconstrained build operations Thread 22"        [_thread_blocked, id=22408, stack(0x000000ff82f00000,0x000000ff83000000) (1024K)]
  0x0000021751aa8250 JavaThread "Unconstrained build operations Thread 23"        [_thread_blocked, id=16052, stack(0x000000ff83000000,0x000000ff83100000) (1024K)]
  0x0000021751aa7bc0 JavaThread "Unconstrained build operations Thread 24"        [_thread_blocked, id=22280, stack(0x000000ff83100000,0x000000ff83200000) (1024K)]
  0x0000021751aa88e0 JavaThread "Unconstrained build operations Thread 25"        [_thread_blocked, id=8144, stack(0x000000ff83200000,0x000000ff83300000) (1024K)]
  0x0000021751aa5460 JavaThread "Unconstrained build operations Thread 26"        [_thread_blocked, id=1036, stack(0x000000ff83300000,0x000000ff83400000) (1024K)]
  0x0000021751aa6ea0 JavaThread "Unconstrained build operations Thread 27"        [_thread_blocked, id=20872, stack(0x000000ff83400000,0x000000ff83500000) (1024K)]
  0x0000021751aa8f70 JavaThread "Unconstrained build operations Thread 28"        [_thread_blocked, id=21180, stack(0x000000ff83500000,0x000000ff83600000) (1024K)]
  0x0000021751aa6180 JavaThread "Unconstrained build operations Thread 29"        [_thread_blocked, id=20928, stack(0x000000ff83600000,0x000000ff83700000) (1024K)]
  0x0000021751aa7530 JavaThread "Unconstrained build operations Thread 30"        [_thread_blocked, id=12848, stack(0x000000ff83700000,0x000000ff83800000) (1024K)]
  0x0000021751aa5af0 JavaThread "Unconstrained build operations Thread 31"        [_thread_blocked, id=9612, stack(0x000000ff83800000,0x000000ff83900000) (1024K)]
  0x0000021751aa9600 JavaThread "Unconstrained build operations Thread 32"        [_thread_blocked, id=8688, stack(0x000000ff83900000,0x000000ff83a00000) (1024K)]
  0x0000021751aa9c90 JavaThread "Unconstrained build operations Thread 33"        [_thread_blocked, id=17200, stack(0x000000ff83b00000,0x000000ff83c00000) (1024K)]
  0x0000021751aa6810 JavaThread "Unconstrained build operations Thread 34"        [_thread_blocked, id=3636, stack(0x000000ff83c00000,0x000000ff83d00000) (1024K)]
  0x0000021751aabd60 JavaThread "Unconstrained build operations Thread 35"        [_thread_blocked, id=18808, stack(0x000000ff83d00000,0x000000ff83e00000) (1024K)]
  0x0000021751aaca80 JavaThread "Unconstrained build operations Thread 36"        [_thread_blocked, id=11276, stack(0x000000ff83e00000,0x000000ff83f00000) (1024K)]
  0x0000021751aaa320 JavaThread "Unconstrained build operations Thread 37"        [_thread_blocked, id=21468, stack(0x000000ff83f00000,0x000000ff84000000) (1024K)]
  0x0000021751aab6d0 JavaThread "Unconstrained build operations Thread 38"        [_thread_blocked, id=21756, stack(0x000000ff84000000,0x000000ff84100000) (1024K)]
  0x0000021751aaa9b0 JavaThread "Unconstrained build operations Thread 39"        [_thread_blocked, id=2828, stack(0x000000ff84100000,0x000000ff84200000) (1024K)]
  0x000002174b8c46a0 JavaThread "Memory manager"                    [_thread_blocked, id=22084, stack(0x000000ff83a00000,0x000000ff83b00000) (1024K)]
  0x000002174b8c7490 JavaThread "build event listener"              [_thread_blocked, id=21132, stack(0x000000ff84200000,0x000000ff84300000) (1024K)]
  0x000002174bb07cd0 JavaThread "pool-3-thread-1"                   [_thread_blocked, id=20832, stack(0x000000ff80000000,0x000000ff80100000) (1024K)]
  0x000002174bb09710 JavaThread "included builds"                   [_thread_blocked, id=12268, stack(0x000000ff84300000,0x000000ff84400000) (1024K)]
  0x000002174bb06290 JavaThread "Execution worker"                  [_thread_blocked, id=21072, stack(0x000000ff84400000,0x000000ff84500000) (1024K)]
  0x000002174bb0a430 JavaThread "Execution worker Thread 2"         [_thread_blocked, id=17136, stack(0x000000ff84500000,0x000000ff84600000) (1024K)]
  0x000002174bb09da0 JavaThread "Execution worker Thread 3"         [_thread_blocked, id=2004, stack(0x000000ff84600000,0x000000ff84700000) (1024K)]
  0x000002174bb0b7e0 JavaThread "Execution worker Thread 4"         [_thread_blocked, id=2452, stack(0x000000ff84700000,0x000000ff84800000) (1024K)]
  0x000002174bb0be70 JavaThread "Execution worker Thread 5"         [_thread_blocked, id=16008, stack(0x000000ff84800000,0x000000ff84900000) (1024K)]
  0x000002174bb0aac0 JavaThread "Execution worker Thread 6"         [_thread_blocked, id=14580, stack(0x000000ff84900000,0x000000ff84a00000) (1024K)]
  0x000002174bb0b150 JavaThread "Execution worker Thread 7"         [_thread_blocked, id=19000, stack(0x000000ff84a00000,0x000000ff84b00000) (1024K)]
  0x000002174bb089f0 JavaThread "Cache worker for execution history cache (D:\Dicoding\Belajar Fundamental Aplikasi Android\GPT\15. Latihan SQLite\.gradle\8.13\executionHistory)"        [_thread_blocked, id=11844, stack(0x000000ff84b00000,0x000000ff84c00000) (1024K)]
  0x000002174e70f9c0 JavaThread "C2 CompilerThread1"         daemon [_thread_blocked, id=21676, stack(0x000000ff84c00000,0x000000ff84d00000) (1024K)]
  0x000002174bb0c500 JavaThread "idea-tooling-model-converter"        [_thread_blocked, id=11484, stack(0x000000ff84d00000,0x000000ff84e00000) (1024K)]
  0x000002174bb0d220 JavaThread "Unconstrained build operations Thread 40"        [_thread_blocked, id=10868, stack(0x000000ff84e00000,0x000000ff84f00000) (1024K)]
Total: 94

Other Threads:
  0x0000021746adad20 VMThread "VM Thread"                           [id=21320, stack(0x000000fffe900000,0x000000fffea00000) (1024K)]
  0x0000021746a99350 WatcherThread "VM Periodic Task Thread"        [id=11836, stack(0x000000fffe800000,0x000000fffe900000) (1024K)]
  0x000002172f444760 WorkerThread "GC Thread#0"                     [id=21880, stack(0x000000fffe300000,0x000000fffe400000) (1024K)]
  0x000002174b80f480 WorkerThread "GC Thread#1"                     [id=9232, stack(0x000000ffff500000,0x000000ffff600000) (1024K)]
  0x000002174b80f820 WorkerThread "GC Thread#2"                     [id=20620, stack(0x000000ffff600000,0x000000ffff700000) (1024K)]
  0x000002174b8f8100 WorkerThread "GC Thread#3"                     [id=15208, stack(0x000000ffff700000,0x000000ffff800000) (1024K)]
  0x000002174b8f74e0 WorkerThread "GC Thread#4"                     [id=21036, stack(0x000000ffff800000,0x000000ffff900000) (1024K)]
  0x000002174cd9e0b0 WorkerThread "GC Thread#5"                     [id=17824, stack(0x000000ffff900000,0x000000ffffa00000) (1024K)]
  0x000002174ced0b10 WorkerThread "GC Thread#6"                     [id=16284, stack(0x000000ff80400000,0x000000ff80500000) (1024K)]
  0x000002174ced0eb0 WorkerThread "GC Thread#7"                     [id=14912, stack(0x000000ff80500000,0x000000ff80600000) (1024K)]
  0x000002172f494010 ConcurrentGCThread "G1 Main Marker"            [id=2356, stack(0x000000fffe400000,0x000000fffe500000) (1024K)]
  0x000002172f4951c0 WorkerThread "G1 Conc#0"                       [id=4036, stack(0x000000fffe500000,0x000000fffe600000) (1024K)]
  0x000002174ceb51a0 WorkerThread "G1 Conc#1"                       [id=2756, stack(0x000000ff80600000,0x000000ff80700000) (1024K)]
  0x000002174696f150 ConcurrentGCThread "G1 Refine#0"               [id=20712, stack(0x000000fffe600000,0x000000fffe700000) (1024K)]
  0x0000021746970a80 ConcurrentGCThread "G1 Service"                [id=21148, stack(0x000000fffe700000,0x000000fffe800000) (1024K)]
Total: 15

Threads with active compile tasks:
C2 CompilerThread0  19488 11936   !   4       com.google.common.cache.LocalCache$Segment::lockedGetOrLoad (447 bytes)
C2 CompilerThread1  19488 11948   !   4       com.google.common.cache.LocalCache$LoadingValueReference::loadFuture (123 bytes)
Total: 2

VM state: at safepoint (normal execution)

VM Mutex/Monitor currently owned by a thread:  ([mutex/lock_event])
[0x00007ff8eaedbca0] FreeList_lock - owner thread: 0x000002174b8f74e0
[0x00007ff8eaede3a0] Threads_lock - owner thread: 0x0000021746adad20
[0x00007ff8eaede4a0] Heap_lock - owner thread: 0x000002174cc4e700

Heap address: 0x0000000080000000, size: 2048 MB, Compressed Oops mode: 32-bit

CDS archive(s) not mapped
Compressed class space mapped at: 0x0000000100000000-0x0000000140000000, reserved size: 1073741824
Narrow klass base: 0x0000000000000000, Narrow klass shift: 3, Narrow klass range: 0x140000000

GC Precious Log:
 CardTable entry size: 512
 Card Set container configuration: InlinePtr #cards 5 size 8 Array Of Cards #cards 12 size 40 Howl #buckets 4 coarsen threshold 1843 Howl Bitmap #cards 512 size 80 coarsen threshold 460 Card regions per heap region 1 cards per card region 2048
 CPUs: 8 total, 8 available
 Memory: 7990M
 Large Page Support: Disabled
 NUMA Support: Disabled
 Compressed Oops: Enabled (32-bit)
 Heap Region Size: 1M
 Heap Min Capacity: 8M
 Heap Initial Capacity: 126M
 Heap Max Capacity: 2G
 Pre-touch: Disabled
 Parallel Workers: 8
 Concurrent Workers: 2
 Concurrent Refinement Workers: 8
 Periodic GC: Disabled

Heap:
 garbage-first heap   total 261120K, used 247868K [0x0000000080000000, 0x0000000100000000)
  region size 1024K, 95 young (97280K), 11 survivors (11264K)
 Metaspace       used 116599K, committed 118912K, reserved 1179648K
  class space    used 15595K, committed 16768K, reserved 1048576K

Heap Regions: E=young(eden), S=young(survivor), O=old, HS=humongous(starts), HC=humongous(continues), CS=collection set, F=free, TAMS=top-at-mark-start, PB=parsable bottom
|   0|0x0000000080000000, 0x0000000080100000, 0x0000000080100000|100%|HS|  |TAMS 0x0000000080000000| PB 0x0000000080000000| Complete 
|   1|0x0000000080100000, 0x0000000080200000, 0x0000000080200000|100%|HC|  |TAMS 0x0000000080100000| PB 0x0000000080100000| Complete 
|   2|0x0000000080200000, 0x0000000080300000, 0x0000000080300000|100%|HC|  |TAMS 0x0000000080200000| PB 0x0000000080200000| Complete 
|   3|0x0000000080300000, 0x0000000080400000, 0x0000000080400000|100%| O|  |TAMS 0x0000000080300000| PB 0x0000000080300000| Untracked 
|   4|0x0000000080400000, 0x0000000080500000, 0x0000000080500000|100%| O|  |TAMS 0x0000000080400000| PB 0x0000000080400000| Untracked 
|   5|0x0000000080500000, 0x0000000080600000, 0x0000000080600000|100%| O|  |TAMS 0x0000000080500000| PB 0x0000000080500000| Untracked 
|   6|0x0000000080600000, 0x0000000080700000, 0x0000000080700000|100%|HS|  |TAMS 0x0000000080600000| PB 0x0000000080600000| Complete 
|   7|0x0000000080700000, 0x0000000080800000, 0x0000000080800000|100%| O|  |TAMS 0x0000000080700000| PB 0x0000000080700000| Untracked 
|   8|0x0000000080800000, 0x0000000080900000, 0x0000000080900000|100%| O|  |TAMS 0x0000000080800000| PB 0x0000000080800000| Untracked 
|   9|0x0000000080900000, 0x0000000080a00000, 0x0000000080a00000|100%| O|  |TAMS 0x0000000080900000| PB 0x0000000080900000| Untracked 
|  10|0x0000000080a00000, 0x0000000080b00000, 0x0000000080b00000|100%| O|  |TAMS 0x0000000080a00000| PB 0x0000000080a00000| Untracked 
|  11|0x0000000080b00000, 0x0000000080c00000, 0x0000000080c00000|100%| O|  |TAMS 0x0000000080b00000| PB 0x0000000080b00000| Untracked 
|  12|0x0000000080c00000, 0x0000000080d00000, 0x0000000080d00000|100%| O|  |TAMS 0x0000000080c00000| PB 0x0000000080c00000| Untracked 
|  13|0x0000000080d00000, 0x0000000080e00000, 0x0000000080e00000|100%| O|  |TAMS 0x0000000080d00000| PB 0x0000000080d00000| Untracked 
|  14|0x0000000080e00000, 0x0000000080f00000, 0x0000000080f00000|100%| O|  |TAMS 0x0000000080e00000| PB 0x0000000080e00000| Untracked 
|  15|0x0000000080f00000, 0x0000000081000000, 0x0000000081000000|100%| O|  |TAMS 0x0000000080f00000| PB 0x0000000080f00000| Untracked 
|  16|0x0000000081000000, 0x0000000081100000, 0x0000000081100000|100%| O|  |TAMS 0x0000000081000000| PB 0x0000000081000000| Untracked 
|  17|0x0000000081100000, 0x0000000081200000, 0x0000000081200000|100%| O|  |TAMS 0x0000000081100000| PB 0x0000000081100000| Untracked 
|  18|0x0000000081200000, 0x0000000081300000, 0x0000000081300000|100%| O|  |TAMS 0x0000000081200000| PB 0x0000000081200000| Untracked 
|  19|0x0000000081300000, 0x0000000081400000, 0x0000000081400000|100%| O|  |TAMS 0x0000000081300000| PB 0x0000000081300000| Untracked 
|  20|0x0000000081400000, 0x0000000081500000, 0x0000000081500000|100%| O|  |TAMS 0x0000000081400000| PB 0x0000000081400000| Untracked 
|  21|0x0000000081500000, 0x0000000081600000, 0x0000000081600000|100%| O|  |TAMS 0x0000000081500000| PB 0x0000000081500000| Untracked 
|  22|0x0000000081600000, 0x0000000081700000, 0x0000000081700000|100%|HS|  |TAMS 0x0000000081600000| PB 0x0000000081600000| Complete 
|  23|0x0000000081700000, 0x0000000081800000, 0x0000000081800000|100%|HC|  |TAMS 0x0000000081700000| PB 0x0000000081700000| Complete 
|  24|0x0000000081800000, 0x0000000081900000, 0x0000000081900000|100%|HC|  |TAMS 0x0000000081800000| PB 0x0000000081800000| Complete 
|  25|0x0000000081900000, 0x0000000081a00000, 0x0000000081a00000|100%|HC|  |TAMS 0x0000000081900000| PB 0x0000000081900000| Complete 
|  26|0x0000000081a00000, 0x0000000081b00000, 0x0000000081b00000|100%|HC|  |TAMS 0x0000000081a00000| PB 0x0000000081a00000| Complete 
|  27|0x0000000081b00000, 0x0000000081c00000, 0x0000000081c00000|100%|HC|  |TAMS 0x0000000081b00000| PB 0x0000000081b00000| Complete 
|  28|0x0000000081c00000, 0x0000000081d00000, 0x0000000081d00000|100%|HS|  |TAMS 0x0000000081c00000| PB 0x0000000081c00000| Complete 
|  29|0x0000000081d00000, 0x0000000081e00000, 0x0000000081e00000|100%|HS|  |TAMS 0x0000000081d00000| PB 0x0000000081d00000| Complete 
|  30|0x0000000081e00000, 0x0000000081f00000, 0x0000000081f00000|100%|HC|  |TAMS 0x0000000081e00000| PB 0x0000000081e00000| Complete 
|  31|0x0000000081f00000, 0x0000000082000000, 0x0000000082000000|100%|HC|  |TAMS 0x0000000081f00000| PB 0x0000000081f00000| Complete 
|  32|0x0000000082000000, 0x0000000082100000, 0x0000000082100000|100%|HC|  |TAMS 0x0000000082000000| PB 0x0000000082000000| Complete 
|  33|0x0000000082100000, 0x0000000082200000, 0x0000000082200000|100%|HS|  |TAMS 0x0000000082100000| PB 0x0000000082100000| Complete 
|  34|0x0000000082200000, 0x0000000082300000, 0x0000000082300000|100%|HC|  |TAMS 0x0000000082200000| PB 0x0000000082200000| Complete 
|  35|0x0000000082300000, 0x0000000082400000, 0x0000000082400000|100%|HS|  |TAMS 0x0000000082300000| PB 0x0000000082300000| Complete 
|  36|0x0000000082400000, 0x0000000082500000, 0x0000000082500000|100%|HS|  |TAMS 0x0000000082400000| PB 0x0000000082400000| Complete 
|  37|0x0000000082500000, 0x0000000082600000, 0x0000000082600000|100%|HS|  |TAMS 0x0000000082500000| PB 0x0000000082500000| Complete 
|  38|0x0000000082600000, 0x0000000082700000, 0x0000000082700000|100%| O|  |TAMS 0x0000000082600000| PB 0x0000000082600000| Untracked 
|  39|0x0000000082700000, 0x0000000082800000, 0x0000000082800000|100%| O|  |TAMS 0x0000000082700000| PB 0x0000000082700000| Untracked 
|  40|0x0000000082800000, 0x0000000082900000, 0x0000000082900000|100%| O|  |TAMS 0x0000000082800000| PB 0x0000000082800000| Untracked 
|  41|0x0000000082900000, 0x0000000082a00000, 0x0000000082a00000|100%| O|  |TAMS 0x0000000082900000| PB 0x0000000082900000| Untracked 
|  42|0x0000000082a00000, 0x0000000082b00000, 0x0000000082b00000|100%| O|  |TAMS 0x0000000082a00000| PB 0x0000000082a00000| Untracked 
|  43|0x0000000082b00000, 0x0000000082c00000, 0x0000000082c00000|100%|HS|  |TAMS 0x0000000082b00000| PB 0x0000000082b00000| Complete 
|  44|0x0000000082c00000, 0x0000000082d00000, 0x0000000082d00000|100%|HC|  |TAMS 0x0000000082c00000| PB 0x0000000082c00000| Complete 
|  45|0x0000000082d00000, 0x0000000082e00000, 0x0000000082e00000|100%|HC|  |TAMS 0x0000000082d00000| PB 0x0000000082d00000| Complete 
|  46|0x0000000082e00000, 0x0000000082f00000, 0x0000000082f00000|100%|HC|  |TAMS 0x0000000082e00000| PB 0x0000000082e00000| Complete 
|  47|0x0000000082f00000, 0x0000000083000000, 0x0000000083000000|100%|HC|  |TAMS 0x0000000082f00000| PB 0x0000000082f00000| Complete 
|  48|0x0000000083000000, 0x0000000083100000, 0x0000000083100000|100%|HC|  |TAMS 0x0000000083000000| PB 0x0000000083000000| Complete 
|  49|0x0000000083100000, 0x0000000083200000, 0x0000000083200000|100%|HS|  |TAMS 0x0000000083100000| PB 0x0000000083100000| Complete 
|  50|0x0000000083200000, 0x0000000083300000, 0x0000000083300000|100%|HC|  |TAMS 0x0000000083200000| PB 0x0000000083200000| Complete 
|  51|0x0000000083300000, 0x0000000083400000, 0x0000000083400000|100%|HC|  |TAMS 0x0000000083300000| PB 0x0000000083300000| Complete 
|  52|0x0000000083400000, 0x0000000083500000, 0x0000000083500000|100%|HC|  |TAMS 0x0000000083400000| PB 0x0000000083400000| Complete 
|  53|0x0000000083500000, 0x0000000083600000, 0x0000000083600000|100%|HS|  |TAMS 0x0000000083500000| PB 0x0000000083500000| Complete 
|  54|0x0000000083600000, 0x0000000083700000, 0x0000000083700000|100%|HC|  |TAMS 0x0000000083600000| PB 0x0000000083600000| Complete 
|  55|0x0000000083700000, 0x0000000083800000, 0x0000000083800000|100%| O|  |TAMS 0x0000000083700000| PB 0x0000000083700000| Untracked 
|  56|0x0000000083800000, 0x0000000083900000, 0x0000000083900000|100%| O|  |TAMS 0x0000000083800000| PB 0x0000000083800000| Untracked 
|  57|0x0000000083900000, 0x0000000083a00000, 0x0000000083a00000|100%| O|  |TAMS 0x0000000083900000| PB 0x0000000083900000| Untracked 
|  58|0x0000000083a00000, 0x0000000083b00000, 0x0000000083b00000|100%|HS|  |TAMS 0x0000000083a00000| PB 0x0000000083a00000| Complete 
|  59|0x0000000083b00000, 0x0000000083c00000, 0x0000000083c00000|100%|HC|  |TAMS 0x0000000083b00000| PB 0x0000000083b00000| Complete 
|  60|0x0000000083c00000, 0x0000000083d00000, 0x0000000083d00000|100%| O|  |TAMS 0x0000000083c00000| PB 0x0000000083c00000| Untracked 
|  61|0x0000000083d00000, 0x0000000083e00000, 0x0000000083e00000|100%| O|  |TAMS 0x0000000083d00000| PB 0x0000000083d00000| Untracked 
|  62|0x0000000083e00000, 0x0000000083f00000, 0x0000000083f00000|100%| O|  |TAMS 0x0000000083e00000| PB 0x0000000083e00000| Untracked 
|  63|0x0000000083f00000, 0x0000000084000000, 0x0000000084000000|100%| O|  |TAMS 0x0000000083f00000| PB 0x0000000083f00000| Untracked 
|  64|0x0000000084000000, 0x0000000084100000, 0x0000000084100000|100%|HS|  |TAMS 0x0000000084000000| PB 0x0000000084000000| Complete 
|  65|0x0000000084100000, 0x0000000084200000, 0x0000000084200000|100%|HC|  |TAMS 0x0000000084100000| PB 0x0000000084100000| Complete 
|  66|0x0000000084200000, 0x0000000084300000, 0x0000000084300000|100%|HC|  |TAMS 0x0000000084200000| PB 0x0000000084200000| Complete 
|  67|0x0000000084300000, 0x0000000084400000, 0x0000000084400000|100%|HC|  |TAMS 0x0000000084300000| PB 0x0000000084300000| Complete 
|  68|0x0000000084400000, 0x0000000084500000, 0x0000000084500000|100%|HC|  |TAMS 0x0000000084400000| PB 0x0000000084400000| Complete 
|  69|0x0000000084500000, 0x0000000084600000, 0x0000000084600000|100%|HC|  |TAMS 0x0000000084500000| PB 0x0000000084500000| Complete 
|  70|0x0000000084600000, 0x0000000084700000, 0x0000000084700000|100%|HS|  |TAMS 0x0000000084600000| PB 0x0000000084600000| Complete 
|  71|0x0000000084700000, 0x0000000084800000, 0x0000000084800000|100%|HS|  |TAMS 0x0000000084700000| PB 0x0000000084700000| Complete 
|  72|0x0000000084800000, 0x0000000084900000, 0x0000000084900000|100%|HC|  |TAMS 0x0000000084800000| PB 0x0000000084800000| Complete 
|  73|0x0000000084900000, 0x0000000084a00000, 0x0000000084a00000|100%|HC|  |TAMS 0x0000000084900000| PB 0x0000000084900000| Complete 
|  74|0x0000000084a00000, 0x0000000084b00000, 0x0000000084b00000|100%|HC|  |TAMS 0x0000000084a00000| PB 0x0000000084a00000| Complete 
|  75|0x0000000084b00000, 0x0000000084c00000, 0x0000000084c00000|100%|HC|  |TAMS 0x0000000084b00000| PB 0x0000000084b00000| Complete 
|  76|0x0000000084c00000, 0x0000000084d00000, 0x0000000084d00000|100%|HC|  |TAMS 0x0000000084c00000| PB 0x0000000084c00000| Complete 
|  77|0x0000000084d00000, 0x0000000084e00000, 0x0000000084e00000|100%|HS|  |TAMS 0x0000000084d00000| PB 0x0000000084d00000| Complete 
|  78|0x0000000084e00000, 0x0000000084f00000, 0x0000000084f00000|100%| O|  |TAMS 0x0000000084e00000| PB 0x0000000084e00000| Untracked 
|  79|0x0000000084f00000, 0x0000000085000000, 0x0000000085000000|100%| O|  |TAMS 0x0000000084f00000| PB 0x0000000084f00000| Untracked 
|  80|0x0000000085000000, 0x0000000085100000, 0x0000000085100000|100%| O|  |TAMS 0x0000000085000000| PB 0x0000000085000000| Untracked 
|  81|0x0000000085100000, 0x0000000085200000, 0x0000000085200000|100%| O|  |TAMS 0x0000000085100000| PB 0x0000000085100000| Untracked 
|  82|0x0000000085200000, 0x0000000085300000, 0x0000000085300000|100%| O|  |TAMS 0x0000000085200000| PB 0x0000000085200000| Untracked 
|  83|0x0000000085300000, 0x0000000085400000, 0x0000000085400000|100%| O|  |TAMS 0x0000000085300000| PB 0x0000000085300000| Untracked 
|  84|0x0000000085400000, 0x0000000085500000, 0x0000000085500000|100%| O|  |TAMS 0x0000000085400000| PB 0x0000000085400000| Untracked 
|  85|0x0000000085500000, 0x0000000085600000, 0x0000000085600000|100%| O|  |TAMS 0x0000000085500000| PB 0x0000000085500000| Untracked 
|  86|0x0000000085600000, 0x0000000085700000, 0x0000000085700000|100%| O|  |TAMS 0x0000000085600000| PB 0x0000000085600000| Untracked 
|  87|0x0000000085700000, 0x0000000085800000, 0x0000000085800000|100%| O|  |TAMS 0x0000000085700000| PB 0x0000000085700000| Untracked 
|  88|0x0000000085800000, 0x0000000085900000, 0x0000000085900000|100%| O|  |TAMS 0x0000000085800000| PB 0x0000000085800000| Untracked 
|  89|0x0000000085900000, 0x0000000085a00000, 0x0000000085a00000|100%| O|  |TAMS 0x0000000085900000| PB 0x0000000085900000| Untracked 
|  90|0x0000000085a00000, 0x0000000085b00000, 0x0000000085b00000|100%| O|  |TAMS 0x0000000085a00000| PB 0x0000000085a00000| Untracked 
|  91|0x0000000085b00000, 0x0000000085c00000, 0x0000000085c00000|100%| O|  |TAMS 0x0000000085b00000| PB 0x0000000085b00000| Untracked 
|  92|0x0000000085c00000, 0x0000000085d00000, 0x0000000085d00000|100%| O|  |TAMS 0x0000000085c00000| PB 0x0000000085c00000| Untracked 
|  93|0x0000000085d00000, 0x0000000085e00000, 0x0000000085e00000|100%| O|  |TAMS 0x0000000085d00000| PB 0x0000000085d00000| Untracked 
|  94|0x0000000085e00000, 0x0000000085f00000, 0x0000000085f00000|100%| O|  |TAMS 0x0000000085e00000| PB 0x0000000085e00000| Untracked 
|  95|0x0000000085f00000, 0x0000000086000000, 0x0000000086000000|100%|HS|  |TAMS 0x0000000085f00000| PB 0x0000000085f00000| Complete 
|  96|0x0000000086000000, 0x0000000086100000, 0x0000000086100000|100%|HS|  |TAMS 0x0000000086000000| PB 0x0000000086000000| Complete 
|  97|0x0000000086100000, 0x0000000086200000, 0x0000000086200000|100%|HS|  |TAMS 0x0000000086100000| PB 0x0000000086100000| Complete 
|  98|0x0000000086200000, 0x0000000086300000, 0x0000000086300000|100%|HC|  |TAMS 0x0000000086200000| PB 0x0000000086200000| Complete 
|  99|0x0000000086300000, 0x0000000086400000, 0x0000000086400000|100%|HS|  |TAMS 0x0000000086300000| PB 0x0000000086300000| Complete 
| 100|0x0000000086400000, 0x0000000086500000, 0x0000000086500000|100%|HC|  |TAMS 0x0000000086400000| PB 0x0000000086400000| Complete 
| 101|0x0000000086500000, 0x0000000086600000, 0x0000000086600000|100%|HS|  |TAMS 0x0000000086500000| PB 0x0000000086500000| Complete 
| 102|0x0000000086600000, 0x0000000086700000, 0x0000000086700000|100%|HC|  |TAMS 0x0000000086600000| PB 0x0000000086600000| Complete 
| 103|0x0000000086700000, 0x0000000086800000, 0x0000000086800000|100%|HC|  |TAMS 0x0000000086700000| PB 0x0000000086700000| Complete 
| 104|0x0000000086800000, 0x0000000086900000, 0x0000000086900000|100%|HS|  |TAMS 0x0000000086800000| PB 0x0000000086800000| Complete 
| 105|0x0000000086900000, 0x0000000086a00000, 0x0000000086a00000|100%|HS|  |TAMS 0x0000000086900000| PB 0x0000000086900000| Complete 
| 106|0x0000000086a00000, 0x0000000086b00000, 0x0000000086b00000|100%|HS|  |TAMS 0x0000000086a00000| PB 0x0000000086a00000| Complete 
| 107|0x0000000086b00000, 0x0000000086c00000, 0x0000000086c00000|100%| O|  |TAMS 0x0000000086b00000| PB 0x0000000086b00000| Untracked 
| 108|0x0000000086c00000, 0x0000000086d00000, 0x0000000086d00000|100%| O|  |TAMS 0x0000000086c00000| PB 0x0000000086c00000| Untracked 
| 109|0x0000000086d00000, 0x0000000086e00000, 0x0000000086e00000|100%| O|  |TAMS 0x0000000086d00000| PB 0x0000000086d00000| Untracked 
| 110|0x0000000086e00000, 0x0000000086f00000, 0x0000000086f00000|100%| O|  |TAMS 0x0000000086e00000| PB 0x0000000086e00000| Untracked 
| 111|0x0000000086f00000, 0x0000000087000000, 0x0000000087000000|100%| O|  |TAMS 0x0000000086f00000| PB 0x0000000086f00000| Untracked 
| 112|0x0000000087000000, 0x0000000087100000, 0x0000000087100000|100%|HS|  |TAMS 0x0000000087000000| PB 0x0000000087000000| Complete 
| 113|0x0000000087100000, 0x0000000087200000, 0x0000000087200000|100%| O|CS|TAMS 0x0000000087100000| PB 0x0000000087100000| Complete 
| 114|0x0000000087200000, 0x0000000087300000, 0x0000000087300000|100%| O|CS|TAMS 0x0000000087200000| PB 0x0000000087200000| Complete 
| 115|0x0000000087300000, 0x0000000087400000, 0x0000000087400000|100%| O|CS|TAMS 0x0000000087300000| PB 0x0000000087300000| Complete 
| 116|0x0000000087400000, 0x0000000087500000, 0x0000000087500000|100%| O|  |TAMS 0x0000000087400000| PB 0x0000000087400000| Untracked 
| 117|0x0000000087500000, 0x0000000087600000, 0x0000000087600000|100%| O|  |TAMS 0x0000000087500000| PB 0x0000000087500000| Untracked 
| 118|0x0000000087600000, 0x0000000087700000, 0x0000000087700000|100%| O|  |TAMS 0x0000000087600000| PB 0x0000000087600000| Untracked 
| 119|0x0000000087700000, 0x0000000087800000, 0x0000000087800000|100%| O|  |TAMS 0x0000000087700000| PB 0x0000000087700000| Untracked 
| 120|0x0000000087800000, 0x0000000087900000, 0x0000000087900000|100%| O|  |TAMS 0x0000000087800000| PB 0x0000000087800000| Untracked 
| 121|0x0000000087900000, 0x0000000087a00000, 0x0000000087a00000|100%|HS|  |TAMS 0x0000000087900000| PB 0x0000000087900000| Complete 
| 122|0x0000000087a00000, 0x0000000087b00000, 0x0000000087b00000|100%| O|  |TAMS 0x0000000087a00000| PB 0x0000000087a00000| Untracked 
| 123|0x0000000087b00000, 0x0000000087c00000, 0x0000000087c00000|100%| O|  |TAMS 0x0000000087b00000| PB 0x0000000087b00000| Untracked 
| 124|0x0000000087c00000, 0x0000000087d00000, 0x0000000087d00000|100%| O|  |TAMS 0x0000000087c00000| PB 0x0000000087c00000| Untracked 
| 125|0x0000000087d00000, 0x0000000087e00000, 0x0000000087e00000|100%| O|  |TAMS 0x0000000087d00000| PB 0x0000000087d00000| Untracked 
| 126|0x0000000087e00000, 0x0000000087f00000, 0x0000000087f00000|100%| O|  |TAMS 0x0000000087e00000| PB 0x0000000087e00000| Untracked 
| 127|0x0000000087f00000, 0x0000000088000000, 0x0000000088000000|100%|HS|  |TAMS 0x0000000087f00000| PB 0x0000000087f00000| Complete 
| 128|0x0000000088000000, 0x0000000088100000, 0x0000000088100000|100%|HC|  |TAMS 0x0000000088000000| PB 0x0000000088000000| Complete 
| 129|0x0000000088100000, 0x0000000088200000, 0x0000000088200000|100%|HC|  |TAMS 0x0000000088100000| PB 0x0000000088100000| Complete 
| 130|0x0000000088200000, 0x0000000088300000, 0x0000000088300000|100%| O|  |TAMS 0x0000000088200000| PB 0x0000000088200000| Untracked 
| 131|0x0000000088300000, 0x0000000088400000, 0x0000000088400000|100%| O|  |TAMS 0x0000000088300000| PB 0x0000000088300000| Untracked 
| 132|0x0000000088400000, 0x0000000088500000, 0x0000000088500000|100%| O|  |TAMS 0x0000000088400000| PB 0x0000000088400000| Untracked 
| 133|0x0000000088500000, 0x0000000088600000, 0x0000000088600000|100%| O|  |TAMS 0x0000000088500000| PB 0x0000000088500000| Untracked 
| 134|0x0000000088600000, 0x0000000088700000, 0x0000000088700000|100%|HS|  |TAMS 0x0000000088600000| PB 0x0000000088600000| Complete 
| 135|0x0000000088700000, 0x0000000088800000, 0x0000000088800000|100%| O|  |TAMS 0x0000000088700000| PB 0x0000000088700000| Untracked 
| 136|0x0000000088800000, 0x0000000088900000, 0x0000000088900000|100%| O|  |TAMS 0x0000000088800000| PB 0x0000000088800000| Untracked 
| 137|0x0000000088900000, 0x0000000088a00000, 0x0000000088a00000|100%| O|  |TAMS 0x0000000088900000| PB 0x0000000088900000| Untracked 
| 138|0x0000000088a00000, 0x0000000088b00000, 0x0000000088b00000|100%| O|  |TAMS 0x0000000088a00000| PB 0x0000000088a00000| Untracked 
| 139|0x0000000088b00000, 0x0000000088c00000, 0x0000000088c00000|100%| O|  |TAMS 0x0000000088b00000| PB 0x0000000088b00000| Untracked 
| 140|0x0000000088c00000, 0x0000000088d00000, 0x0000000088d00000|100%| O|  |TAMS 0x0000000088c00000| PB 0x0000000088c00000| Untracked 
| 141|0x0000000088d00000, 0x0000000088e00000, 0x0000000088e00000|100%|HS|  |TAMS 0x0000000088d00000| PB 0x0000000088d00000| Complete 
| 142|0x0000000088e00000, 0x0000000088f00000, 0x0000000088f00000|100%|HS|  |TAMS 0x0000000088e00000| PB 0x0000000088e00000| Complete 
| 143|0x0000000088f00000, 0x0000000089000000, 0x0000000089000000|100%|HS|  |TAMS 0x0000000088f00000| PB 0x0000000088f00000| Complete 
| 144|0x0000000089000000, 0x0000000089100000, 0x0000000089100000|100%|HS|  |TAMS 0x0000000089000000| PB 0x0000000089000000| Complete 
| 145|0x0000000089100000, 0x0000000089200000, 0x0000000089200000|100%|HS|  |TAMS 0x0000000089100000| PB 0x0000000089100000| Complete 
| 146|0x0000000089200000, 0x0000000089300000, 0x0000000089300000|100%|HC|  |TAMS 0x0000000089200000| PB 0x0000000089200000| Complete 
| 147|0x0000000089300000, 0x00000000893add18, 0x0000000089400000| 67%| O|  |TAMS 0x0000000089300000| PB 0x0000000089300000| Untracked 
| 148|0x0000000089400000, 0x0000000089500000, 0x0000000089500000|100%| S|  |TAMS 0x0000000089400000| PB 0x0000000089400000| Complete 
| 149|0x0000000089500000, 0x0000000089600000, 0x0000000089600000|100%| S|  |TAMS 0x0000000089500000| PB 0x0000000089500000| Complete 
| 150|0x0000000089600000, 0x0000000089700000, 0x0000000089700000|100%| S|  |TAMS 0x0000000089600000| PB 0x0000000089600000| Complete 
| 151|0x0000000089700000, 0x00000000897f1c98, 0x0000000089800000| 94%| E|CS|TAMS 0x0000000089700000| PB 0x0000000089700000| Complete 
| 152|0x0000000089800000, 0x0000000089900000, 0x0000000089900000|100%| E|CS|TAMS 0x0000000089800000| PB 0x0000000089800000| Complete 
| 153|0x0000000089900000, 0x0000000089a00000, 0x0000000089a00000|100%| E|CS|TAMS 0x0000000089900000| PB 0x0000000089900000| Complete 
| 154|0x0000000089a00000, 0x0000000089b00000, 0x0000000089b00000|100%| E|CS|TAMS 0x0000000089a00000| PB 0x0000000089a00000| Complete 
| 155|0x0000000089b00000, 0x0000000089c00000, 0x0000000089c00000|100%| E|CS|TAMS 0x0000000089b00000| PB 0x0000000089b00000| Complete 
| 156|0x0000000089c00000, 0x0000000089d00000, 0x0000000089d00000|100%| S|  |TAMS 0x0000000089c00000| PB 0x0000000089c00000| Complete 
| 157|0x0000000089d00000, 0x0000000089e00000, 0x0000000089e00000|100%| S|  |TAMS 0x0000000089d00000| PB 0x0000000089d00000| Complete 
| 158|0x0000000089e00000, 0x0000000089f00000, 0x0000000089f00000|100%| S|  |TAMS 0x0000000089e00000| PB 0x0000000089e00000| Complete 
| 159|0x0000000089f00000, 0x000000008a000000, 0x000000008a000000|100%| S|  |TAMS 0x0000000089f00000| PB 0x0000000089f00000| Complete 
| 160|0x000000008a000000, 0x000000008a100000, 0x000000008a100000|100%| S|  |TAMS 0x000000008a000000| PB 0x000000008a000000| Complete 
| 161|0x000000008a100000, 0x000000008a200000, 0x000000008a200000|100%| S|  |TAMS 0x000000008a100000| PB 0x000000008a100000| Complete 
| 162|0x000000008a200000, 0x000000008a300000, 0x000000008a300000|100%| S|  |TAMS 0x000000008a200000| PB 0x000000008a200000| Complete 
| 163|0x000000008a300000, 0x000000008a400000, 0x000000008a400000|100%| S|  |TAMS 0x000000008a300000| PB 0x000000008a300000| Complete 
| 164|0x000000008a400000, 0x000000008a500000, 0x000000008a500000|100%| E|CS|TAMS 0x000000008a400000| PB 0x000000008a400000| Complete 
| 165|0x000000008a500000, 0x000000008a600000, 0x000000008a600000|100%| E|CS|TAMS 0x000000008a500000| PB 0x000000008a500000| Complete 
| 166|0x000000008a600000, 0x000000008a700000, 0x000000008a700000|100%| E|CS|TAMS 0x000000008a600000| PB 0x000000008a600000| Complete 
| 167|0x000000008a700000, 0x000000008a800000, 0x000000008a800000|100%| E|CS|TAMS 0x000000008a700000| PB 0x000000008a700000| Complete 
| 168|0x000000008a800000, 0x000000008a900000, 0x000000008a900000|100%| E|CS|TAMS 0x000000008a800000| PB 0x000000008a800000| Complete 
| 169|0x000000008a900000, 0x000000008aa00000, 0x000000008aa00000|100%| E|CS|TAMS 0x000000008a900000| PB 0x000000008a900000| Complete 
| 170|0x000000008aa00000, 0x000000008ab00000, 0x000000008ab00000|100%| E|CS|TAMS 0x000000008aa00000| PB 0x000000008aa00000| Complete 
| 171|0x000000008ab00000, 0x000000008ac00000, 0x000000008ac00000|100%| E|CS|TAMS 0x000000008ab00000| PB 0x000000008ab00000| Complete 
| 172|0x000000008ac00000, 0x000000008ad00000, 0x000000008ad00000|100%| E|CS|TAMS 0x000000008ac00000| PB 0x000000008ac00000| Complete 
| 173|0x000000008ad00000, 0x000000008ae00000, 0x000000008ae00000|100%| E|CS|TAMS 0x000000008ad00000| PB 0x000000008ad00000| Complete 
| 174|0x000000008ae00000, 0x000000008af00000, 0x000000008af00000|100%| E|CS|TAMS 0x000000008ae00000| PB 0x000000008ae00000| Complete 
| 175|0x000000008af00000, 0x000000008b000000, 0x000000008b000000|100%| E|CS|TAMS 0x000000008af00000| PB 0x000000008af00000| Complete 
| 176|0x000000008b000000, 0x000000008b100000, 0x000000008b100000|100%| E|CS|TAMS 0x000000008b000000| PB 0x000000008b000000| Complete 
| 177|0x000000008b100000, 0x000000008b200000, 0x000000008b200000|100%| E|CS|TAMS 0x000000008b100000| PB 0x000000008b100000| Complete 
| 178|0x000000008b200000, 0x000000008b300000, 0x000000008b300000|100%| E|CS|TAMS 0x000000008b200000| PB 0x000000008b200000| Complete 
| 179|0x000000008b300000, 0x000000008b400000, 0x000000008b400000|100%| E|CS|TAMS 0x000000008b300000| PB 0x000000008b300000| Complete 
| 180|0x000000008b400000, 0x000000008b500000, 0x000000008b500000|100%| E|CS|TAMS 0x000000008b400000| PB 0x000000008b400000| Complete 
| 181|0x000000008b500000, 0x000000008b600000, 0x000000008b600000|100%| E|CS|TAMS 0x000000008b500000| PB 0x000000008b500000| Complete 
| 182|0x000000008b600000, 0x000000008b700000, 0x000000008b700000|100%| E|CS|TAMS 0x000000008b600000| PB 0x000000008b600000| Complete 
| 183|0x000000008b700000, 0x000000008b800000, 0x000000008b800000|100%| E|CS|TAMS 0x000000008b700000| PB 0x000000008b700000| Complete 
| 184|0x000000008b800000, 0x000000008b900000, 0x000000008b900000|100%| E|CS|TAMS 0x000000008b800000| PB 0x000000008b800000| Complete 
| 185|0x000000008b900000, 0x000000008ba00000, 0x000000008ba00000|100%| E|CS|TAMS 0x000000008b900000| PB 0x000000008b900000| Complete 
| 186|0x000000008ba00000, 0x000000008bb00000, 0x000000008bb00000|100%| E|CS|TAMS 0x000000008ba00000| PB 0x000000008ba00000| Complete 
| 187|0x000000008bb00000, 0x000000008bc00000, 0x000000008bc00000|100%| E|CS|TAMS 0x000000008bb00000| PB 0x000000008bb00000| Complete 
| 188|0x000000008bc00000, 0x000000008bd00000, 0x000000008bd00000|100%| E|CS|TAMS 0x000000008bc00000| PB 0x000000008bc00000| Complete 
| 189|0x000000008bd00000, 0x000000008be00000, 0x000000008be00000|100%| E|CS|TAMS 0x000000008bd00000| PB 0x000000008bd00000| Complete 
| 190|0x000000008be00000, 0x000000008bf00000, 0x000000008bf00000|100%| E|CS|TAMS 0x000000008be00000| PB 0x000000008be00000| Complete 
| 191|0x000000008bf00000, 0x000000008c000000, 0x000000008c000000|100%| E|CS|TAMS 0x000000008bf00000| PB 0x000000008bf00000| Complete 
| 192|0x000000008c000000, 0x000000008c100000, 0x000000008c100000|100%| E|CS|TAMS 0x000000008c000000| PB 0x000000008c000000| Complete 
| 193|0x000000008c100000, 0x000000008c200000, 0x000000008c200000|100%| E|CS|TAMS 0x000000008c100000| PB 0x000000008c100000| Complete 
| 194|0x000000008c200000, 0x000000008c300000, 0x000000008c300000|100%| E|CS|TAMS 0x000000008c200000| PB 0x000000008c200000| Complete 
| 195|0x000000008c300000, 0x000000008c400000, 0x000000008c400000|100%| E|CS|TAMS 0x000000008c300000| PB 0x000000008c300000| Complete 
| 196|0x000000008c400000, 0x000000008c500000, 0x000000008c500000|100%| E|CS|TAMS 0x000000008c400000| PB 0x000000008c400000| Complete 
| 197|0x000000008c500000, 0x000000008c600000, 0x000000008c600000|100%| E|CS|TAMS 0x000000008c500000| PB 0x000000008c500000| Complete 
| 198|0x000000008c600000, 0x000000008c700000, 0x000000008c700000|100%| E|CS|TAMS 0x000000008c600000| PB 0x000000008c600000| Complete 
| 199|0x000000008c700000, 0x000000008c800000, 0x000000008c800000|100%| E|CS|TAMS 0x000000008c700000| PB 0x000000008c700000| Complete 
| 200|0x000000008c800000, 0x000000008c900000, 0x000000008c900000|100%| E|CS|TAMS 0x000000008c800000| PB 0x000000008c800000| Complete 
| 201|0x000000008c900000, 0x000000008ca00000, 0x000000008ca00000|100%| E|CS|TAMS 0x000000008c900000| PB 0x000000008c900000| Complete 
| 202|0x000000008ca00000, 0x000000008cb00000, 0x000000008cb00000|100%| E|CS|TAMS 0x000000008ca00000| PB 0x000000008ca00000| Complete 
| 203|0x000000008cb00000, 0x000000008cc00000, 0x000000008cc00000|100%| E|CS|TAMS 0x000000008cb00000| PB 0x000000008cb00000| Complete 
| 204|0x000000008cc00000, 0x000000008cd00000, 0x000000008cd00000|100%| E|CS|TAMS 0x000000008cc00000| PB 0x000000008cc00000| Complete 
| 205|0x000000008cd00000, 0x000000008ce00000, 0x000000008ce00000|100%| E|CS|TAMS 0x000000008cd00000| PB 0x000000008cd00000| Complete 
| 206|0x000000008ce00000, 0x000000008cf00000, 0x000000008cf00000|100%| E|CS|TAMS 0x000000008ce00000| PB 0x000000008ce00000| Complete 
| 207|0x000000008cf00000, 0x000000008d000000, 0x000000008d000000|100%| E|CS|TAMS 0x000000008cf00000| PB 0x000000008cf00000| Complete 
| 208|0x000000008d000000, 0x000000008d100000, 0x000000008d100000|100%| E|CS|TAMS 0x000000008d000000| PB 0x000000008d000000| Complete 
| 209|0x000000008d100000, 0x000000008d200000, 0x000000008d200000|100%| E|CS|TAMS 0x000000008d100000| PB 0x000000008d100000| Complete 
| 210|0x000000008d200000, 0x000000008d300000, 0x000000008d300000|100%| E|CS|TAMS 0x000000008d200000| PB 0x000000008d200000| Complete 
| 211|0x000000008d300000, 0x000000008d400000, 0x000000008d400000|100%| E|CS|TAMS 0x000000008d300000| PB 0x000000008d300000| Complete 
| 212|0x000000008d400000, 0x000000008d500000, 0x000000008d500000|100%| E|CS|TAMS 0x000000008d400000| PB 0x000000008d400000| Complete 
| 213|0x000000008d500000, 0x000000008d600000, 0x000000008d600000|100%| E|CS|TAMS 0x000000008d500000| PB 0x000000008d500000| Complete 
| 214|0x000000008d600000, 0x000000008d700000, 0x000000008d700000|100%| E|CS|TAMS 0x000000008d600000| PB 0x000000008d600000| Complete 
| 215|0x000000008d700000, 0x000000008d800000, 0x000000008d800000|100%| E|CS|TAMS 0x000000008d700000| PB 0x000000008d700000| Complete 
| 216|0x000000008d800000, 0x000000008d900000, 0x000000008d900000|100%| E|CS|TAMS 0x000000008d800000| PB 0x000000008d800000| Complete 
| 217|0x000000008d900000, 0x000000008da00000, 0x000000008da00000|100%| E|CS|TAMS 0x000000008d900000| PB 0x000000008d900000| Complete 
| 218|0x000000008da00000, 0x000000008db00000, 0x000000008db00000|100%| E|CS|TAMS 0x000000008da00000| PB 0x000000008da00000| Complete 
| 219|0x000000008db00000, 0x000000008dc00000, 0x000000008dc00000|100%| E|CS|TAMS 0x000000008db00000| PB 0x000000008db00000| Complete 
| 220|0x000000008dc00000, 0x000000008dd00000, 0x000000008dd00000|100%| E|CS|TAMS 0x000000008dc00000| PB 0x000000008dc00000| Complete 
| 221|0x000000008dd00000, 0x000000008de00000, 0x000000008de00000|100%| E|CS|TAMS 0x000000008dd00000| PB 0x000000008dd00000| Complete 
| 222|0x000000008de00000, 0x000000008df00000, 0x000000008df00000|100%| E|CS|TAMS 0x000000008de00000| PB 0x000000008de00000| Complete 
| 223|0x000000008df00000, 0x000000008e000000, 0x000000008e000000|100%| E|CS|TAMS 0x000000008df00000| PB 0x000000008df00000| Complete 
| 224|0x000000008e000000, 0x000000008e100000, 0x000000008e100000|100%| E|CS|TAMS 0x000000008e000000| PB 0x000000008e000000| Complete 
| 225|0x000000008e100000, 0x000000008e200000, 0x000000008e200000|100%| E|CS|TAMS 0x000000008e100000| PB 0x000000008e100000| Complete 
| 226|0x000000008e200000, 0x000000008e300000, 0x000000008e300000|100%| E|CS|TAMS 0x000000008e200000| PB 0x000000008e200000| Complete 
| 227|0x000000008e300000, 0x000000008e400000, 0x000000008e400000|100%| E|CS|TAMS 0x000000008e300000| PB 0x000000008e300000| Complete 
| 228|0x000000008e400000, 0x000000008e500000, 0x000000008e500000|100%| E|CS|TAMS 0x000000008e400000| PB 0x000000008e400000| Complete 
| 229|0x000000008e500000, 0x000000008e600000, 0x000000008e600000|100%| E|CS|TAMS 0x000000008e500000| PB 0x000000008e500000| Complete 
| 230|0x000000008e600000, 0x000000008e700000, 0x000000008e700000|100%| E|CS|TAMS 0x000000008e600000| PB 0x000000008e600000| Complete 
| 231|0x000000008e700000, 0x000000008e800000, 0x000000008e800000|100%| E|CS|TAMS 0x000000008e700000| PB 0x000000008e700000| Complete 
| 232|0x000000008e800000, 0x000000008e900000, 0x000000008e900000|100%| E|CS|TAMS 0x000000008e800000| PB 0x000000008e800000| Complete 
| 233|0x000000008e900000, 0x000000008ea00000, 0x000000008ea00000|100%| E|CS|TAMS 0x000000008e900000| PB 0x000000008e900000| Complete 
| 234|0x000000008ea00000, 0x000000008eb00000, 0x000000008eb00000|100%| E|CS|TAMS 0x000000008ea00000| PB 0x000000008ea00000| Complete 
| 235|0x000000008eb00000, 0x000000008ec00000, 0x000000008ec00000|100%| E|CS|TAMS 0x000000008eb00000| PB 0x000000008eb00000| Complete 
| 236|0x000000008ec00000, 0x000000008ed00000, 0x000000008ed00000|100%| E|CS|TAMS 0x000000008ec00000| PB 0x000000008ec00000| Complete 
| 237|0x000000008ed00000, 0x000000008ee00000, 0x000000008ee00000|100%| E|CS|TAMS 0x000000008ed00000| PB 0x000000008ed00000| Complete 
| 238|0x000000008ee00000, 0x000000008ef00000, 0x000000008ef00000|100%| E|CS|TAMS 0x000000008ee00000| PB 0x000000008ee00000| Complete 
| 239|0x000000008ef00000, 0x000000008f000000, 0x000000008f000000|100%| E|CS|TAMS 0x000000008ef00000| PB 0x000000008ef00000| Complete 
| 240|0x000000008f000000, 0x000000008f100000, 0x000000008f100000|100%| E|CS|TAMS 0x000000008f000000| PB 0x000000008f000000| Complete 
| 241|0x000000008f100000, 0x000000008f200000, 0x000000008f200000|100%| E|CS|TAMS 0x000000008f100000| PB 0x000000008f100000| Complete 
| 242|0x000000008f200000, 0x000000008f300000, 0x000000008f300000|100%| E|CS|TAMS 0x000000008f200000| PB 0x000000008f200000| Complete 
| 243|0x000000008f300000, 0x000000008f400000, 0x000000008f400000|100%| E|CS|TAMS 0x000000008f300000| PB 0x000000008f300000| Complete 
|2037|0x00000000ff500000, 0x00000000ff600000, 0x00000000ff600000|100%| O|  |TAMS 0x00000000ff500000| PB 0x00000000ff500000| Untracked 
|2038|0x00000000ff600000, 0x00000000ff700000, 0x00000000ff700000|100%| E|CS|TAMS 0x00000000ff600000| PB 0x00000000ff600000| Complete 
|2039|0x00000000ff700000, 0x00000000ff800000, 0x00000000ff800000|100%| E|CS|TAMS 0x00000000ff700000| PB 0x00000000ff700000| Complete 
|2040|0x00000000ff800000, 0x00000000ff900000, 0x00000000ff900000|100%| O|  |TAMS 0x00000000ff800000| PB 0x00000000ff800000| Untracked 
|2041|0x00000000ff900000, 0x00000000ffa00000, 0x00000000ffa00000|100%| O|  |TAMS 0x00000000ff900000| PB 0x00000000ff900000| Untracked 
|2042|0x00000000ffa00000, 0x00000000ffb00000, 0x00000000ffb00000|100%| O|  |TAMS 0x00000000ffa00000| PB 0x00000000ffa00000| Untracked 
|2043|0x00000000ffb00000, 0x00000000ffc00000, 0x00000000ffc00000|100%| O|  |TAMS 0x00000000ffb00000| PB 0x00000000ffb00000| Untracked 
|2044|0x00000000ffc00000, 0x00000000ffd00000, 0x00000000ffd00000|100%| E|CS|TAMS 0x00000000ffc00000| PB 0x00000000ffc00000| Complete 
|2045|0x00000000ffd00000, 0x00000000ffe00000, 0x00000000ffe00000|100%| O|  |TAMS 0x00000000ffd00000| PB 0x00000000ffd00000| Untracked 
|2046|0x00000000ffe00000, 0x00000000fff00000, 0x00000000fff00000|100%| E|CS|TAMS 0x00000000ffe00000| PB 0x00000000ffe00000| Complete 
|2047|0x00000000fff00000, 0x0000000100000000, 0x0000000100000000|100%| O|  |TAMS 0x00000000fff00000| PB 0x00000000fff00000| Untracked 

Card table byte_map: [0x0000021741c80000,0x0000021742080000] _byte_map_base: 0x0000021741880000

Marking Bits: (CMBitMap*) 0x000002172f444d70
 Bits: [0x0000021742080000, 0x0000021744080000)

Polling page: 0x000002172d280000

Metaspace:

Usage:
  Non-class:     98.64 MB used.
      Class:     15.23 MB used.
       Both:    113.87 MB used.

Virtual space:
  Non-class space:      128.00 MB reserved,      99.75 MB ( 78%) committed,  2 nodes.
      Class space:        1.00 GB reserved,      16.38 MB (  2%) committed,  1 nodes.
             Both:        1.12 GB reserved,     116.12 MB ( 10%) committed. 

Chunk freelists:
   Non-Class:  11.94 MB
       Class:  15.48 MB
        Both:  27.42 MB

MaxMetaspaceSize: unlimited
CompressedClassSpaceSize: 1.00 GB
Initial GC threshold: 21.00 MB
Current GC threshold: 169.00 MB
CDS: off
 - commit_granule_bytes: 65536.
 - commit_granule_words: 8192.
 - virtual_space_node_default_size: 8388608.
 - enlarge_chunks_in_place: 1.
 - use_allocation_guard: 0.


Internal statistics:

num_allocs_failed_limit: 6.
num_arena_births: 4468.
num_arena_deaths: 0.
num_vsnodes_births: 3.
num_vsnodes_deaths: 0.
num_space_committed: 1857.
num_space_uncommitted: 0.
num_chunks_returned_to_freelist: 6.
num_chunks_taken_from_freelist: 9568.
num_chunk_merges: 6.
num_chunk_splits: 6230.
num_chunks_enlarged: 3842.
num_inconsistent_stats: 0.

CodeHeap 'non-profiled nmethods': size=120000Kb used=6728Kb max_used=6728Kb free=113272Kb
 bounds [0x000002173a010000, 0x000002173a6b0000, 0x0000021741540000]
CodeHeap 'profiled nmethods': size=120000Kb used=19486Kb max_used=19486Kb free=100513Kb
 bounds [0x0000021732540000, 0x0000021733850000, 0x0000021739a70000]
CodeHeap 'non-nmethods': size=5760Kb used=2892Kb max_used=2950Kb free=2867Kb
 bounds [0x0000021739a70000, 0x0000021739d70000, 0x000002173a010000]
 total_blobs=11446 nmethods=10441 adapters=909
 compilation: enabled
              stopped_count=0, restarted_count=0
 full_count=0

Compilation events (20 events):
Event: 18.336 Thread 0x000002174b0c1960 11942       3       java.lang.StringLatin1::compareToCI (108 bytes)
Event: 18.338 Thread 0x000002174b0c1960 nmethod 11942 0x0000021733846410 code [0x0000021733846660, 0x0000021733846ee8]
Event: 18.342 Thread 0x000002174e70f9c0 nmethod 11938 0x000002173a69d490 code [0x000002173a69d700, 0x000002173a69e098]
Event: 18.342 Thread 0x000002174e70f9c0 11941       4       com.esotericsoftware.kryo.io.Output::writeUtf8Length (405 bytes)
Event: 18.355 Thread 0x000002174e70f9c0 nmethod 11941 0x000002173a69e790 code [0x000002173a69e960, 0x000002173a69f028]
Event: 18.355 Thread 0x000002174e70f9c0 11939  s    4       sun.nio.fs.WindowsDirectoryStream$WindowsDirectoryIterator::next (48 bytes)
Event: 18.357 Thread 0x000002174e70f9c0 nmethod 11939 0x000002173a69f290 code [0x000002173a69f420, 0x000002173a69f688]
Event: 18.357 Thread 0x000002174e70f9c0 11940       4       sun.nio.fs.WindowsDirectoryStream$WindowsDirectoryIterator::next (5 bytes)
Event: 18.359 Thread 0x000002174e70f9c0 nmethod 11940 0x000002173a69f790 code [0x000002173a69f920, 0x000002173a69fb88]
Event: 18.359 Thread 0x000002174e70f9c0 11943       4       org.gradle.cache.internal.btree.BTreePersistentIndexedCache$IndexBlock::get (38 bytes)
Event: 18.374 Thread 0x000002174e70f9c0 nmethod 11943 0x000002173a69fc90 code [0x000002173a69fee0, 0x000002173a6a0700]
Event: 18.424 Thread 0x000002174b0c1960 11944       3       java.lang.String$CaseInsensitiveComparator::compare (68 bytes)
Event: 18.425 Thread 0x000002174b0c1960 nmethod 11944 0x0000021733847310 code [0x0000021733847520, 0x00000217338479a8]
Event: 18.448 Thread 0x000002174e70f9c0 11945   !   4       org.gradle.internal.concurrent.ExecutorPolicy$CatchAndRecordFailures::onExecute (29 bytes)
Event: 18.450 Thread 0x000002174e70f9c0 nmethod 11945 0x000002173a6a1010 code [0x000002173a6a11c0, 0x000002173a6a1368]
Event: 18.450 Thread 0x000002174e70f9c0 11946       4       com.google.common.util.concurrent.AbstractFuture::get (170 bytes)
Event: 18.453 Thread 0x000002174e70f9c0 nmethod 11946 0x000002173a6a1510 code [0x000002173a6a16c0, 0x000002173a6a1868]
Event: 18.453 Thread 0x000002174e70f9c0 11947       4       com.google.common.util.concurrent.AbstractFuture$TrustedFuture::get (5 bytes)
Event: 18.455 Thread 0x000002174e70f9c0 nmethod 11947 0x000002173a6a1a90 code [0x000002173a6a1c40, 0x000002173a6a1de8]
Event: 18.455 Thread 0x000002174e70f9c0 11948   !   4       com.google.common.cache.LocalCache$LoadingValueReference::loadFuture (123 bytes)

GC Heap History (20 events):
Event: 10.230 GC heap before
{Heap before GC invocations=26 (full 0):
 garbage-first heap   total 174080K, used 157222K [0x0000000080000000, 0x0000000100000000)
  region size 1024K, 54 young (55296K), 4 survivors (4096K)
 Metaspace       used 74074K, committed 75968K, reserved 1114112K
  class space    used 10038K, committed 11008K, reserved 1048576K
}
Event: 10.234 GC heap after
{Heap after GC invocations=27 (full 0):
 garbage-first heap   total 174080K, used 106995K [0x0000000080000000, 0x0000000100000000)
  region size 1024K, 5 young (5120K), 5 survivors (5120K)
 Metaspace       used 74074K, committed 75968K, reserved 1114112K
  class space    used 10038K, committed 11008K, reserved 1048576K
}
Event: 10.421 GC heap before
{Heap before GC invocations=27 (full 0):
 garbage-first heap   total 174080K, used 158195K [0x0000000080000000, 0x0000000100000000)
  region size 1024K, 56 young (57344K), 5 survivors (5120K)
 Metaspace       used 74099K, committed 75968K, reserved 1114112K
  class space    used 10039K, committed 11008K, reserved 1048576K
}
Event: 10.425 GC heap after
{Heap after GC invocations=28 (full 0):
 garbage-first heap   total 174080K, used 108341K [0x0000000080000000, 0x0000000100000000)
  region size 1024K, 5 young (5120K), 5 survivors (5120K)
 Metaspace       used 74099K, committed 75968K, reserved 1114112K
  class space    used 10039K, committed 11008K, reserved 1048576K
}
Event: 10.987 GC heap before
{Heap before GC invocations=29 (full 0):
 garbage-first heap   total 183296K, used 169781K [0x0000000080000000, 0x0000000100000000)
  region size 1024K, 53 young (54272K), 5 survivors (5120K)
 Metaspace       used 74365K, committed 76224K, reserved 1114112K
  class space    used 10076K, committed 11008K, reserved 1048576K
}
Event: 10.992 GC heap after
{Heap after GC invocations=30 (full 0):
 garbage-first heap   total 183296K, used 127307K [0x0000000080000000, 0x0000000100000000)
  region size 1024K, 7 young (7168K), 7 survivors (7168K)
 Metaspace       used 74365K, committed 76224K, reserved 1114112K
  class space    used 10076K, committed 11008K, reserved 1048576K
}
Event: 11.541 GC heap before
{Heap before GC invocations=30 (full 0):
 garbage-first heap   total 183296K, used 165195K [0x0000000080000000, 0x0000000100000000)
  region size 1024K, 44 young (45056K), 7 survivors (7168K)
 Metaspace       used 77315K, committed 79232K, reserved 1179648K
  class space    used 10433K, committed 11392K, reserved 1048576K
}
Event: 11.547 GC heap after
{Heap after GC invocations=31 (full 0):
 garbage-first heap   total 183296K, used 129115K [0x0000000080000000, 0x0000000100000000)
  region size 1024K, 3 young (3072K), 3 survivors (3072K)
 Metaspace       used 77315K, committed 79232K, reserved 1179648K
  class space    used 10433K, committed 11392K, reserved 1048576K
}
Event: 12.045 GC heap before
{Heap before GC invocations=31 (full 0):
 garbage-first heap   total 183296K, used 167003K [0x0000000080000000, 0x0000000100000000)
  region size 1024K, 41 young (41984K), 3 survivors (3072K)
 Metaspace       used 81720K, committed 83584K, reserved 1179648K
  class space    used 10836K, committed 11776K, reserved 1048576K
}
Event: 12.048 GC heap after
{Heap after GC invocations=32 (full 0):
 garbage-first heap   total 183296K, used 130048K [0x0000000080000000, 0x0000000100000000)
  region size 1024K, 3 young (3072K), 3 survivors (3072K)
 Metaspace       used 81720K, committed 83584K, reserved 1179648K
  class space    used 10836K, committed 11776K, reserved 1048576K
}
Event: 12.592 GC heap before
{Heap before GC invocations=33 (full 0):
 garbage-first heap   total 217088K, used 167936K [0x0000000080000000, 0x0000000100000000)
  region size 1024K, 40 young (40960K), 3 survivors (3072K)
 Metaspace       used 85632K, committed 87616K, reserved 1179648K
  class space    used 11418K, committed 12416K, reserved 1048576K
}
Event: 12.597 GC heap after
{Heap after GC invocations=34 (full 0):
 garbage-first heap   total 261120K, used 135321K [0x0000000080000000, 0x0000000100000000)
  region size 1024K, 5 young (5120K), 5 survivors (5120K)
 Metaspace       used 85632K, committed 87616K, reserved 1179648K
  class space    used 11418K, committed 12416K, reserved 1048576K
}
Event: 14.067 GC heap before
{Heap before GC invocations=34 (full 0):
 garbage-first heap   total 261120K, used 247961K [0x0000000080000000, 0x0000000100000000)
  region size 1024K, 108 young (110592K), 5 survivors (5120K)
 Metaspace       used 94135K, committed 96192K, reserved 1179648K
  class space    used 12524K, committed 13568K, reserved 1048576K
}
Event: 14.076 GC heap after
{Heap after GC invocations=35 (full 0):
 garbage-first heap   total 261120K, used 143971K [0x0000000080000000, 0x0000000100000000)
  region size 1024K, 11 young (11264K), 11 survivors (11264K)
 Metaspace       used 94135K, committed 96192K, reserved 1179648K
  class space    used 12524K, committed 13568K, reserved 1048576K
}
Event: 15.187 GC heap before
{Heap before GC invocations=35 (full 0):
 garbage-first heap   total 261120K, used 235107K [0x0000000080000000, 0x0000000100000000)
  region size 1024K, 100 young (102400K), 11 survivors (11264K)
 Metaspace       used 98390K, committed 100544K, reserved 1179648K
  class space    used 13107K, committed 14208K, reserved 1048576K
}
Event: 15.200 GC heap after
{Heap after GC invocations=36 (full 0):
 garbage-first heap   total 261120K, used 149911K [0x0000000080000000, 0x0000000100000000)
  region size 1024K, 13 young (13312K), 13 survivors (13312K)
 Metaspace       used 98390K, committed 100544K, reserved 1179648K
  class space    used 13107K, committed 14208K, reserved 1048576K
}
Event: 15.664 GC heap before
{Heap before GC invocations=36 (full 0):
 garbage-first heap   total 261120K, used 188823K [0x0000000080000000, 0x0000000100000000)
  region size 1024K, 52 young (53248K), 13 survivors (13312K)
 Metaspace       used 101306K, committed 103488K, reserved 1179648K
  class space    used 13499K, committed 14592K, reserved 1048576K
}
Event: 15.672 GC heap after
{Heap after GC invocations=37 (full 0):
 garbage-first heap   total 261120K, used 151628K [0x0000000080000000, 0x0000000100000000)
  region size 1024K, 8 young (8192K), 8 survivors (8192K)
 Metaspace       used 101306K, committed 103488K, reserved 1179648K
  class space    used 13499K, committed 14592K, reserved 1048576K
}
Event: 16.906 GC heap before
{Heap before GC invocations=38 (full 0):
 garbage-first heap   total 261120K, used 238668K [0x0000000080000000, 0x0000000100000000)
  region size 1024K, 92 young (94208K), 8 survivors (8192K)
 Metaspace       used 107572K, committed 109888K, reserved 1179648K
  class space    used 14531K, committed 15680K, reserved 1048576K
}
Event: 16.914 GC heap after
{Heap after GC invocations=39 (full 0):
 garbage-first heap   total 261120K, used 154684K [0x0000000080000000, 0x0000000100000000)
  region size 1024K, 5 young (5120K), 5 survivors (5120K)
 Metaspace       used 107572K, committed 109888K, reserved 1179648K
  class space    used 14531K, committed 15680K, reserved 1048576K
}

Dll operation events (3 events):
Event: 0.018 Loaded shared library C:\Program Files\Android\Android Studio\jbr\bin\java.dll
Event: 0.024 Loaded shared library C:\Program Files\Android\Android Studio\jbr\bin\zip.dll
Event: 0.738 Loaded shared library C:\Program Files\Android\Android Studio\jbr\bin\verify.dll

Deoptimization events (20 events):
Event: 17.773 Thread 0x000002174ce52ee0 Uncommon trap: trap_request=0xffffff45 fr.pc=0x000002173a05917c relative=0x000000000000049c
Event: 17.773 Thread 0x000002174ce52ee0 Uncommon trap: reason=unstable_if action=reinterpret pc=0x000002173a05917c method=java.lang.Integer.stringSize(I)I @ 3 c2
Event: 17.773 Thread 0x000002174ce52ee0 DEOPT PACKING pc=0x000002173a05917c sp=0x000000ffffffafc0
Event: 17.773 Thread 0x000002174ce52ee0 DEOPT UNPACKING pc=0x0000021739ac46a2 sp=0x000000ffffffaf10 mode 2
Event: 17.795 Thread 0x000002174ce52ee0 Uncommon trap: trap_request=0xffffff45 fr.pc=0x000002173a071e68 relative=0x00000000000000c8
Event: 17.795 Thread 0x000002174ce52ee0 Uncommon trap: reason=unstable_if action=reinterpret pc=0x000002173a071e68 method=java.lang.Integer.stringSize(I)I @ 3 c2
Event: 17.795 Thread 0x000002174ce52ee0 DEOPT PACKING pc=0x000002173a071e68 sp=0x000000ffffffaf80
Event: 17.795 Thread 0x000002174ce52ee0 DEOPT UNPACKING pc=0x0000021739ac46a2 sp=0x000000ffffffaf08 mode 2
Event: 17.812 Thread 0x000002174ce52ee0 Uncommon trap: trap_request=0xfffffff4 fr.pc=0x000002173a6802d0 relative=0x0000000000000c90
Event: 17.812 Thread 0x000002174ce52ee0 Uncommon trap: reason=null_check action=make_not_entrant pc=0x000002173a6802d0 method=org.gradle.tooling.internal.provider.runner.ClientBuildEventGenerator$Enabled.accept(Lorg/gradle/internal/operations/BuildOperationDescriptor;)Lorg/gradle/tooling/intern
Event: 17.812 Thread 0x000002174ce52ee0 DEOPT PACKING pc=0x000002173a6802d0 sp=0x000000ffffffa650
Event: 17.812 Thread 0x000002174ce52ee0 DEOPT UNPACKING pc=0x0000021739ac46a2 sp=0x000000ffffffa588 mode 2
Event: 18.336 Thread 0x000002174ce52ee0 Uncommon trap: trap_request=0xffffff45 fr.pc=0x000002173a11142c relative=0x000000000000036c
Event: 18.336 Thread 0x000002174ce52ee0 Uncommon trap: reason=unstable_if action=reinterpret pc=0x000002173a11142c method=java.lang.StringLatin1.compareToCI([B[B)I @ 68 c2
Event: 18.336 Thread 0x000002174ce52ee0 DEOPT PACKING pc=0x000002173a11142c sp=0x000000ffffff5e80
Event: 18.336 Thread 0x000002174ce52ee0 DEOPT UNPACKING pc=0x0000021739ac46a2 sp=0x000000ffffff5d70 mode 2
Event: 18.336 Thread 0x000002174ce52ee0 Uncommon trap: trap_request=0xffffff45 fr.pc=0x000002173a2db03c relative=0x00000000000002fc
Event: 18.336 Thread 0x000002174ce52ee0 Uncommon trap: reason=unstable_if action=reinterpret pc=0x000002173a2db03c method=java.lang.StringLatin1.compareToCI([B[B)I @ 68 c2
Event: 18.336 Thread 0x000002174ce52ee0 DEOPT PACKING pc=0x000002173a2db03c sp=0x000000ffffff5de0
Event: 18.336 Thread 0x000002174ce52ee0 DEOPT UNPACKING pc=0x0000021739ac46a2 sp=0x000000ffffff5d68 mode 2

Classes loaded (20 events):
Event: 17.559 Loading class java/util/TreeMap$NavigableSubMap done
Event: 17.559 Loading class java/util/TreeMap$AscendingSubMap done
Event: 17.560 Loading class java/util/TreeMap$NavigableSubMap$SubMapKeyIterator
Event: 17.560 Loading class java/util/TreeMap$NavigableSubMap$SubMapIterator
Event: 17.560 Loading class java/util/TreeMap$NavigableSubMap$SubMapIterator done
Event: 17.560 Loading class java/util/TreeMap$NavigableSubMap$SubMapKeyIterator done
Event: 17.635 Loading class java/util/stream/ReduceOps$5
Event: 17.635 Loading class java/util/stream/ReduceOps$5 done
Event: 17.635 Loading class java/util/stream/ReduceOps$CountingSink$OfRef
Event: 17.635 Loading class java/util/stream/ReduceOps$CountingSink
Event: 17.636 Loading class java/util/stream/ReduceOps$CountingSink done
Event: 17.636 Loading class java/util/stream/ReduceOps$CountingSink$OfRef done
Event: 17.731 Loading class java/util/TreeMap$KeySpliterator
Event: 17.731 Loading class java/util/TreeMap$TreeMapSpliterator
Event: 17.731 Loading class java/util/TreeMap$TreeMapSpliterator done
Event: 17.731 Loading class java/util/TreeMap$KeySpliterator done
Event: 17.816 Loading class java/io/PushbackInputStream
Event: 17.816 Loading class java/io/PushbackInputStream done
Event: 17.870 Loading class java/util/AbstractList$ListItr
Event: 17.871 Loading class java/util/AbstractList$ListItr done

Classes unloaded (0 events):
No events

Classes redefined (0 events):
No events

Internal exceptions (20 events):
Event: 17.555 Thread 0x000002174bb09710 Implicit null exception at 0x000002173a54e20e to 0x000002173a54e9c0
Event: 17.560 Thread 0x000002174ce52ee0 Exception <a 'java/lang/NoSuchMethodError'{0x000000008c765948}: 'void java.lang.invoke.DirectMethodHandle$Holder.invokeSpecial(java.lang.Object, java.lang.Object, java.lang.Object, java.lang.Object, java.lang.Object, java.lang.Object, java.lang.Object, java.lang.Object, java.lang.Object)'> (0x000000008c765948) 
thrown [s\src\hotspot\share\interpreter\linkResolver.cpp, line 784]
Event: 17.586 Thread 0x000002174cc4d350 Exception <a 'java/lang/NoSuchMethodError'{0x000000008c5084c0}: static Lorg/gradle/tooling/internal/provider/PhasedBuildActionResult;.<clinit>()V> (0x000000008c5084c0) 
thrown [s\src\hotspot\share\prims\jni.cpp, line 1139]
Event: 17.586 Thread 0x000002174cc4d350 Exception <a 'java/lang/NoSuchMethodError'{0x000000008c512400}: static Lorg/gradle/tooling/internal/provider/serialization/SerializedPayload;.<clinit>()V> (0x000000008c512400) 
thrown [s\src\hotspot\share\prims\jni.cpp, line 1139]
Event: 17.587 Thread 0x000002174cc4d350 Exception <a 'java/lang/NoSuchMethodError'{0x000000008c595f20}: static [B.<clinit>()V> (0x000000008c595f20) 
thrown [s\src\hotspot\share\prims\jni.cpp, line 1139]
Event: 17.636 Thread 0x000002174ce52ee0 Implicit null exception at 0x000002173a279500 to 0x000002173a27952c
Event: 17.681 Thread 0x000002174bb09710 Exception <a 'java/lang/NoSuchMethodError'{0x000000008bf37e10}: 'java.lang.Object java.lang.invoke.DirectMethodHandle$Holder.newInvokeSpecial(java.lang.Object, java.lang.Object, int, java.lang.Object, java.lang.Object)'> (0x000000008bf37e10) 
thrown [s\src\hotspot\share\interpreter\linkResolver.cpp, line 784]
Event: 17.722 Thread 0x000002174bb06290 Exception <a 'java/lang/NoSuchMethodError'{0x000000008bb8b788}: 'java.lang.Object java.lang.invoke.DirectMethodHandle$Holder.invokeVirtual(java.lang.Object, java.lang.Object, java.lang.Object, java.lang.Object, java.lang.Object, java.lang.Object, java.lang.Object, java.lang.Object, java.lang.Object, java.lang.Object, java.lang.Object, java.lang.Object, java.lang.Object, java.lang.Object, java.lang.Object, java.lang.Object, java.lang.Object, java.lang.Object, java.lang.Object)'> (0x000000008bb8b788) 
thrown
Event: 17.738 Thread 0x000002174cc4d350 Exception <a 'java/lang/NoSuchMethodError'{0x000000008ba97ec8}: static Lorg/gradle/internal/build/event/types/DefaultTaskStartedProgressEvent;.<clinit>()V> (0x000000008ba97ec8) 
thrown [s\src\hotspot\share\prims\jni.cpp, line 1139]
Event: 17.739 Thread 0x000002174cc4d350 Exception <a 'java/lang/NoSuchMethodError'{0x000000008baa3380}: static Lorg/gradle/internal/build/event/types/DefaultTaskDescriptor;.<clinit>()V> (0x000000008baa3380) 
thrown [s\src\hotspot\share\prims\jni.cpp, line 1139]
Event: 17.744 Thread 0x000002174cc4d350 Exception <a 'java/lang/NoSuchMethodError'{0x000000008bacd808}: static Lorg/gradle/internal/build/event/types/DefaultTaskFinishedProgressEvent;.<clinit>()V> (0x000000008bacd808) 
thrown [s\src\hotspot\share\prims\jni.cpp, line 1139]
Event: 17.745 Thread 0x000002174cc4d350 Exception <a 'java/lang/NoSuchMethodError'{0x000000008bae3e40}: static Lorg/gradle/internal/build/event/types/DefaultTaskSuccessResult;.<clinit>()V> (0x000000008bae3e40) 
thrown [s\src\hotspot\share\prims\jni.cpp, line 1139]
Event: 17.745 Thread 0x000002174cc4d350 Exception <a 'java/lang/NoSuchMethodError'{0x000000008bae5580}: static Lorg/gradle/internal/build/event/types/AbstractTaskResult;.<clinit>()V> (0x000000008bae5580) 
thrown [s\src\hotspot\share\prims\jni.cpp, line 1139]
Event: 17.766 Thread 0x000002174b8c7490 Exception <a 'java/lang/NoSuchMethodError'{0x000000008b8cdaf0}: static Ljava/lang/Object;.<clinit>()V> (0x000000008b8cdaf0) 
thrown [s\src\hotspot\share\prims\jni.cpp, line 1139]
Event: 17.767 Thread 0x000002174b8c7490 Exception <a 'java/lang/NoSuchMethodError'{0x000000008b704f70}: static Lorg/jetbrains/kotlin/gradle/plugin/statistics/MetricContainer;.<clinit>()V> (0x000000008b704f70) 
thrown [s\src\hotspot\share\prims\jni.cpp, line 1139]
Event: 17.773 Thread 0x000002174bb0c500 Implicit null exception at 0x000002173a2d9c07 to 0x000002173a2d9ce0
Event: 17.812 Thread 0x000002174ce52ee0 Implicit null exception at 0x000002173a67fac8 to 0x000002173a6802ac
Event: 17.849 Thread 0x000002174bb0c500 Exception <a 'java/lang/NoSuchMethodError'{0x000000008b115880}: 'void java.lang.invoke.DirectMethodHandle$Holder.invokeStaticInit(java.lang.Object)'> (0x000000008b115880) 
thrown [s\src\hotspot\share\interpreter\linkResolver.cpp, line 784]
Event: 17.850 Thread 0x000002174bb0c500 Exception <a 'java/lang/NoSuchMethodError'{0x000000008b127180}: 'void java.lang.invoke.DirectMethodHandle$Holder.invokeStatic(java.lang.Object, int)'> (0x000000008b127180) 
thrown [s\src\hotspot\share\interpreter\linkResolver.cpp, line 784]
Event: 17.850 Thread 0x000002174bb0c500 Exception <a 'java/lang/NoSuchMethodError'{0x000000008b12a540}: 'void java.lang.invoke.DirectMethodHandle$Holder.invokeStaticInit(java.lang.Object, int)'> (0x000000008b12a540) 
thrown [s\src\hotspot\share\interpreter\linkResolver.cpp, line 784]

ZGC Phase Switch (0 events):
No events

VM Operations (20 events):
Event: 17.735 Executing VM operation: HandshakeAllThreads (Deoptimize) done
Event: 17.737 Executing VM operation: HandshakeAllThreads (Deoptimize)
Event: 17.737 Executing VM operation: HandshakeAllThreads (Deoptimize) done
Event: 17.742 Executing VM operation: HandshakeAllThreads (Deoptimize)
Event: 17.742 Executing VM operation: HandshakeAllThreads (Deoptimize) done
Event: 17.852 Executing VM operation: HandshakeAllThreads (Deoptimize)
Event: 17.852 Executing VM operation: HandshakeAllThreads (Deoptimize) done
Event: 17.873 Executing VM operation: HandshakeAllThreads (Deoptimize)
Event: 17.873 Executing VM operation: HandshakeAllThreads (Deoptimize) done
Event: 17.926 Executing VM operation: ICBufferFull
Event: 17.944 Executing VM operation: ICBufferFull done
Event: 18.182 Executing VM operation: HandshakeAllThreads (Deoptimize)
Event: 18.183 Executing VM operation: HandshakeAllThreads (Deoptimize) done
Event: 18.189 Executing VM operation: HandshakeAllThreads (Deoptimize)
Event: 18.189 Executing VM operation: HandshakeAllThreads (Deoptimize) done
Event: 18.196 Executing VM operation: HandshakeAllThreads (Deoptimize)
Event: 18.197 Executing VM operation: HandshakeAllThreads (Deoptimize) done
Event: 18.250 Executing VM operation: HandshakeAllThreads (Deoptimize)
Event: 18.251 Executing VM operation: HandshakeAllThreads (Deoptimize) done
Event: 18.464 Executing VM operation: G1CollectForAllocation (G1 Evacuation Pause)

Memory protections (0 events):
No events

Nmethod flushes (20 events):
Event: 15.745 Thread 0x0000021746adad20 flushing  nmethod 0x0000021732644490
Event: 15.745 Thread 0x0000021746adad20 flushing  nmethod 0x0000021732649590
Event: 15.745 Thread 0x0000021746adad20 flushing  nmethod 0x00000217326d5710
Event: 15.745 Thread 0x0000021746adad20 flushing  nmethod 0x0000021732823310
Event: 15.745 Thread 0x0000021746adad20 flushing  nmethod 0x0000021732829e10
Event: 15.745 Thread 0x0000021746adad20 flushing  nmethod 0x000002173282ae10
Event: 15.745 Thread 0x0000021746adad20 flushing  nmethod 0x0000021732872410
Event: 15.745 Thread 0x0000021746adad20 flushing  nmethod 0x00000217328e8390
Event: 15.745 Thread 0x0000021746adad20 flushing  nmethod 0x0000021732930110
Event: 15.745 Thread 0x0000021746adad20 flushing  nmethod 0x00000217329fbd10
Event: 15.745 Thread 0x0000021746adad20 flushing  nmethod 0x0000021732bf4990
Event: 15.745 Thread 0x0000021746adad20 flushing  nmethod 0x0000021732bf4f10
Event: 15.745 Thread 0x0000021746adad20 flushing  nmethod 0x0000021732d35990
Event: 15.745 Thread 0x0000021746adad20 flushing  nmethod 0x0000021732dc4210
Event: 15.745 Thread 0x0000021746adad20 flushing  nmethod 0x0000021732dc5c90
Event: 15.745 Thread 0x0000021746adad20 flushing  nmethod 0x0000021732e4a810
Event: 15.745 Thread 0x0000021746adad20 flushing  nmethod 0x0000021732eaa310
Event: 15.745 Thread 0x0000021746adad20 flushing  nmethod 0x0000021732efce90
Event: 15.745 Thread 0x0000021746adad20 flushing  nmethod 0x00000217333d8290
Event: 15.745 Thread 0x0000021746adad20 flushing  nmethod 0x00000217333d8c10

Events (20 events):
Event: 14.402 Thread 0x000002174eba7b00 Thread exited: 0x000002174eba7b00
Event: 14.697 Thread 0x000002174b0c1960 Thread added: 0x0000021750d86f20
Event: 16.529 Thread 0x0000021750d86f20 Thread exited: 0x0000021750d86f20
Event: 16.709 Thread 0x000002174b0c1960 Thread added: 0x000002174e70f9c0
Event: 17.401 Thread 0x000002174e70f9c0 Thread exited: 0x000002174e70f9c0
Event: 17.413 Thread 0x000002174ce52ee0 Thread added: 0x000002174bb07cd0
Event: 17.555 Thread 0x000002174ce52ee0 Thread added: 0x000002174bb09710
Event: 17.576 Thread 0x000002174bb09710 Thread exited: 0x000002174bb09710
Event: 17.675 Thread 0x000002174ce52ee0 Thread added: 0x000002174bb09710
Event: 17.682 Thread 0x000002174bb09710 Thread added: 0x000002174bb06290
Event: 17.682 Thread 0x000002174bb09710 Thread added: 0x000002174bb0a430
Event: 17.682 Thread 0x000002174bb09710 Thread added: 0x000002174bb09da0
Event: 17.683 Thread 0x000002174bb09710 Thread added: 0x000002174bb0b7e0
Event: 17.683 Thread 0x000002174bb09710 Thread added: 0x000002174bb0be70
Event: 17.683 Thread 0x000002174bb09710 Thread added: 0x000002174bb0aac0
Event: 17.683 Thread 0x000002174bb09710 Thread added: 0x000002174bb0b150
Event: 17.704 Thread 0x000002174bb06290 Thread added: 0x000002174bb089f0
Event: 17.722 Thread 0x000002174b0c1960 Thread added: 0x000002174e70f9c0
Event: 17.772 Thread 0x000002174ce52ee0 Thread added: 0x000002174bb0c500
Event: 18.255 Thread 0x000002174ce52ee0 Thread added: 0x000002174bb0d220


Dynamic libraries:
0x00007ff7744f0000 - 0x00007ff7744fa000 	C:\Program Files\Android\Android Studio\jbr\bin\java.exe
0x00007ff9b6880000 - 0x00007ff9b6ae8000 	C:\WINDOWS\SYSTEM32\ntdll.dll
0x00007ff9b6630000 - 0x00007ff9b66f9000 	C:\WINDOWS\System32\KERNEL32.DLL
0x00007ff9b32b0000 - 0x00007ff9b36a1000 	C:\WINDOWS\System32\KERNELBASE.dll
0x00007ff9b3160000 - 0x00007ff9b32ab000 	C:\WINDOWS\System32\ucrtbase.dll
0x00007ff9a2de0000 - 0x00007ff9a2dfb000 	C:\Program Files\Android\Android Studio\jbr\bin\VCRUNTIME140.dll
0x00007ff9a2ff0000 - 0x00007ff9a3008000 	C:\Program Files\Android\Android Studio\jbr\bin\jli.dll
0x00007ff9b4880000 - 0x00007ff9b4a46000 	C:\WINDOWS\System32\USER32.dll
0x00007ff9b3ba0000 - 0x00007ff9b3bc7000 	C:\WINDOWS\System32\win32u.dll
0x00007ff9b6600000 - 0x00007ff9b662b000 	C:\WINDOWS\System32\GDI32.dll
0x00007ff9b3c80000 - 0x00007ff9b3dab000 	C:\WINDOWS\System32\gdi32full.dll
0x00007ff9b39a0000 - 0x00007ff9b3a43000 	C:\WINDOWS\System32\msvcp_win.dll
0x00007ff99c3a0000 - 0x00007ff99c633000 	C:\WINDOWS\WinSxS\amd64_microsoft.windows.common-controls_6595b64144ccf1df_6.0.26100.7824_none_3e0870b2e3345462\COMCTL32.dll
0x00007ff9b56d0000 - 0x00007ff9b5779000 	C:\WINDOWS\System32\msvcrt.dll
0x00007ff9b52e0000 - 0x00007ff9b5311000 	C:\WINDOWS\System32\IMM32.DLL
0x00007ff9a3060000 - 0x00007ff9a306c000 	C:\Program Files\Android\Android Studio\jbr\bin\vcruntime140_1.dll
0x00007ff959fa0000 - 0x00007ff95a02d000 	C:\Program Files\Android\Android Studio\jbr\bin\msvcp140.dll
0x00007ff8ea330000 - 0x00007ff8eafbb000 	C:\Program Files\Android\Android Studio\jbr\bin\server\jvm.dll
0x00007ff9b6710000 - 0x00007ff9b67c4000 	C:\WINDOWS\System32\ADVAPI32.dll
0x00007ff9b62a0000 - 0x00007ff9b6346000 	C:\WINDOWS\System32\sechost.dll
0x00007ff9b5960000 - 0x00007ff9b5a78000 	C:\WINDOWS\System32\RPCRT4.dll
0x00007ff9b4760000 - 0x00007ff9b47d4000 	C:\WINDOWS\System32\WS2_32.dll
0x00007ff9b2fc0000 - 0x00007ff9b301e000 	C:\WINDOWS\SYSTEM32\POWRPROF.dll
0x00007ff996ba0000 - 0x00007ff996bd5000 	C:\WINDOWS\SYSTEM32\WINMM.dll
0x00007ff9a4bd0000 - 0x00007ff9a4bdb000 	C:\WINDOWS\SYSTEM32\VERSION.dll
0x00007ff9b2fa0000 - 0x00007ff9b2fb4000 	C:\WINDOWS\SYSTEM32\UMPDC.dll
0x00007ff9b1f00000 - 0x00007ff9b1f1b000 	C:\WINDOWS\SYSTEM32\kernel.appcore.dll
0x00007ff9a3030000 - 0x00007ff9a303a000 	C:\Program Files\Android\Android Studio\jbr\bin\jimage.dll
0x00007ff9ae070000 - 0x00007ff9ae2b2000 	C:\WINDOWS\SYSTEM32\DBGHELP.DLL
0x00007ff9b5a80000 - 0x00007ff9b5e06000 	C:\WINDOWS\System32\combase.dll
0x00007ff9b5780000 - 0x00007ff9b5857000 	C:\WINDOWS\System32\OLEAUT32.dll
0x00007ff99d310000 - 0x00007ff99d34b000 	C:\WINDOWS\SYSTEM32\dbgcore.DLL
0x00007ff9b3bd0000 - 0x00007ff9b3c75000 	C:\WINDOWS\System32\bcryptPrimitives.dll
0x00007ff9ab110000 - 0x00007ff9ab11e000 	C:\Program Files\Android\Android Studio\jbr\bin\instrument.dll
0x00007ff9a2d80000 - 0x00007ff9a2da0000 	C:\Program Files\Android\Android Studio\jbr\bin\java.dll
0x00007ff975800000 - 0x00007ff975818000 	C:\Program Files\Android\Android Studio\jbr\bin\zip.dll
0x00007ff9b4a50000 - 0x00007ff9b51a2000 	C:\WINDOWS\System32\SHELL32.dll
0x00007ff9b3830000 - 0x00007ff9b399a000 	C:\WINDOWS\System32\wintypes.dll
0x00007ff9b3db0000 - 0x00007ff9b4613000 	C:\WINDOWS\System32\windows.storage.dll
0x00007ff9b6500000 - 0x00007ff9b65f6000 	C:\WINDOWS\System32\SHCORE.dll
0x00007ff9b51b0000 - 0x00007ff9b5217000 	C:\WINDOWS\System32\shlwapi.dll
0x00007ff9b3080000 - 0x00007ff9b30a9000 	C:\WINDOWS\SYSTEM32\profapi.dll
0x00007ff9a2800000 - 0x00007ff9a2810000 	C:\Program Files\Android\Android Studio\jbr\bin\net.dll
0x00007ff9a4990000 - 0x00007ff9a4ab7000 	C:\WINDOWS\SYSTEM32\WINHTTP.dll
0x00007ff9b2470000 - 0x00007ff9b24db000 	C:\WINDOWS\system32\mswsock.dll
0x00007ff9669d0000 - 0x00007ff9669e6000 	C:\Program Files\Android\Android Studio\jbr\bin\nio.dll
0x00007ff977d90000 - 0x00007ff977da0000 	C:\Program Files\Android\Android Studio\jbr\bin\verify.dll
0x00007ff9a5110000 - 0x00007ff9a5137000 	C:\Users\Asus\Downloads\gradle\gradle-9.0.0\native\1def1411415f61bf3af743bc5b6707747c0891f09f0c88961ee8f79bc544acac\windows-amd64\native-platform.dll
0x00007ff959500000 - 0x00007ff959578000 	C:\Users\Asus\Downloads\gradle\gradle-9.0.0\native\0.2.7\x86_64-windows-gnu\gradle-fileevents.dll
0x00007ff9a0740000 - 0x00007ff9a0749000 	C:\Program Files\Android\Android Studio\jbr\bin\management.dll
0x00007ff991480000 - 0x00007ff99148b000 	C:\Program Files\Android\Android Studio\jbr\bin\management_ext.dll
0x00007ff9b4860000 - 0x00007ff9b4868000 	C:\WINDOWS\System32\PSAPI.DLL
0x00007ff9b1990000 - 0x00007ff9b19c4000 	C:\WINDOWS\SYSTEM32\IPHLPAPI.DLL
0x00007ff9b6350000 - 0x00007ff9b635a000 	C:\WINDOWS\System32\NSI.dll
0x00007ff9a09a0000 - 0x00007ff9a09a9000 	C:\Program Files\Android\Android Studio\jbr\bin\extnet.dll
0x00007ff9b2740000 - 0x00007ff9b275b000 	C:\WINDOWS\SYSTEM32\CRYPTSP.dll
0x00007ff9b1e60000 - 0x00007ff9b1e99000 	C:\WINDOWS\system32\rsaenh.dll
0x00007ff9b2520000 - 0x00007ff9b254b000 	C:\WINDOWS\SYSTEM32\USERENV.dll
0x00007ff9b3050000 - 0x00007ff9b307a000 	C:\WINDOWS\SYSTEM32\bcrypt.dll
0x00007ff9b2760000 - 0x00007ff9b276c000 	C:\WINDOWS\SYSTEM32\CRYPTBASE.dll
0x00007ff981bf0000 - 0x00007ff981bf8000 	C:\WINDOWS\system32\wshunix.dll

dbghelp: loaded successfully - version: 4.0.5 - missing functions: none
symbol engine: initialized successfully - sym options: 0x614 - pdb path: .;C:\Program Files\Android\Android Studio\jbr\bin;C:\WINDOWS\SYSTEM32;C:\WINDOWS\WinSxS\amd64_microsoft.windows.common-controls_6595b64144ccf1df_6.0.26100.7824_none_3e0870b2e3345462;C:\Program Files\Android\Android Studio\jbr\bin\server;C:\Users\Asus\Downloads\gradle\gradle-9.0.0\native\1def1411415f61bf3af743bc5b6707747c0891f09f0c88961ee8f79bc544acac\windows-amd64;C:\Users\Asus\Downloads\gradle\gradle-9.0.0\native\0.2.7\x86_64-windows-gnu

VM Arguments:
jvm_args: --add-opens=java.base/java.lang=ALL-UNNAMED --add-opens=java.base/java.lang.invoke=ALL-UNNAMED --add-opens=java.base/java.util=ALL-UNNAMED --add-opens=java.prefs/java.util.prefs=ALL-UNNAMED --add-exports=jdk.compiler/com.sun.tools.javac.api=ALL-UNNAMED --add-exports=jdk.compiler/com.sun.tools.javac.util=ALL-UNNAMED --add-opens=java.base/java.util=ALL-UNNAMED --add-opens=java.prefs/java.util.prefs=ALL-UNNAMED --add-opens=java.base/java.nio.charset=ALL-UNNAMED --add-opens=java.base/java.net=ALL-UNNAMED --add-opens=java.base/java.util.concurrent.atomic=ALL-UNNAMED --add-opens=java.xml/javax.xml.namespace=ALL-UNNAMED -Xmx2048m -Dfile.encoding=UTF-8 -Duser.country=US -Duser.language=en -Duser.variant -javaagent:C:\Users\Asus\Downloads\gradle\gradle-9.0.0\wrapper\dists\gradle-8.13-bin\5xuhj0ry160q40clulazy9h7d\gradle-8.13\lib\agents\gradle-instrumentation-agent-8.13.jar 
java_command: org.gradle.launcher.daemon.bootstrap.GradleDaemon 8.13
java_class_path (initial): C:\Users\Asus\Downloads\gradle\gradle-9.0.0\wrapper\dists\gradle-8.13-bin\5xuhj0ry160q40clulazy9h7d\gradle-8.13\lib\gradle-daemon-main-8.13.jar
Launcher Type: SUN_STANDARD

[Global flags]
     intx CICompilerCount                          = 4                                         {product} {ergonomic}
     uint ConcGCThreads                            = 2                                         {product} {ergonomic}
     uint G1ConcRefinementThreads                  = 8                                         {product} {ergonomic}
   size_t G1HeapRegionSize                         = 1048576                                   {product} {ergonomic}
    uintx GCDrainStackTargetSize                   = 64                                        {product} {ergonomic}
   size_t InitialHeapSize                          = 132120576                                 {product} {ergonomic}
   size_t MarkStackSize                            = 4194304                                   {product} {ergonomic}
   size_t MaxHeapSize                              = 2147483648                                {product} {command line}
   size_t MaxNewSize                               = 1287651328                                {product} {ergonomic}
   size_t MinHeapDeltaBytes                        = 1048576                                   {product} {ergonomic}
   size_t MinHeapSize                              = 8388608                                   {product} {ergonomic}
    uintx NonNMethodCodeHeapSize                   = 5839372                                {pd product} {ergonomic}
    uintx NonProfiledCodeHeapSize                  = 122909434                              {pd product} {ergonomic}
    uintx ProfiledCodeHeapSize                     = 122909434                              {pd product} {ergonomic}
    uintx ReservedCodeCacheSize                    = 251658240                              {pd product} {ergonomic}
     bool SegmentedCodeCache                       = true                                      {product} {ergonomic}
   size_t SoftMaxHeapSize                          = 2147483648                             {manageable} {ergonomic}
     bool UseCompressedOops                        = true                           {product lp64_product} {ergonomic}
     bool UseG1GC                                  = true                                      {product} {ergonomic}
     bool UseLargePagesIndividualAllocation        = false                                  {pd product} {ergonomic}

Logging:
Log output configuration:
 #0: stdout all=warning uptime,level,tags foldmultilines=false
 #1: stderr all=off uptime,level,tags foldmultilines=false

Environment Variables:
PATH=C:\Program Files\Common Files\Oracle\Java\javapath;C:\Python312\Scripts\;C:\Python312\;C:\Windows\system32;C:\Windows;C:\Windows\System32\Wbem;C:\Windows\System32\WindowsPowerShell\v1.0\;C:\Windows\System32\OpenSSH\;C:\Program Files (x86)\NVIDIA Corporation\PhysX\Common;C:\WINDOWS\system32;C:\WINDOWS;C:\WINDOWS\System32\Wbem;C:\WINDOWS\System32\WindowsPowerShell\v1.0\;C:\WINDOWS\System32\OpenSSH\;C:\php-8.3.9;C:\Program Files\nodejs\;C:\laragon\bin\nodejs\node-v20.15.1-win-x64;C:\ProgramData\chocolatey\bin;C:\composer;C:\Program Files\Git\cmd;C:\Program Files\Java\jdk-22\bin;C:\Program Files\Dart\dart-sdk\bin;C:\src\flutter\bin;C:\Dart\dart-sdk\bin;C:\gradle-9.0.0\bin;C:\Users\Asus\AppData\Local\Microsoft\WindowsApps;C:\Users\Asus\AppData\Local\Programs\Microsoft VS Code\bin;C:\Users\Asus\AppData\Roaming\npm;C:\Users\Asus\AppData\Roaming\Composer\vendor\bin;C:\src\flutter\bin;C:\Dart\dart-sdk\bin;
USERNAME=Asus
OS=Windows_NT
PROCESSOR_IDENTIFIER=Intel64 Family 6 Model 142 Stepping 12, GenuineIntel
TMP=C:\Users\Asus\AppData\Local\Temp
TEMP=C:\Users\Asus\AppData\Local\Temp




Periodic native trim disabled

JNI global refs:
JNI global refs: 29, weak refs: 1

JNI global refs memory usage: 835, weak refs: 833

Process memory usage:
Resident Set Size: 547624K (6% of 8182576K total physical memory with 593620K free physical memory)

OOME stack traces (most recent first):
Classloader memory used:
Loader org.gradle.internal.classloader.VisitableURLClassLoader                         : 42447K
Loader org.gradle.internal.classloader.VisitableURLClassLoader$InstrumentingVisitableURLClassLoader: 30328K
Loader bootstrap                                                                       : 28019K
Loader org.gradle.initialization.MixInLegacyTypesClassLoader                           : 12490K
Loader org.gradle.internal.classloader.VisitableURLClassLoader                         : 1958K
Loader jdk.internal.loader.ClassLoaders$PlatformClassLoader                            : 512K
Loader jdk.internal.reflect.DelegatingClassLoader                                      : 471K
Loader jdk.internal.loader.ClassLoaders$AppClassLoader                                 : 235K
Loader org.gradle.groovy.scripts.internal.DefaultScriptCompilationHandler$ScriptClassLoader: 88408B
Loader org.codehaus.groovy.runtime.callsite.CallSiteClassLoader                        : 49608B

Classes loaded by more than one classloader:
Class Program                                                                         : loaded 5 times (x 68B)
Class org.gradle.internal.Cast                                                        : loaded 3 times (x 67B)
Class org.gradle.api.Action                                                           : loaded 3 times (x 66B)
Class Build_gradle$1                                                                  : loaded 3 times (x 70B)
Class org.gradle.internal.IoActions                                                   : loaded 3 times (x 67B)
Class org.gradle.api.UncheckedIOException                                             : loaded 3 times (x 78B)
Class org.gradle.api.GradleException                                                  : loaded 3 times (x 78B)
Class Build_gradle                                                                    : loaded 3 times (x 126B)
Class kotlin.collections.CollectionsKt__ReversedViewsKt                               : loaded 2 times (x 67B)
Class org.gradle.internal.classloader.ClassLoaderHierarchy                            : loaded 2 times (x 66B)
Class com.google.common.collect.ImmutableEnumSet                                      : loaded 2 times (x 142B)
Class com.google.common.util.concurrent.ExecutionError                                : loaded 2 times (x 78B)
Class com.google.common.collect.ImmutableList$1                                       : loaded 2 times (x 93B)
Class org.jetbrains.plugins.gradle.tooling.util.IntObjectMap$ObjectFactory            : loaded 2 times (x 66B)
Class org.gradle.tooling.model.build.GradleEnvironment                                : loaded 2 times (x 66B)
Class org.gradle.api.internal.classpath.ManifestUtil                                  : loaded 2 times (x 67B)
Class com.google.common.collect.RegularImmutableMap                                   : loaded 2 times (x 117B)
Class com.google.common.collect.ImmutableMap$MapViewOfValuesAsSingletonSets           : loaded 2 times (x 122B)
Class org.jetbrains.plugins.gradle.model.GradleExtensions                             : loaded 2 times (x 66B)
Class org.jetbrains.plugins.gradle.model.AnnotationProcessingModel                    : loaded 2 times (x 66B)
Class org.gradle.tooling.internal.adapter.TargetTypeProvider                          : loaded 2 times (x 66B)
Class [Lorg.objectweb.asm.Symbol;                                                     : loaded 2 times (x 65B)
Class org.objectweb.asm.ClassVisitor                                                  : loaded 2 times (x 84B)
Class com.google.common.collect.UnmodifiableListIterator                              : loaded 2 times (x 91B)
Class org.gradle.internal.operations.MultipleBuildOperationFailures                   : loaded 2 times (x 91B)
Class com.google.common.base.Platform$JdkPatternCompiler                              : loaded 2 times (x 71B)
Class org.objectweb.asm.MethodTooLargeException                                       : loaded 2 times (x 79B)
Class [Lcom.google.common.cache.CacheBuilder$OneWeigher;                              : loaded 2 times (x 65B)
Class com.google.common.base.Suppliers                                                : loaded 2 times (x 67B)
Class com.intellij.util.containers.IntObjectHashMap$ArrayProducer                     : loaded 2 times (x 66B)
Class org.gradle.internal.classloader.DefaultClassLoaderFactory                       : loaded 2 times (x 78B)
Class kotlin.collections.AbstractList$Companion                                       : loaded 2 times (x 67B)
Class org.gradle.internal.classloader.ClassLoaderVisitor                              : loaded 2 times (x 72B)
Class [Lcom.google.common.collect.ImmutableMapEntry;                                  : loaded 2 times (x 65B)
Class org.jetbrains.plugins.gradle.tooling.serialization.internal.IdeaProjectSerializationService: loaded 2 times (x 73B)
Class org.gradle.api.internal.classpath.EffectiveClassPath                            : loaded 2 times (x 86B)
Class com.google.common.collect.ImmutableRangeSet                                     : loaded 2 times (x 111B)
Class com.google.common.collect.ListMultimap                                          : loaded 2 times (x 66B)
Class com.google.common.collect.ImmutableEnumMap                                      : loaded 2 times (x 122B)
Class org.gradle.tooling.internal.gradle.DefaultProjectIdentifier                     : loaded 2 times (x 82B)
Class com.google.common.collect.Sets$1                                                : loaded 2 times (x 135B)
Class org.objectweb.asm.AnnotationVisitor                                             : loaded 2 times (x 74B)
Class com.intellij.gradle.toolingExtension.impl.model.buildScriptClasspathModel.GradleBuildScriptClasspathSerializationService$ReadContext: loaded 2 times (x 68B)
Class org.gradle.internal.impldep.gnu.trove.TObjectIntHashMap                         : loaded 2 times (x 105B)
Class org.gradle.api.internal.DefaultClassPathProvider                                : loaded 2 times (x 72B)
Class com.google.common.collect.Sets$2                                                : loaded 2 times (x 135B)
Class [Lorg.gradle.api.internal.ClassPathProvider;                                    : loaded 2 times (x 65B)
Class org.gradle.api.internal.ClassPathProvider                                       : loaded 2 times (x 66B)
Class [Lorg.objectweb.asm.AnnotationVisitor;                                          : loaded 2 times (x 65B)
Class com.google.common.collect.Sets$3                                                : loaded 2 times (x 135B)
Class com.google.common.util.concurrent.AbstractFuture$SafeAtomicHelper               : loaded 2 times (x 75B)
Class com.google.common.cache.LocalCache$LocalLoadingCache                            : loaded 2 times (x 130B)
Class org.gradle.internal.impldep.gnu.trove.TObjectHash$NULL                          : loaded 2 times (x 67B)
Class org.gradle.internal.service.UnknownServiceException                             : loaded 2 times (x 79B)
Class com.google.common.collect.Sets$4                                                : loaded 2 times (x 135B)
Class org.objectweb.asm.ModuleVisitor                                                 : loaded 2 times (x 77B)
Class com.google.common.cache.LocalCache$Strength$1                                   : loaded 2 times (x 77B)
Class org.jetbrains.kotlin.idea.gradleTooling.KotlinDslScriptAdditionalTask           : loaded 2 times (x 66B)
Class org.jetbrains.plugins.gradle.model.ClasspathEntryModel                          : loaded 2 times (x 66B)
Class com.google.common.util.concurrent.SettableFuture                                : loaded 2 times (x 110B)
Class com.google.common.cache.LocalCache$Strength$2                                   : loaded 2 times (x 77B)
Class org.jetbrains.plugins.gradle.tooling.serialization.GradleExtensionsSerializationService: loaded 2 times (x 73B)
Class org.gradle.tooling.model.Dependency                                             : loaded 2 times (x 66B)
Class com.google.common.cache.LocalCache$Strength$3                                   : loaded 2 times (x 77B)
Class com.google.common.collect.MapDifference                                         : loaded 2 times (x 66B)
Class com.intellij.openapi.externalSystem.model.project.dependencies.ResolutionState  : loaded 2 times (x 75B)
Class kotlin.collections.CollectionsKt__CollectionsKt                                 : loaded 2 times (x 67B)
Class org.objectweb.asm.FieldWriter                                                   : loaded 2 times (x 74B)
Class com.google.common.cache.CacheBuilder$NullListener                               : loaded 2 times (x 78B)
Class org.gradle.internal.classpath.TransformedClassPath                              : loaded 2 times (x 92B)
Class org.gradle.internal.classloader.InstrumentingClassLoader                        : loaded 2 times (x 66B)
Class com.google.common.collect.ImmutableRangeSet$AsSet                               : loaded 2 times (x 296B)
Class com.google.common.cache.CacheLoader$FunctionToCacheLoader                       : loaded 2 times (x 71B)
Class com.google.common.collect.Iterators$ArrayItr                                    : loaded 2 times (x 93B)
Class com.google.common.collect.ImmutableCollection$Builder                           : loaded 2 times (x 72B)
Class kotlin.enums.EnumEntriesList                                                    : loaded 2 times (x 219B)
Class com.google.common.base.Joiner                                                   : loaded 2 times (x 75B)
Class com.google.common.base.MoreObjects                                              : loaded 2 times (x 67B)
Class kotlin.collections.CollectionsKt__IteratorsJVMKt                                : loaded 2 times (x 67B)
Class com.google.common.collect.Platform                                              : loaded 2 times (x 67B)
Class [Lorg.objectweb.asm.Type;                                                       : loaded 2 times (x 65B)
Class com.google.common.collect.UnmodifiableIterator                                  : loaded 2 times (x 76B)
Class org.jetbrains.kotlin.idea.gradleTooling.KotlinSourceSetContainer                : loaded 2 times (x 66B)
Class org.jetbrains.plugins.gradle.model.IntelliJSettings                             : loaded 2 times (x 66B)
Class org.gradle.internal.service.ServiceLocator                                      : loaded 2 times (x 66B)
Class com.google.common.base.Ascii                                                    : loaded 2 times (x 67B)
Class com.google.common.collect.SingletonImmutableBiMap                               : loaded 2 times (x 139B)
Class com.google.common.cache.LocalCache$1                                            : loaded 2 times (x 85B)
Class com.google.common.collect.AbstractMapEntry                                      : loaded 2 times (x 77B)
Class com.intellij.gradle.toolingExtension.util.GradleVersionUtil                     : loaded 2 times (x 67B)
Class org.gradle.tooling.model.UnsupportedMethodException                             : loaded 2 times (x 78B)
Class com.google.common.collect.Sets$ImprovedAbstractSet                              : loaded 2 times (x 131B)
Class com.google.common.collect.ImmutableList$Builder                                 : loaded 2 times (x 73B)
Class com.google.common.collect.AbstractMultimap                                      : loaded 2 times (x 119B)
Class com.google.common.cache.LocalCache$2                                            : loaded 2 times (x 138B)
Class kotlin.collections.CollectionsKt__MutableCollectionsKt                          : loaded 2 times (x 67B)
Class com.google.common.collect.ImmutableRangeSet$1                                   : loaded 2 times (x 206B)
Class com.google.common.util.concurrent.AbstractFuture$UnsafeAtomicHelper$1           : loaded 2 times (x 72B)
Class com.google.common.collect.RegularImmutableAsList                                : loaded 2 times (x 213B)
Class org.jetbrains.plugins.gradle.tooling.serialization.AnnotationProcessingModelSerializationService$WriteContext: loaded 2 times (x 68B)
Class org.gradle.internal.impldep.gnu.trove.THash                                     : loaded 2 times (x 77B)
Class com.google.common.collect.Range                                                 : loaded 2 times (x 83B)
Class com.google.common.util.concurrent.AbstractFuture$Trusted                        : loaded 2 times (x 66B)
Class com.google.common.collect.Iterators                                             : loaded 2 times (x 67B)
Class org.jetbrains.plugins.gradle.tooling.serialization.ProjectDependenciesSerializationService$WriteContext: loaded 2 times (x 68B)
Class org.jetbrains.plugins.gradle.tooling.serialization.ProjectDependenciesSerializationService: loaded 2 times (x 73B)
Class com.intellij.compose.ide.plugin.gradleTooling.rt.ComposeResourcesModel          : loaded 2 times (x 66B)
Class org.gradle.tooling.internal.adapter.CollectionMapper                            : loaded 2 times (x 69B)
Class com.google.common.collect.Lists$StringAsImmutableList                           : loaded 2 times (x 203B)
Class com.google.common.util.concurrent.UncheckedExecutionException                   : loaded 2 times (x 78B)
Class org.gradle.kotlin.dsl.VersionCatalogAccessorsKt                                 : loaded 2 times (x 67B)
Class org.gradle.internal.impldep.gnu.trove.Equality                                  : loaded 2 times (x 66B)
Class com.intellij.gradle.toolingExtension.impl.model.buildScriptClasspathModel.GradleBuildScriptClasspathSerializationService$WriteContext: loaded 2 times (x 68B)
Class org.gradle.tooling.internal.adapter.ProtocolToModelAdapter                      : loaded 2 times (x 76B)
Class org.gradle.internal.InternalTransformer                                         : loaded 2 times (x 66B)
Class com.google.common.collect.AbstractMapBasedMultimap$KeySet$1                     : loaded 2 times (x 78B)
Class org.objectweb.asm.ClassWriter                                                   : loaded 2 times (x 102B)
Class com.google.common.base.CharMatcher$And                                          : loaded 2 times (x 108B)
Class com.google.common.cache.CacheLoader$UnsupportedLoadingOperationException        : loaded 2 times (x 78B)
Class org.gradle.internal.impldep.gnu.trove.TObjectCanonicalHashingStrategy           : loaded 2 times (x 76B)
Class org.gradle.internal.time.DefaultTimer                                           : loaded 2 times (x 76B)
Class org.gradle.internal.classloader.ClasspathUtil$1                                 : loaded 2 times (x 72B)
Class com.google.common.base.Objects                                                  : loaded 2 times (x 67B)
Class org.objectweb.asm.FieldVisitor                                                  : loaded 2 times (x 73B)
Class com.google.common.collect.IndexedImmutableSet                                   : loaded 2 times (x 148B)
Class com.google.common.collect.ImmutableMap$1                                        : loaded 2 times (x 77B)
Class com.google.common.collect.BiMap                                                 : loaded 2 times (x 66B)
Class org.gradle.api.internal.classpath.DefaultModuleRegistry$DefaultModule           : loaded 2 times (x 82B)
Class com.google.common.primitives.Ints                                               : loaded 2 times (x 67B)
Class com.google.common.collect.AbstractIterator                                      : loaded 2 times (x 78B)
Class com.google.common.collect.ObjectArrays                                          : loaded 2 times (x 67B)
Class com.google.common.collect.Multiset                                              : loaded 2 times (x 66B)
Class com.google.common.collect.ArrayListMultimapGwtSerializationDependencies         : loaded 2 times (x 168B)
Class com.google.common.collect.AbstractIndexedListIterator                           : loaded 2 times (x 92B)
Class com.google.common.math.MathPreconditions                                        : loaded 2 times (x 67B)
Class org.jetbrains.plugins.gradle.model.ExternalTask                                 : loaded 2 times (x 66B)
Class org.gradle.internal.time.DefaultCountdownTimer                                  : loaded 2 times (x 84B)
Class com.google.common.collect.ImmutableMapEntrySet                                  : loaded 2 times (x 148B)
Class org.jetbrains.plugins.gradle.tooling.util.ObjectCollector                       : loaded 2 times (x 68B)
Class org.jetbrains.plugins.gradle.model.GradleTaskModel                              : loaded 2 times (x 66B)
Class org.gradle.tooling.internal.gradle.DefaultBuildIdentifier                       : loaded 2 times (x 75B)
Class kotlin.Function                                                                 : loaded 2 times (x 66B)
Class org.gradle.api.internal.classpath.Module                                        : loaded 2 times (x 66B)
Class com.google.common.cache.Weigher                                                 : loaded 2 times (x 66B)
Class com.intellij.openapi.externalSystem.model.project.IExternalSystemSourceType     : loaded 2 times (x 66B)
Class org.gradle.api.internal.classpath.UnknownModuleException                        : loaded 2 times (x 78B)
Class com.google.common.base.Stopwatch                                                : loaded 2 times (x 68B)
Class com.google.common.cache.LocalCache$Strength                                     : loaded 2 times (x 77B)
Class com.google.common.cache.Cache                                                   : loaded 2 times (x 66B)
Class org.jetbrains.plugins.gradle.tooling.serialization.ProjectDependenciesSerializationService$ReadContext: loaded 2 times (x 68B)
Class org.gradle.internal.impldep.gnu.trove.TObjectIdentityHashingStrategy            : loaded 2 times (x 74B)
Class com.intellij.openapi.externalSystem.model.project.dependencies.ProjectDependencies: loaded 2 times (x 66B)
Class sync_studio_tooling5_3n639eo2y7vz32wo9i5dw5ak9                                  : loaded 2 times (x 175B)
Class com.google.common.util.concurrent.AbstractFuture$Cancellation                   : loaded 2 times (x 68B)
Class com.google.common.collect.ImmutableMap$Builder                                  : loaded 2 times (x 78B)
Class com.google.common.cache.RemovalListener                                         : loaded 2 times (x 66B)
Class org.jetbrains.plugins.gradle.tooling.serialization.RepositoriesModelSerializationService: loaded 2 times (x 78B)
Class org.gradle.tooling.internal.gradle.GradleProjectIdentity                        : loaded 2 times (x 66B)
Class org.gradle.api.internal.DefaultClassPathRegistry                                : loaded 2 times (x 72B)
Class com.google.common.primitives.IntsMethodsForWeb                                  : loaded 2 times (x 67B)
Class com.google.common.collect.Multimap                                              : loaded 2 times (x 66B)
Class org.jetbrains.plugins.gradle.tooling.serialization.RepositoriesModelSerializationService$ReadContext: loaded 2 times (x 68B)
Class org.gradle.api.internal.ClassPathRegistry                                       : loaded 2 times (x 66B)
Class org.gradle.internal.classpath.DefaultClassPath$ImmutableUniqueList              : loaded 2 times (x 195B)
Class com.google.common.base.ExtraObjectsMethodsForWeb                                : loaded 2 times (x 67B)
Class org.jetbrains.plugins.gradle.tooling.serialization.internal.adapter.InternalBuildIdentifier: loaded 2 times (x 71B)
Class com.intellij.gradle.toolingExtension.impl.model.projectModel.GradleExternalProjectSerializationService$WriteContext: loaded 2 times (x 69B)
Class com.intellij.gradle.toolingExtension.impl.model.sourceSetModel.GradleSourceSetSerialisationService$Companion: loaded 2 times (x 67B)
Class com.google.common.cache.CacheBuilder                                            : loaded 2 times (x 68B)
Class com.google.common.collect.SingletonImmutableList                                : loaded 2 times (x 203B)
Class Settings_gradle$1                                                               : loaded 2 times (x 70B)
Class com.google.common.base.CharMatcher$IsEither                                     : loaded 2 times (x 107B)
Class org.gradle.internal.classpath.ClassPath                                         : loaded 2 times (x 66B)
Class com.google.common.base.JdkPattern                                               : loaded 2 times (x 71B)
Class com.google.common.collect.ImmutableList$ReverseImmutableList                    : loaded 2 times (x 205B)
Class org.jetbrains.plugins.gradle.tooling.serialization.KotlinDslScriptsModelSerializationService: loaded 2 times (x 77B)
Class org.objectweb.asm.SymbolTable$Entry                                             : loaded 2 times (x 70B)
Class com.google.common.util.concurrent.AbstractFuture$AtomicHelper                   : loaded 2 times (x 74B)
Class org.jetbrains.plugins.gradle.tooling.serialization.ExternalTestsSerializationService$WriteContext: loaded 2 times (x 68B)
Class org.jetbrains.kotlin.idea.gradleTooling.KotlinGradleModel                       : loaded 2 times (x 66B)
Class org.objectweb.asm.Edge                                                          : loaded 2 times (x 68B)
Class com.google.common.base.Suppliers$SupplierOfInstance                             : loaded 2 times (x 75B)
Class com.google.common.collect.Iterators$1                                           : loaded 2 times (x 77B)
Class org.gradle.tooling.model.Model                                                  : loaded 2 times (x 66B)
Class com.google.common.cache.LocalCache$ComputingValueReference                      : loaded 2 times (x 92B)
Class com.google.common.collect.SingletonImmutableSet                                 : loaded 2 times (x 142B)
Class com.google.common.collect.ImmutableMap$IteratorBasedImmutableMap                : loaded 2 times (x 122B)
Class kotlin.UninitializedPropertyAccessException                                     : loaded 2 times (x 78B)
Class com.google.common.cache.LocalCache$Segment                                      : loaded 2 times (x 150B)
Class org.jetbrains.plugins.gradle.model.IntelliJProjectSettings                      : loaded 2 times (x 66B)
Class org.gradle.tooling.internal.adapter.ProtocolToModelAdapter$MethodInvocationCache: loaded 2 times (x 69B)
Class org.gradle.internal.classloader.FilteringClassLoader                            : loaded 2 times (x 101B)
Class com.google.common.collect.AbstractListMultimap                                  : loaded 2 times (x 168B)
Class [Lorg.objectweb.asm.SymbolTable$Entry;                                          : loaded 2 times (x 65B)
Class com.google.common.cache.CacheLoader                                             : loaded 2 times (x 70B)
Class com.google.common.collect.Iterators$4                                           : loaded 2 times (x 78B)
Class com.google.common.collect.ImmutableBiMap                                        : loaded 2 times (x 139B)
Class org.jetbrains.plugins.gradle.model.ExternalDependency                           : loaded 2 times (x 66B)
Class com.intellij.util.containers.IntObjectHashMap                                   : loaded 2 times (x 68B)
Class org.gradle.internal.installation.GradleInstallation$1                           : loaded 2 times (x 71B)
Class org.gradle.api.internal.classpath.ModuleRegistry                                : loaded 2 times (x 66B)
Class com.google.common.util.concurrent.internal.InternalFutureFailureAccess          : loaded 2 times (x 68B)
Class com.google.common.collect.Iterators$5                                           : loaded 2 times (x 78B)
Class com.google.common.collect.ImmutableSet$JdkBackedSetBuilderImpl                  : loaded 2 times (x 72B)
Class com.intellij.gradle.toolingExtension.impl.model.sourceSetDependencyModel.GradleSourceSetDependencySerialisationService$SourceSetDependencyModelReadContext: loaded 2 times (x 68B)
Class com.intellij.gradle.toolingExtension.impl.model.dependencyModel.DependencyReadContext: loaded 2 times (x 68B)
Class org.jetbrains.plugins.gradle.model.VersionCatalogsModel                         : loaded 2 times (x 66B)
Class org.gradle.tooling.internal.adapter.ObjectGraphAdapter                          : loaded 2 times (x 66B)
Class com.google.common.util.concurrent.AbstractFuture$UnsafeAtomicHelper             : loaded 2 times (x 74B)
Class com.google.common.base.CharMatcher$ForPredicate                                 : loaded 2 times (x 108B)
Class com.google.common.cache.LocalCache$LocalManualCache$1                           : loaded 2 times (x 71B)
Class org.jetbrains.plugins.gradle.model.ExternalSourceSet                            : loaded 2 times (x 66B)
Class com.intellij.gradle.toolingExtension.impl.model.warmUp.GradleTaskWarmUpRequest  : loaded 2 times (x 66B)
Class com.google.common.base.CharMatcher$AnyOf                                        : loaded 2 times (x 108B)
Class com.google.common.collect.ImmutableCollection                                   : loaded 2 times (x 121B)
Class com.intellij.gradle.toolingExtension.impl.model.sourceSetArtifactIndex.GradleSourceSetArtifactBuildRequest: loaded 2 times (x 66B)
Class kotlin.collections.CollectionsKt__CollectionsJVMKt                              : loaded 2 times (x 67B)
Class org.gradle.api.internal.classpath.DefaultModuleRegistry                         : loaded 2 times (x 82B)
Class com.google.common.collect.Lists                                                 : loaded 2 times (x 67B)
Class com.google.common.util.concurrent.ListenableFuture                              : loaded 2 times (x 66B)
Class com.google.common.cache.ReferenceEntry                                          : loaded 2 times (x 66B)
Class com.google.common.base.Converter                                                : loaded 2 times (x 86B)
Class com.google.common.collect.ImmutableSet$CachingAsList                            : loaded 2 times (x 144B)
Class org.jetbrains.plugins.gradle.tooling.serialization.internal.IdeaProjectSerializationService$WriteContext$1: loaded 2 times (x 79B)
Class org.jetbrains.plugins.gradle.model.ExternalProject                              : loaded 2 times (x 66B)
Class kotlin.collections.CollectionsKt__IteratorsKt                                   : loaded 2 times (x 67B)
Class com.google.common.collect.AbstractMapBasedMultimap                              : loaded 2 times (x 135B)
Class com.google.common.util.concurrent.AbstractFuture                                : loaded 2 times (x 102B)
Class com.google.common.base.FunctionalEquivalence                                    : loaded 2 times (x 79B)
Class com.google.common.collect.Iterators$9                                           : loaded 2 times (x 77B)
Class com.google.common.collect.ImmutableAsList                                       : loaded 2 times (x 205B)
Class org.jetbrains.plugins.gradle.tooling.serialization.internal.IdeaProjectSerializationService$WriteContext$2: loaded 2 times (x 79B)
Class org.objectweb.asm.RecordComponentVisitor                                        : loaded 2 times (x 73B)
Class com.google.common.cache.CacheLoader$SupplierToCacheLoader                       : loaded 2 times (x 71B)
Class org.jetbrains.plugins.gradle.tooling.serialization.AnnotationProcessingModelSerializationService$ReadContext: loaded 2 times (x 68B)
Class org.jetbrains.plugins.gradle.tooling.serialization.internal.IdeaProjectSerializationService$WriteContext$3: loaded 2 times (x 79B)
Class org.gradle.util.internal.DefaultGradleVersion$Stage                             : loaded 2 times (x 71B)
Class com.google.common.collect.Maps$EntryTransformer                                 : loaded 2 times (x 66B)
Class org.jetbrains.plugins.gradle.tooling.serialization.internal.IdeaProjectSerializationService$WriteContext$4: loaded 2 times (x 79B)
Class com.intellij.gradle.toolingExtension.impl.model.sourceSetDependencyModel.GradleSourceSetDependencySerialisationService$Companion: loaded 2 times (x 67B)
Class org.gradle.internal.time.MonotonicClock                                         : loaded 2 times (x 73B)
Class org.gradle.internal.service.ServiceLookupException                              : loaded 2 times (x 78B)
Class com.google.common.collect.ImmutableSortedSet                                    : loaded 2 times (x 296B)
Class [Lcom.google.common.cache.LocalCache$EntryFactory;                              : loaded 2 times (x 65B)
Class org.jetbrains.plugins.gradle.tooling.serialization.internal.IdeaProjectSerializationService$WriteContext$5: loaded 2 times (x 79B)
Class com.intellij.gradle.toolingExtension.impl.model.sourceSetDependencyModel.GradleSourceSetDependencySerialisationService$SourceSetDependencyModelWriteContext: loaded 2 times (x 68B)
Class org.gradle.internal.classloader.ClassLoaderFactory                              : loaded 2 times (x 66B)
Class com.google.common.base.CommonPattern                                            : loaded 2 times (x 70B)
Class com.google.common.base.CharMatcher$IsNot                                        : loaded 2 times (x 107B)
Class com.google.common.cache.LocalCache$LocalManualCache                             : loaded 2 times (x 95B)
Class org.jetbrains.plugins.gradle.tooling.serialization.internal.IdeaProjectSerializationService$WriteContext$6: loaded 2 times (x 79B)
Class org.jetbrains.plugins.gradle.tooling.util.IntObjectMap                          : loaded 2 times (x 69B)
Class org.gradle.internal.service.CachingServiceLocator                               : loaded 2 times (x 78B)
Class com.google.common.collect.AbstractMapBasedMultimap$KeySet                       : loaded 2 times (x 133B)
Class com.google.common.collect.RegularImmutableSortedSet                             : loaded 2 times (x 296B)
Class com.google.common.math.IntMath                                                  : loaded 2 times (x 67B)
Class org.jetbrains.plugins.gradle.tooling.serialization.internal.IdeaProjectSerializationService$WriteContext$7: loaded 2 times (x 79B)
Class org.jetbrains.plugins.gradle.model.RepositoryModels                             : loaded 2 times (x 66B)
Class com.google.common.collect.ImmutableMapEntry                                     : loaded 2 times (x 81B)
Class org.jetbrains.plugins.gradle.tooling.serialization.internal.IdeaProjectSerializationService$WriteContext$8: loaded 2 times (x 79B)
Class org.gradle.internal.time.TimeSource                                             : loaded 2 times (x 66B)
Class org.gradle.tooling.model.kotlin.dsl.KotlinDslScriptsModel                       : loaded 2 times (x 66B)
Class com.google.common.base.Equivalence                                              : loaded 2 times (x 78B)
Class com.google.common.base.Function                                                 : loaded 2 times (x 66B)
Class com.google.common.collect.ImmutableMapEntry$NonTerminalImmutableMapEntry        : loaded 2 times (x 81B)
Class org.jetbrains.plugins.gradle.tooling.serialization.SerializationService         : loaded 2 times (x 66B)
Class org.gradle.tooling.internal.gradle.GradleBuildIdentity                          : loaded 2 times (x 66B)
Class kotlin.enums.EnumEntries                                                        : loaded 2 times (x 66B)
Class com.google.common.collect.IndexedImmutableSet$1                                 : loaded 2 times (x 209B)
Class com.google.common.cache.CacheBuilder$OneWeigher                                 : loaded 2 times (x 78B)
Class com.google.common.collect.RegularImmutableList                                  : loaded 2 times (x 209B)
Class org.jetbrains.plugins.gradle.tooling.serialization.internal.adapter.Supplier    : loaded 2 times (x 66B)
Class org.gradle.internal.exceptions.ResolutionProvider                               : loaded 2 times (x 66B)
Class org.gradle.tooling.model.ProjectIdentifier                                      : loaded 2 times (x 66B)
Class org.gradle.internal.classloader.ClasspathUtil                                   : loaded 2 times (x 67B)
Class org.jetbrains.kotlin.tooling.core.HasExtras                                     : loaded 2 times (x 66B)
Class com.google.common.base.Charsets                                                 : loaded 2 times (x 67B)
Class com.google.common.util.concurrent.Uninterruptibles                              : loaded 2 times (x 67B)
Class com.intellij.gradle.toolingExtension.impl.model.sourceSetModel.GradleSourceSetSerialisationService: loaded 2 times (x 73B)
Class com.google.common.collect.Maps                                                  : loaded 2 times (x 67B)
Class org.gradle.internal.time.TimeSource$1                                           : loaded 2 times (x 73B)
Class kotlin.jvm.internal.DefaultConstructorMarker                                    : loaded 2 times (x 67B)
Class org.gradle.api.specs.Spec                                                       : loaded 2 times (x 66B)
Class [Lcom.google.common.collect.ImmutableEntry;                                     : loaded 2 times (x 65B)
Class com.google.common.cache.LocalCache$LoadingValueReference                        : loaded 2 times (x 92B)
Class com.intellij.gradle.toolingExtension.impl.model.buildScriptClasspathModel.GradleBuildScriptClasspathSerializationService: loaded 2 times (x 73B)
Class kotlin.NotImplementedError                                                      : loaded 2 times (x 78B)
Class com.google.common.base.Platform                                                 : loaded 2 times (x 67B)
Class org.jetbrains.plugins.gradle.model.FileCollectionDependency                     : loaded 2 times (x 66B)
Class org.gradle.internal.impldep.gnu.trove.TObjectHashingStrategy                    : loaded 2 times (x 66B)
Class com.intellij.gradle.toolingExtension.impl.model.utilDummyModel.DummyModel       : loaded 2 times (x 66B)
Class org.gradle.internal.time.Clock                                                  : loaded 2 times (x 66B)
Class [Lorg.objectweb.asm.AnnotationWriter;                                           : loaded 2 times (x 65B)
Class com.google.common.collect.Maps$8                                                : loaded 2 times (x 78B)
Class org.jetbrains.plugins.gradle.model.GradleSourceSetDependencyModel               : loaded 2 times (x 66B)
Class org.gradle.tooling.internal.adapter.TypeInspector                               : loaded 2 times (x 69B)
Class org.gradle.tooling.internal.adapter.ProtocolToModelAdapter$NoOpDecoration       : loaded 2 times (x 75B)
Class org.gradle.tooling.model.Element                                                : loaded 2 times (x 66B)
Class kotlin.collections.AbstractList                                                 : loaded 2 times (x 193B)
Class kotlin.collections.AbstractCollection                                           : loaded 2 times (x 113B)
Class com.google.common.collect.ImmutableRangeSet$Builder                             : loaded 2 times (x 73B)
Class org.jetbrains.kotlin.tooling.core.Extras                                        : loaded 2 times (x 66B)
Class com.google.common.collect.Sets$SetView                                          : loaded 2 times (x 134B)
Class com.google.common.cache.LocalCache$StrongValueReference                         : loaded 2 times (x 86B)
Class com.google.common.util.concurrent.AbstractFuture$SynchronizedHelper             : loaded 2 times (x 74B)
Class com.intellij.gradle.toolingExtension.impl.model.taskModel.GradleTaskSerialisationService: loaded 2 times (x 72B)
Class org.objectweb.asm.Type                                                          : loaded 2 times (x 68B)
Class org.jetbrains.plugins.gradle.tooling.util.IntObjectMap$1                        : loaded 2 times (x 73B)
Class org.gradle.internal.impldep.com.google.common.base.Preconditions                : loaded 2 times (x 67B)
Class org.gradle.internal.classloader.VisitableURLClassLoader$InstrumentingVisitableURLClassLoader: loaded 2 times (x 119B)
Class org.objectweb.asm.ByteVector                                                    : loaded 2 times (x 75B)
Class [Lcom.google.common.cache.CacheBuilder$NullListener;                            : loaded 2 times (x 65B)
Class com.google.common.math.IntMath$1                                                : loaded 2 times (x 67B)
Class org.gradle.internal.classloader.VisitableURLClassLoader$Spec                    : loaded 2 times (x 70B)
Class org.gradle.internal.classpath.DefaultClassPath                                  : loaded 2 times (x 86B)
Class org.objectweb.asm.Symbol                                                        : loaded 2 times (x 69B)
Class org.jetbrains.plugins.gradle.model.GradleBuildScriptClasspathModel              : loaded 2 times (x 66B)
Class org.gradle.util.internal.DefaultGradleVersion                                   : loaded 2 times (x 76B)
Class com.google.common.base.CharMatcher$Ascii                                        : loaded 2 times (x 108B)
Class com.google.common.base.CharMatcher$BitSetMatcher                                : loaded 2 times (x 108B)
Class com.google.common.collect.RegularImmutableMap$Values                            : loaded 2 times (x 203B)
Class com.google.common.collect.ImmutableSet                                          : loaded 2 times (x 141B)
Class org.gradle.internal.classloader.ClassLoaderSpec                                 : loaded 2 times (x 67B)
Class org.objectweb.asm.AnnotationWriter                                              : loaded 2 times (x 75B)
Class com.google.common.cache.CacheStats                                              : loaded 2 times (x 67B)
Class kotlin.collections.CollectionsKt___CollectionsJvmKt                             : loaded 2 times (x 67B)
Class org.objectweb.asm.RecordComponentWriter                                         : loaded 2 times (x 74B)
Class com.google.common.util.concurrent.AbstractFuture$Listener                       : loaded 2 times (x 68B)
Class com.google.common.base.CharMatcher$Or                                           : loaded 2 times (x 108B)
Class Settings_gradle$1$1                                                             : loaded 2 times (x 70B)
Class kotlin.Unit                                                                     : loaded 2 times (x 67B)
Class org.objectweb.asm.Attribute                                                     : loaded 2 times (x 73B)
Class com.google.common.base.Supplier                                                 : loaded 2 times (x 66B)
Class org.gradle.internal.classloader.VisitableURLClassLoader                         : loaded 2 times (x 113B)
Class com.google.common.util.concurrent.AbstractFuture$Waiter                         : loaded 2 times (x 68B)
Class Settings_gradle                                                                 : loaded 2 times (x 124B)
Class org.jetbrains.plugins.gradle.tooling.serialization.ExternalTestsSerializationService$ReadContext: loaded 2 times (x 68B)
Class org.jetbrains.plugins.gradle.tooling.serialization.internal.IdeaProjectSerializationService$ReadContext: loaded 2 times (x 68B)
Class com.google.common.collect.RegularImmutableMap$KeySet                            : loaded 2 times (x 148B)
Class org.gradle.tooling.model.idea.IdeaDependency                                    : loaded 2 times (x 66B)
Class com.google.common.base.Strings                                                  : loaded 2 times (x 67B)
Class com.google.common.collect.Sets                                                  : loaded 2 times (x 67B)
Class org.objectweb.asm.Handler                                                       : loaded 2 times (x 68B)
Class com.google.common.base.CharMatcher$FastMatcher                                  : loaded 2 times (x 107B)
Class com.google.common.base.Ticker                                                   : loaded 2 times (x 68B)
Class ijInit2_dfp6dzo1uw4j32ye4gz0i92sw                                               : loaded 2 times (x 175B)
Class kotlin.jvm.functions.Function1                                                  : loaded 2 times (x 66B)
Class [Lcom.google.common.cache.LocalCache$Segment;                                   : loaded 2 times (x 65B)
Class com.google.common.base.Predicate                                                : loaded 2 times (x 66B)
Class [Lcom.google.common.cache.LocalCache$Strength;                                  : loaded 2 times (x 65B)
Class com.google.common.cache.CacheBuilder$1                                          : loaded 2 times (x 81B)
Class com.google.common.collect.ImmutableMap                                          : loaded 2 times (x 116B)
Class org.jetbrains.plugins.gradle.tooling.serialization.internal.IdeaProjectSerializationService$WriteContext: loaded 2 times (x 68B)
Class com.intellij.gradle.toolingExtension.impl.model.sourceSetDependencyModel.GradleSourceSetDependencySerialisationService: loaded 2 times (x 73B)
Class org.jetbrains.plugins.gradle.model.GradleSourceSetModel                         : loaded 2 times (x 66B)
Class org.gradle.internal.classpath.DefaultClassPath$ImmutableUniqueList$Builder      : loaded 2 times (x 71B)
Class com.google.common.collect.AbstractRangeSet                                      : loaded 2 times (x 110B)
Class com.google.common.base.CharMatcher$NegatedFastMatcher                           : loaded 2 times (x 109B)
Class com.google.common.cache.LocalCache                                              : loaded 2 times (x 183B)
Class com.google.common.cache.CacheBuilder$2                                          : loaded 2 times (x 75B)
Class com.google.common.collect.ArrayListMultimap                                     : loaded 2 times (x 168B)
Class com.google.common.cache.CacheBuilder$3                                          : loaded 2 times (x 68B)
Class [Lcom.google.common.collect.AbstractMapEntry;                                   : loaded 2 times (x 65B)
Class com.google.common.collect.ImmutableEntry                                        : loaded 2 times (x 78B)
Class org.jetbrains.plugins.gradle.tooling.util.ObjectCollector$Processor             : loaded 2 times (x 66B)
Class kotlin.collections.CollectionsKt___CollectionsKt                                : loaded 2 times (x 67B)
Class com.google.common.base.Equivalence$Identity                                     : loaded 2 times (x 78B)
Class org.gradle.internal.exceptions.NonGradleCauseExceptionsHolder                   : loaded 2 times (x 66B)
Class org.gradle.tooling.model.idea.IdeaModuleDependency                              : loaded 2 times (x 66B)
Class org.gradle.tooling.internal.adapter.ViewBuilder                                 : loaded 2 times (x 66B)
Class com.google.common.collect.CollectPreconditions                                  : loaded 2 times (x 67B)
Class org.jetbrains.plugins.gradle.model.AnnotationProcessingConfig                   : loaded 2 times (x 66B)
Class com.google.common.collect.SortedMapDifference                                   : loaded 2 times (x 66B)
Class org.jetbrains.plugins.gradle.tooling.ModelBuilderService$Parameter              : loaded 2 times (x 66B)
Class com.google.common.cache.LocalCache$WriteThroughEntry                            : loaded 2 times (x 75B)
Class com.google.common.cache.LocalCache$HashIterator                                 : loaded 2 times (x 82B)
Class com.google.common.cache.LocalCache$EntryFactory                                 : loaded 2 times (x 79B)
Class org.gradle.internal.impldep.gnu.trove.TObjectIntProcedure                       : loaded 2 times (x 66B)
Class org.gradle.tooling.internal.adapter.ProtocolToModelAdapter$ReflectionMethodInvoker: loaded 2 times (x 72B)
Class org.jetbrains.kotlin.tooling.core.HasMutableExtras                              : loaded 2 times (x 66B)
Class com.google.common.cache.LocalCache$AbstractReferenceEntry                       : loaded 2 times (x 103B)
Class kotlin.collections.CollectionsKt__MutableCollectionsJVMKt                       : loaded 2 times (x 67B)
Class com.google.common.collect.SortedIterable                                        : loaded 2 times (x 66B)
Class kotlin.enums.EnumEntriesKt                                                      : loaded 2 times (x 67B)
Class com.google.common.collect.ImmutableRangeSet$ComplementRanges                    : loaded 2 times (x 203B)
Class org.objectweb.asm.SymbolTable                                                   : loaded 2 times (x 68B)
Class com.google.common.cache.CacheLoader$InvalidCacheLoadException                   : loaded 2 times (x 78B)
Class com.google.common.collect.ImmutableSet$RegularSetBuilderImpl                    : loaded 2 times (x 73B)
Class org.jetbrains.plugins.gradle.model.GradleProperty                               : loaded 2 times (x 66B)
Class org.gradle.internal.classloader.SystemClassLoaderSpec                           : loaded 2 times (x 67B)
Class com.google.common.cache.LocalCache$StrongEntry                                  : loaded 2 times (x 104B)
Class com.google.common.util.concurrent.AbstractFuture$TrustedFuture                  : loaded 2 times (x 110B)
Class com.google.common.cache.LoadingCache                                            : loaded 2 times (x 66B)
Class org.gradle.internal.exceptions.MultiCauseException                              : loaded 2 times (x 66B)
Class org.gradle.internal.time.CountdownTimer                                         : loaded 2 times (x 66B)
Class kotlin.jvm.internal.Intrinsics                                                  : loaded 2 times (x 67B)
Class org.objectweb.asm.MethodWriter                                                  : loaded 2 times (x 102B)
Class [Lcom.google.common.cache.Weigher;                                              : loaded 2 times (x 65B)
Class com.google.common.collect.RegularImmutableMap$BucketOverflowException           : loaded 2 times (x 78B)
Class com.intellij.gradle.toolingExtension.impl.model.projectModel.GradleExternalProjectSerializationService$ReadContext: loaded 2 times (x 69B)
Class com.intellij.gradle.toolingExtension.impl.model.dependencyModel.DependencyWriteContext: loaded 2 times (x 68B)
Class kotlin.collections.CollectionsKt__IterablesKt                                   : loaded 2 times (x 67B)
Class org.gradle.tooling.model.ProjectModel                                           : loaded 2 times (x 66B)
Class kotlin.KotlinNullPointerException                                               : loaded 2 times (x 79B)
Class com.google.common.collect.RegularImmutableBiMap                                 : loaded 2 times (x 145B)
Class com.google.common.base.CharMatcher$Negated                                      : loaded 2 times (x 109B)
Class com.google.common.base.CharMatcher$Is                                           : loaded 2 times (x 107B)
Class com.google.common.cache.LocalCache$ValueReference                               : loaded 2 times (x 66B)
Class org.jetbrains.plugins.gradle.model.tests.ExternalTestsModel                     : loaded 2 times (x 66B)
Class org.gradle.internal.exceptions.DefaultMultiCauseException                       : loaded 2 times (x 91B)
Class com.google.common.base.PatternCompiler                                          : loaded 2 times (x 66B)
Class com.google.common.util.concurrent.AbstractFuture$Failure                        : loaded 2 times (x 68B)
Class com.google.common.base.Equivalence$Equals                                       : loaded 2 times (x 78B)
Class com.google.common.collect.Hashing                                               : loaded 2 times (x 67B)
Class com.google.common.base.Preconditions                                            : loaded 2 times (x 67B)
Class com.intellij.gradle.toolingExtension.impl.model.projectModel.GradleExternalProjectSerializationService: loaded 2 times (x 73B)
Class org.gradle.tooling.model.HierarchicalElement                                    : loaded 2 times (x 66B)
Class com.google.common.base.Joiner$1                                                 : loaded 2 times (x 76B)
Class org.objectweb.asm.Label                                                         : loaded 2 times (x 69B)
Class org.objectweb.asm.CurrentFrame                                                  : loaded 2 times (x 69B)
Class org.objectweb.asm.ClassTooLargeException                                        : loaded 2 times (x 79B)
Class com.google.common.base.CharMatcher                                              : loaded 2 times (x 107B)
Class com.google.common.collect.PeekingIterator                                       : loaded 2 times (x 66B)
Class org.jetbrains.plugins.gradle.tooling.serialization.ExternalTestsSerializationService: loaded 2 times (x 73B)
Class org.gradle.internal.time.Time                                                   : loaded 2 times (x 67B)
Class com.google.common.collect.RangeGwtSerializationDependencies                     : loaded 2 times (x 67B)
Class com.google.common.base.Joiner$2                                                 : loaded 2 times (x 75B)
Class org.objectweb.asm.Frame                                                         : loaded 2 times (x 69B)
Class org.objectweb.asm.MethodVisitor                                                 : loaded 2 times (x 101B)
Class com.google.common.base.CharMatcher$NamedFastMatcher                             : loaded 2 times (x 108B)
Class com.google.common.base.CharMatcher$1                                            : loaded 2 times (x 109B)
Class com.google.common.cache.LocalCache$EntryFactory$1                               : loaded 2 times (x 79B)
Class [Lcom.google.common.cache.RemovalListener;                                      : loaded 2 times (x 65B)
Class org.jetbrains.plugins.gradle.tooling.serialization.AnnotationProcessingModelSerializationService: loaded 2 times (x 73B)
Class com.google.common.collect.RangeSet                                              : loaded 2 times (x 66B)
Class com.google.common.cache.LocalCache$EntryFactory$2                               : loaded 2 times (x 79B)
Class [Lcom.intellij.openapi.externalSystem.model.project.dependencies.ResolutionState;: loaded 2 times (x 65B)
Class org.gradle.internal.impldep.gnu.trove.TObjectHash                               : loaded 2 times (x 90B)
Class org.jetbrains.plugins.gradle.model.DependencyAccessorsModel                     : loaded 2 times (x 66B)
Class org.gradle.api.internal.classpath.GlobalCacheRootsProvider                      : loaded 2 times (x 66B)
Class com.google.common.collect.CollectCollectors                                     : loaded 2 times (x 67B)
Class org.objectweb.asm.ModuleWriter                                                  : loaded 2 times (x 78B)
Class com.google.common.cache.LocalCache$EntryFactory$3                               : loaded 2 times (x 79B)
Class com.google.common.base.Ticker$1                                                 : loaded 2 times (x 68B)
Class com.google.common.collect.Maps$BiMapConverter                                   : loaded 2 times (x 86B)
Class com.google.common.collect.ImmutableMapEntrySet$RegularEntrySet                  : loaded 2 times (x 148B)
Class org.jetbrains.kotlin.idea.gradleTooling.KotlinMPPGradleModel                    : loaded 2 times (x 66B)
Class com.intellij.gradle.toolingExtension.impl.model.dependencyDownloadPolicyModel.GradleDependencyDownloadPolicy: loaded 2 times (x 66B)
Class org.gradle.tooling.model.BuildIdentifier                                        : loaded 2 times (x 66B)
Class com.google.common.base.CharMatcher$InRange                                      : loaded 2 times (x 107B)
Class com.google.common.cache.LocalCache$EntryFactory$4                               : loaded 2 times (x 79B)
Class com.google.common.collect.ImmutableSet$Builder                                  : loaded 2 times (x 81B)
Class org.jetbrains.kotlin.idea.gradleTooling.PrepareKotlinIdeImportTaskModel         : loaded 2 times (x 66B)
Class com.google.common.cache.LocalCache$EntryFactory$5                               : loaded 2 times (x 79B)
Class org.gradle.tooling.model.build.JavaEnvironment                                  : loaded 2 times (x 66B)
Class com.google.common.base.PairwiseEquivalence                                      : loaded 2 times (x 79B)
Class com.google.common.cache.LocalCache$EntryFactory$6                               : loaded 2 times (x 79B)
Class org.gradle.internal.time.Timer                                                  : loaded 2 times (x 66B)
Class kotlin.jvm.internal.markers.KMappedMarker                                       : loaded 2 times (x 66B)
Class org.gradle.internal.installation.CurrentGradleInstallationLocator               : loaded 2 times (x 67B)
Class com.google.common.collect.Maps$KeySet                                           : loaded 2 times (x 133B)
Class com.google.common.cache.LocalCache$EntryFactory$7                               : loaded 2 times (x 79B)
Class com.google.common.collect.ImmutableSet$EmptySetBuilderImpl                      : loaded 2 times (x 72B)
Class com.google.common.collect.ImmutableList                                         : loaded 2 times (x 202B)
Class org.gradle.tooling.model.idea.IdeaProject                                       : loaded 2 times (x 66B)
Class org.gradle.tooling.model.DomainObjectSet                                        : loaded 2 times (x 66B)
Class org.gradle.internal.service.DefaultServiceLocator                               : loaded 2 times (x 79B)
Class com.google.common.cache.LocalCache$EntryFactory$8                               : loaded 2 times (x 79B)
Class com.google.common.collect.ImmutableSet$SetBuilderImpl                           : loaded 2 times (x 72B)
Class org.gradle.util.GradleVersion                                                   : loaded 2 times (x 75B)
Class org.gradle.internal.installation.CurrentGradleInstallation                      : loaded 2 times (x 69B)
Class com.google.common.cache.CacheLoader$1                                           : loaded 2 times (x 71B)
Class com.google.common.collect.ImmutableList$SubList                                 : loaded 2 times (x 205B)
Class org.jetbrains.plugins.gradle.tooling.serialization.GradleExtensionsSerializationService$WriteContext: loaded 2 times (x 68B)
Class com.intellij.gradle.toolingExtension.impl.model.taskModel.GradleTaskSerialisationService$Companion: loaded 2 times (x 67B)
Class org.jetbrains.plugins.gradle.javaModel.JavaGradleManifestModel                  : loaded 2 times (x 66B)
Class org.gradle.util.internal.GUtil                                                  : loaded 2 times (x 67B)
Class com.google.common.util.concurrent.AbstractFuture$SetFuture                      : loaded 2 times (x 71B)
Class com.google.common.cache.AbstractCache$StatsCounter                              : loaded 2 times (x 66B)
Class com.intellij.gradle.toolingExtension.impl.model.sourceSetModel.GradleSourceSetSerialisationService$SourceSetModelReadContext: loaded 2 times (x 68B)
Class com.intellij.gradle.toolingExtension.impl.model.utilTurnOffDefaultTasksModel.TurnOffDefaultTasks: loaded 2 times (x 66B)
Class kotlin.collections.CollectionsKt                                                : loaded 2 times (x 67B)
Class com.google.common.collect.Iterators$MergingIterator                             : loaded 2 times (x 77B)
Class com.google.common.collect.RegularImmutableSet                                   : loaded 2 times (x 145B)
Class com.intellij.gradle.toolingExtension.impl.model.sourceSetModel.GradleSourceSetSerialisationService$SourceSetModelWriteContext: loaded 2 times (x 68B)
Class org.gradle.tooling.internal.adapter.ProtocolToModelAdapter$1                    : loaded 2 times (x 71B)
Class org.gradle.tooling.internal.adapter.ProtocolToModelAdapter$ViewDecoration       : loaded 2 times (x 66B)
Class org.gradle.internal.installation.GradleInstallation                             : loaded 2 times (x 71B)
Class com.google.common.collect.Iterables                                             : loaded 2 times (x 67B)
Class org.jetbrains.plugins.gradle.tooling.serialization.GradleExtensionsSerializationService$ReadContext: loaded 2 times (x 68B)
Class org.gradle.tooling.internal.adapter.MethodInvoker                               : loaded 2 times (x 66B)
Class org.jetbrains.plugins.gradle.tooling.serialization.RepositoriesModelSerializationService$WriteContext: loaded 2 times (x 68B)

---------------  S Y S T E M  ---------------

OS:
 Windows 11 , 64 bit Build 26100 (10.0.26100.7705)
OS uptime: 0 days 19:53 hours
Hyper-V role detected

CPU: total 8 (initial active 8) (4 cores per cpu, 2 threads per core) family 6 model 142 stepping 12 microcode 0xde, cx8, cmov, fxsr, ht, mmx, 3dnowpref, sse, sse2, sse3, ssse3, sse4.1, sse4.2, popcnt, lzcnt, tsc, tscinvbit, avx, avx2, aes, erms, clmul, bmi1, bmi2, adx, fma, vzeroupper, clflush, clflushopt, hv, rdtscp, f16c
Processor Information for the first 8 processors :
  Max Mhz: 2304, Current Mhz: 1803, Mhz Limit: 1797

Memory: 4k page, system-wide physical 7990M (563M free)
TotalPageFile size 16182M (AvailPageFile size 0M)
current process WorkingSet (physical memory assigned to process): 534M, peak: 546M
current process commit charge ("private bytes"): 582M, peak: 584M

vm_info: OpenJDK 64-Bit Server VM (21.0.6+-13391695-b895.109) for windows-amd64 JRE (21.0.6+-13391695-b895.109), built on 2025-04-22T21:19:17Z by "builder" with MS VC++ 16.10 / 16.11 (VS2019)

END.
