#
# There is insufficient memory for the Java Runtime Environment to continue.
# Native memory allocation (malloc) failed to allocate 1147184 bytes. Error detail: Chunk::new
# Possible reasons:
#   The system is out of physical RAM or swap space
#   This process is running with CompressedOops enabled, and the Java Heap may be blocking the growth of the native heap
# Possible solutions:
#   Reduce memory load on the system
#   Increase physical memory or swap space
#   Check if swap backing store is full
#   Decrease Java heap size (-Xmx/-Xms)
#   Decrease number of Java threads
#   Decrease Java thread stack sizes (-Xss)
#   Set larger code cache with -XX:ReservedCodeCacheSize=
#   JVM is running with Unscaled Compressed Oops mode in which the Java heap is
#     placed in the first 4GB address space. The Java Heap base address is the
#     maximum limit for the native heap growth. Please use -XX:HeapBaseMinAddress
#     to set the Java Heap base and to place the Java Heap above 4GB virtual address.
# This output file may be truncated or incomplete.
#
#  Out of Memory Error (arena.cpp:168), pid=19616, tid=8456
#
# JRE version: OpenJDK Runtime Environment (21.0.6) (build 21.0.6+-13391695-b895.109)
# Java VM: OpenJDK 64-Bit Server VM (21.0.6+-13391695-b895.109, mixed mode, tiered, compressed oops, compressed class ptrs, g1 gc, windows-amd64)
# No core dump will be written. Minidumps are not enabled by default on client versions of Windows
#

---------------  S U M M A R Y ------------

Command Line: --add-opens=java.base/java.lang=ALL-UNNAMED --add-opens=java.base/java.lang.invoke=ALL-UNNAMED --add-opens=java.base/java.util=ALL-UNNAMED --add-opens=java.prefs/java.util.prefs=ALL-UNNAMED --add-exports=jdk.compiler/com.sun.tools.javac.api=ALL-UNNAMED --add-exports=jdk.compiler/com.sun.tools.javac.util=ALL-UNNAMED --add-opens=java.base/java.util=ALL-UNNAMED --add-opens=java.prefs/java.util.prefs=ALL-UNNAMED --add-opens=java.base/java.nio.charset=ALL-UNNAMED --add-opens=java.base/java.net=ALL-UNNAMED --add-opens=java.base/java.util.concurrent.atomic=ALL-UNNAMED --add-opens=java.xml/javax.xml.namespace=ALL-UNNAMED -Xmx2048m -Dfile.encoding=UTF-8 -Duser.country=US -Duser.language=en -Duser.variant -javaagent:C:\Users\Asus\Downloads\gradle\gradle-9.0.0\wrapper\dists\gradle-8.13-bin\5xuhj0ry160q40clulazy9h7d\gradle-8.13\lib\agents\gradle-instrumentation-agent-8.13.jar org.gradle.launcher.daemon.bootstrap.GradleDaemon 8.13

Host: Intel(R) Core(TM) i7-10510U CPU @ 1.80GHz, 8 cores, 7G,  Windows 11 , 64 bit Build 26100 (10.0.26100.7309)
Time: Mon Dec 29 14:38:36 2025 SE Asia Standard Time elapsed time: 33.487890 seconds (0d 0h 0m 33s)

---------------  T H R E A D  ---------------

Current thread (0x0000029f240dafe0):  JavaThread "C2 CompilerThread0" daemon [_thread_in_native, id=8456, stack(0x000000b7af900000,0x000000b7afa00000) (1024K)]


Current CompileTask:
C2:33488 9148       4       org.jetbrains.kotlin.load.java.structure.impl.classFiles.BinaryClassSignatureParser::parseParameterizedClassRefSignature (257 bytes)

Stack: [0x000000b7af900000,0x000000b7afa00000]
Native frames: (J=compiled Java code, j=interpreted, Vv=VM code, C=native code)
V  [jvm.dll+0x6d0639]
V  [jvm.dll+0x85eb03]
V  [jvm.dll+0x86105e]
V  [jvm.dll+0x861743]
V  [jvm.dll+0x27e6e6]
V  [jvm.dll+0xbff6d]
V  [jvm.dll+0xc04a3]
V  [jvm.dll+0x3b61ab]
V  [jvm.dll+0x3820c7]
V  [jvm.dll+0x38153a]
V  [jvm.dll+0x247c82]
V  [jvm.dll+0x247251]
V  [jvm.dll+0x1c5f04]
V  [jvm.dll+0x2569ac]
V  [jvm.dll+0x254ef6]
V  [jvm.dll+0x3f0e96]
V  [jvm.dll+0x806ed8]
V  [jvm.dll+0x6cef0d]
C  [ucrtbase.dll+0x37b0]
C  [KERNEL32.DLL+0x2e8d7]
C  [ntdll.dll+0x8c53c]


---------------  P R O C E S S  ---------------

Threads class SMR info:
_java_thread_list=0x0000029f1fb3d3f0, length=58, elements={
0x0000029f085d00d0, 0x0000029f2408ef00, 0x0000029f24091960, 0x0000029f240a2b10,
0x0000029f240c1190, 0x0000029f240c17f0, 0x0000029f240ca250, 0x0000029f240dafe0,
0x0000029f240a4b50, 0x0000029f24223730, 0x0000029f243ba170, 0x0000029f25d416a0,
0x0000029f25c4ad40, 0x0000029f25f47b70, 0x0000029f25de1040, 0x0000029f25df22d0,
0x0000029f25ee4d30, 0x0000029f25ee53e0, 0x0000029f25ee7b40, 0x0000029f25ee5a70,
0x0000029f25ee74b0, 0x0000029f25ee6100, 0x0000029f25ee81d0, 0x0000029f25ee6790,
0x0000029f25ee8860, 0x0000029f25ee6e20, 0x0000029f2625fa20, 0x0000029f2625dfe0,
0x0000029f2625ed00, 0x0000029f2625f390, 0x0000029f26261460, 0x0000029f262600b0,
0x0000029f26260740, 0x0000029f26260dd0, 0x0000029f26261af0, 0x0000029f2625e670,
0x0000029f26263530, 0x0000029f26263bc0, 0x0000029f26264f70, 0x0000029f29a1bb60,
0x0000029f29a1c1f0, 0x0000029f29a1fd00, 0x0000029f29a1e950, 0x0000029f29a1efe0,
0x0000029f29a1e2c0, 0x0000029f29a1dc30, 0x0000029f29a1c880, 0x0000029f29a20390,
0x0000029f29a20a20, 0x0000029f29a1d5a0, 0x0000029f29a210b0, 0x0000029f29a21740,
0x0000029f29a22460, 0x0000029f29a21dd0, 0x0000029f29a22af0, 0x0000029f29a23180,
0x0000029f286dd270, 0x0000029f286dbec0
}

Java Threads: ( => current thread )
  0x0000029f085d00d0 JavaThread "main"                              [_thread_blocked, id=14576, stack(0x000000b7aeb00000,0x000000b7aec00000) (1024K)]
  0x0000029f2408ef00 JavaThread "Reference Handler"          daemon [_thread_blocked, id=16560, stack(0x000000b7af300000,0x000000b7af400000) (1024K)]
  0x0000029f24091960 JavaThread "Finalizer"                  daemon [_thread_blocked, id=17588, stack(0x000000b7af400000,0x000000b7af500000) (1024K)]
  0x0000029f240a2b10 JavaThread "Signal Dispatcher"          daemon [_thread_blocked, id=14596, stack(0x000000b7af500000,0x000000b7af600000) (1024K)]
  0x0000029f240c1190 JavaThread "Attach Listener"            daemon [_thread_blocked, id=7808, stack(0x000000b7af600000,0x000000b7af700000) (1024K)]
  0x0000029f240c17f0 JavaThread "Service Thread"             daemon [_thread_blocked, id=13532, stack(0x000000b7af700000,0x000000b7af800000) (1024K)]
  0x0000029f240ca250 JavaThread "Monitor Deflation Thread"   daemon [_thread_blocked, id=14264, stack(0x000000b7af800000,0x000000b7af900000) (1024K)]
=>0x0000029f240dafe0 JavaThread "C2 CompilerThread0"         daemon [_thread_in_native, id=8456, stack(0x000000b7af900000,0x000000b7afa00000) (1024K)]
  0x0000029f240a4b50 JavaThread "C1 CompilerThread0"         daemon [_thread_blocked, id=15172, stack(0x000000b7afa00000,0x000000b7afb00000) (1024K)]
  0x0000029f24223730 JavaThread "Common-Cleaner"             daemon [_thread_blocked, id=11228, stack(0x000000b7afb00000,0x000000b7afc00000) (1024K)]
  0x0000029f243ba170 JavaThread "Notification Thread"        daemon [_thread_blocked, id=16076, stack(0x000000b7afc00000,0x000000b7afd00000) (1024K)]
  0x0000029f25d416a0 JavaThread "Daemon health stats"               [_thread_blocked, id=2564, stack(0x000000b7b0300000,0x000000b7b0400000) (1024K)]
  0x0000029f25c4ad40 JavaThread "Incoming local TCP Connector on port 50053"        [_thread_in_native, id=15388, stack(0x000000b7afd00000,0x000000b7afe00000) (1024K)]
  0x0000029f25f47b70 JavaThread "Daemon periodic checks"            [_thread_blocked, id=11896, stack(0x000000b7b0400000,0x000000b7b0500000) (1024K)]
  0x0000029f25de1040 JavaThread "Daemon"                            [_thread_blocked, id=2788, stack(0x000000b7b0500000,0x000000b7b0600000) (1024K)]
  0x0000029f25df22d0 JavaThread "Handler for socket connection from /127.0.0.1:50053 to /127.0.0.1:50054"        [_thread_in_native, id=18548, stack(0x000000b7b0600000,0x000000b7b0700000) (1024K)]
  0x0000029f25ee4d30 JavaThread "Cancel handler"                    [_thread_blocked, id=14956, stack(0x000000b7b0700000,0x000000b7b0800000) (1024K)]
  0x0000029f25ee53e0 JavaThread "Daemon worker"                     [_thread_in_native, id=9384, stack(0x000000b7b0800000,0x000000b7b0900000) (1024K)]
  0x0000029f25ee7b40 JavaThread "Asynchronous log dispatcher for DefaultDaemonConnection: socket connection from /127.0.0.1:50053 to /127.0.0.1:50054"        [_thread_blocked, id=4160, stack(0x000000b7b0900000,0x000000b7b0a00000) (1024K)]
  0x0000029f25ee5a70 JavaThread "Stdin handler"                     [_thread_blocked, id=11836, stack(0x000000b7b0a00000,0x000000b7b0b00000) (1024K)]
  0x0000029f25ee74b0 JavaThread "Daemon client event forwarder"        [_thread_blocked, id=20432, stack(0x000000b7b0b00000,0x000000b7b0c00000) (1024K)]
  0x0000029f25ee6100 JavaThread "Cache worker for journal cache (C:\Users\Asus\Downloads\gradle\gradle-9.0.0\caches\journal-1)"        [_thread_blocked, id=6728, stack(0x000000b7b0f00000,0x000000b7b1000000) (1024K)]
  0x0000029f25ee81d0 JavaThread "File lock request listener"        [_thread_in_native, id=11156, stack(0x000000b7b1000000,0x000000b7b1100000) (1024K)]
  0x0000029f25ee6790 JavaThread "Cache worker for file hash cache (C:\Users\Asus\Downloads\gradle\gradle-9.0.0\caches\8.13\fileHashes)"        [_thread_blocked, id=14636, stack(0x000000b7b1200000,0x000000b7b1300000) (1024K)]
  0x0000029f25ee8860 JavaThread "Cache worker for file hash cache (D:\Dicoding\Belajar Fundamental Aplikasi Android\GPT\3. Latihan Fragment + Kirim Menerima Data\.gradle\8.13\fileHashes)"        [_thread_blocked, id=8196, stack(0x000000b7b1300000,0x000000b7b1400000) (1024K)]
  0x0000029f25ee6e20 JavaThread "Cache worker for Build Output Cleanup Cache (D:\Dicoding\Belajar Fundamental Aplikasi Android\GPT\3. Latihan Fragment + Kirim Menerima Data\.gradle\buildOutputCleanup)"        [_thread_blocked, id=2044, stack(0x000000b7b1400000,0x000000b7b1500000) (1024K)]
  0x0000029f2625fa20 JavaThread "File watcher server"        daemon [_thread_in_native, id=13424, stack(0x000000b7b1500000,0x000000b7b1600000) (1024K)]
  0x0000029f2625dfe0 JavaThread "File watcher consumer"      daemon [_thread_blocked, id=17708, stack(0x000000b7b1600000,0x000000b7b1700000) (1024K)]
  0x0000029f2625ed00 JavaThread "jar transforms"                    [_thread_blocked, id=8428, stack(0x000000b7b1700000,0x000000b7b1800000) (1024K)]
  0x0000029f2625f390 JavaThread "jar transforms Thread 2"           [_thread_blocked, id=3000, stack(0x000000b7b1800000,0x000000b7b1900000) (1024K)]
  0x0000029f26261460 JavaThread "jar transforms Thread 3"           [_thread_blocked, id=9608, stack(0x000000b7b1900000,0x000000b7b1a00000) (1024K)]
  0x0000029f262600b0 JavaThread "jar transforms Thread 4"           [_thread_blocked, id=5716, stack(0x000000b7b1a00000,0x000000b7b1b00000) (1024K)]
  0x0000029f26260740 JavaThread "jar transforms Thread 5"           [_thread_blocked, id=17576, stack(0x000000b7b1b00000,0x000000b7b1c00000) (1024K)]
  0x0000029f26260dd0 JavaThread "jar transforms Thread 6"           [_thread_blocked, id=16616, stack(0x000000b7b1c00000,0x000000b7b1d00000) (1024K)]
  0x0000029f26261af0 JavaThread "jar transforms Thread 7"           [_thread_blocked, id=18804, stack(0x000000b7b1d00000,0x000000b7b1e00000) (1024K)]
  0x0000029f2625e670 JavaThread "jar transforms Thread 8"           [_thread_blocked, id=6856, stack(0x000000b7b1e00000,0x000000b7b1f00000) (1024K)]
  0x0000029f26263530 JavaThread "Cache worker for checksums cache (D:\Dicoding\Belajar Fundamental Aplikasi Android\GPT\3. Latihan Fragment + Kirim Menerima Data\.gradle\8.13\checksums)"        [_thread_blocked, id=14816, stack(0x000000b7b1f00000,0x000000b7b2000000) (1024K)]
  0x0000029f26263bc0 JavaThread "Cache worker for file content cache (C:\Users\Asus\Downloads\gradle\gradle-9.0.0\caches\8.13\fileContent)"        [_thread_blocked, id=7796, stack(0x000000b7b2000000,0x000000b7b2100000) (1024K)]
  0x0000029f26264f70 JavaThread "Cache worker for cache directory md-supplier (C:\Users\Asus\Downloads\gradle\gradle-9.0.0\caches\8.13\md-supplier)"        [_thread_blocked, id=15880, stack(0x000000b7b2100000,0x000000b7b2200000) (1024K)]
  0x0000029f29a1bb60 JavaThread "Cache worker for cache directory md-rule (C:\Users\Asus\Downloads\gradle\gradle-9.0.0\caches\8.13\md-rule)"        [_thread_blocked, id=6980, stack(0x000000b7b2200000,0x000000b7b2300000) (1024K)]
  0x0000029f29a1c1f0 JavaThread "Unconstrained build operations"        [_thread_blocked, id=12328, stack(0x000000b7b1100000,0x000000b7b1200000) (1024K)]
  0x0000029f29a1fd00 JavaThread "Unconstrained build operations Thread 2"        [_thread_blocked, id=8164, stack(0x000000b7b2300000,0x000000b7b2400000) (1024K)]
  0x0000029f29a1e950 JavaThread "Unconstrained build operations Thread 3"        [_thread_blocked, id=6160, stack(0x000000b7b2400000,0x000000b7b2500000) (1024K)]
  0x0000029f29a1efe0 JavaThread "Unconstrained build operations Thread 4"        [_thread_blocked, id=20832, stack(0x000000b7b2500000,0x000000b7b2600000) (1024K)]
  0x0000029f29a1e2c0 JavaThread "Unconstrained build operations Thread 5"        [_thread_blocked, id=536, stack(0x000000b7b2700000,0x000000b7b2800000) (1024K)]
  0x0000029f29a1dc30 JavaThread "Unconstrained build operations Thread 6"        [_thread_blocked, id=16300, stack(0x000000b7b2800000,0x000000b7b2900000) (1024K)]
  0x0000029f29a1c880 JavaThread "Unconstrained build operations Thread 7"        [_thread_blocked, id=6604, stack(0x000000b7b2900000,0x000000b7b2a00000) (1024K)]
  0x0000029f29a20390 JavaThread "Unconstrained build operations Thread 8"        [_thread_blocked, id=204, stack(0x000000b7b2a00000,0x000000b7b2b00000) (1024K)]
  0x0000029f29a20a20 JavaThread "Unconstrained build operations Thread 9"        [_thread_blocked, id=12376, stack(0x000000b7b2b00000,0x000000b7b2c00000) (1024K)]
  0x0000029f29a1d5a0 JavaThread "Unconstrained build operations Thread 10"        [_thread_blocked, id=3932, stack(0x000000b7b2c00000,0x000000b7b2d00000) (1024K)]
  0x0000029f29a210b0 JavaThread "Unconstrained build operations Thread 11"        [_thread_blocked, id=13260, stack(0x000000b7b2d00000,0x000000b7b2e00000) (1024K)]
  0x0000029f29a21740 JavaThread "Unconstrained build operations Thread 12"        [_thread_blocked, id=9176, stack(0x000000b7b2e00000,0x000000b7b2f00000) (1024K)]
  0x0000029f29a22460 JavaThread "Unconstrained build operations Thread 13"        [_thread_blocked, id=15304, stack(0x000000b7b2f00000,0x000000b7b3000000) (1024K)]
  0x0000029f29a21dd0 JavaThread "Unconstrained build operations Thread 14"        [_thread_blocked, id=8616, stack(0x000000b7b3000000,0x000000b7b3100000) (1024K)]
  0x0000029f29a22af0 JavaThread "Unconstrained build operations Thread 15"        [_thread_blocked, id=16868, stack(0x000000b7b3100000,0x000000b7b3200000) (1024K)]
  0x0000029f29a23180 JavaThread "Unconstrained build operations Thread 16"        [_thread_blocked, id=11396, stack(0x000000b7b3200000,0x000000b7b3300000) (1024K)]
  0x0000029f286dd270 JavaThread "Unconstrained build operations Thread 17"        [_thread_blocked, id=7160, stack(0x000000b7b3300000,0x000000b7b3400000) (1024K)]
  0x0000029f286dbec0 JavaThread "Unconstrained build operations Thread 18"        [_thread_blocked, id=15996, stack(0x000000b7b3400000,0x000000b7b3500000) (1024K)]
Total: 58

Other Threads:
  0x0000029f1fcc0570 VMThread "VM Thread"                           [id=21920, stack(0x000000b7af200000,0x000000b7af300000) (1024K)]
  0x0000029f1fc7c620 WatcherThread "VM Periodic Task Thread"        [id=4900, stack(0x000000b7af100000,0x000000b7af200000) (1024K)]
  0x0000029f0623e060 WorkerThread "GC Thread#0"                     [id=3336, stack(0x000000b7aec00000,0x000000b7aed00000) (1024K)]
  0x0000029f24714c10 WorkerThread "GC Thread#1"                     [id=7948, stack(0x000000b7aff00000,0x000000b7b0000000) (1024K)]
  0x0000029f24714fb0 WorkerThread "GC Thread#2"                     [id=10872, stack(0x000000b7b0000000,0x000000b7b0100000) (1024K)]
  0x0000029f251e80d0 WorkerThread "GC Thread#3"                     [id=1424, stack(0x000000b7b0100000,0x000000b7b0200000) (1024K)]
  0x0000029f2519e9a0 WorkerThread "GC Thread#4"                     [id=728, stack(0x000000b7b0200000,0x000000b7b0300000) (1024K)]
  0x0000029f25bd7ce0 WorkerThread "GC Thread#5"                     [id=6472, stack(0x000000b7afe00000,0x000000b7aff00000) (1024K)]
  0x0000029f25f18690 WorkerThread "GC Thread#6"                     [id=13060, stack(0x000000b7b0c00000,0x000000b7b0d00000) (1024K)]
  0x0000029f25f18a30 WorkerThread "GC Thread#7"                     [id=15276, stack(0x000000b7b0d00000,0x000000b7b0e00000) (1024K)]
  0x0000029f08635940 ConcurrentGCThread "G1 Main Marker"            [id=17208, stack(0x000000b7aed00000,0x000000b7aee00000) (1024K)]
  0x0000029f08637d70 WorkerThread "G1 Conc#0"                       [id=21524, stack(0x000000b7aee00000,0x000000b7aef00000) (1024K)]
  0x0000029f25f3ba10 WorkerThread "G1 Conc#1"                       [id=8020, stack(0x000000b7b0e00000,0x000000b7b0f00000) (1024K)]
  0x0000029f1fb53530 ConcurrentGCThread "G1 Refine#0"               [id=13636, stack(0x000000b7aef00000,0x000000b7af000000) (1024K)]
  0x0000029f1fb53d50 ConcurrentGCThread "G1 Service"                [id=10932, stack(0x000000b7af000000,0x000000b7af100000) (1024K)]
Total: 15

Threads with active compile tasks:
C2 CompilerThread0  33558 9148       4       org.jetbrains.kotlin.load.java.structure.impl.classFiles.BinaryClassSignatureParser::parseParameterizedClassRefSignature (257 bytes)
Total: 1

VM state: not at safepoint (normal execution)

VM Mutex/Monitor currently owned by a thread: None

Heap address: 0x0000000080000000, size: 2048 MB, Compressed Oops mode: 32-bit

CDS archive(s) not mapped
Compressed class space mapped at: 0x0000000100000000-0x0000000140000000, reserved size: 1073741824
Narrow klass base: 0x0000000000000000, Narrow klass shift: 3, Narrow klass range: 0x140000000

GC Precious Log:
 CardTable entry size: 512
 Card Set container configuration: InlinePtr #cards 5 size 8 Array Of Cards #cards 12 size 40 Howl #buckets 4 coarsen threshold 1843 Howl Bitmap #cards 512 size 80 coarsen threshold 460 Card regions per heap region 1 cards per card region 2048
 CPUs: 8 total, 8 available
 Memory: 7990M
 Large Page Support: Disabled
 NUMA Support: Disabled
 Compressed Oops: Enabled (32-bit)
 Heap Region Size: 1M
 Heap Min Capacity: 8M
 Heap Initial Capacity: 126M
 Heap Max Capacity: 2G
 Pre-touch: Disabled
 Parallel Workers: 8
 Concurrent Workers: 2
 Concurrent Refinement Workers: 8
 Periodic GC: Disabled

Heap:
 garbage-first heap   total 229376K, used 171297K [0x0000000080000000, 0x0000000100000000)
  region size 1024K, 42 young (43008K), 6 survivors (6144K)
 Metaspace       used 107868K, committed 109952K, reserved 1179648K
  class space    used 14302K, committed 15296K, reserved 1048576K

Heap Regions: E=young(eden), S=young(survivor), O=old, HS=humongous(starts), HC=humongous(continues), CS=collection set, F=free, TAMS=top-at-mark-start, PB=parsable bottom
|   0|0x0000000080000000, 0x0000000080100000, 0x0000000080100000|100%|HS|  |TAMS 0x0000000080000000| PB 0x0000000080000000| Complete 
|   1|0x0000000080100000, 0x0000000080200000, 0x0000000080200000|100%|HC|  |TAMS 0x0000000080100000| PB 0x0000000080100000| Complete 
|   2|0x0000000080200000, 0x0000000080300000, 0x0000000080300000|100%|HC|  |TAMS 0x0000000080200000| PB 0x0000000080200000| Complete 
|   3|0x0000000080300000, 0x0000000080400000, 0x0000000080400000|100%| O|  |TAMS 0x0000000080300000| PB 0x0000000080300000| Untracked 
|   4|0x0000000080400000, 0x0000000080500000, 0x0000000080500000|100%| O|  |TAMS 0x0000000080400000| PB 0x0000000080400000| Untracked 
|   5|0x0000000080500000, 0x0000000080600000, 0x0000000080600000|100%| O|  |TAMS 0x0000000080500000| PB 0x0000000080500000| Untracked 
|   6|0x0000000080600000, 0x0000000080700000, 0x0000000080700000|100%|HS|  |TAMS 0x0000000080600000| PB 0x0000000080600000| Complete 
|   7|0x0000000080700000, 0x0000000080800000, 0x0000000080800000|100%| O|  |TAMS 0x0000000080700000| PB 0x0000000080700000| Untracked 
|   8|0x0000000080800000, 0x0000000080900000, 0x0000000080900000|100%| O|  |TAMS 0x0000000080800000| PB 0x0000000080800000| Untracked 
|   9|0x0000000080900000, 0x0000000080a00000, 0x0000000080a00000|100%| O|  |TAMS 0x0000000080900000| PB 0x0000000080900000| Untracked 
|  10|0x0000000080a00000, 0x0000000080b00000, 0x0000000080b00000|100%| O|  |TAMS 0x0000000080a00000| PB 0x0000000080a00000| Untracked 
|  11|0x0000000080b00000, 0x0000000080c00000, 0x0000000080c00000|100%| O|  |TAMS 0x0000000080b00000| PB 0x0000000080b00000| Untracked 
|  12|0x0000000080c00000, 0x0000000080d00000, 0x0000000080d00000|100%|HS|  |TAMS 0x0000000080c00000| PB 0x0000000080c00000| Complete 
|  13|0x0000000080d00000, 0x0000000080e00000, 0x0000000080e00000|100%| O|  |TAMS 0x0000000080d00000| PB 0x0000000080d00000| Untracked 
|  14|0x0000000080e00000, 0x0000000080f00000, 0x0000000080f00000|100%| O|  |TAMS 0x0000000080e00000| PB 0x0000000080e00000| Untracked 
|  15|0x0000000080f00000, 0x0000000081000000, 0x0000000081000000|100%| O|  |TAMS 0x0000000080f00000| PB 0x0000000080f00000| Untracked 
|  16|0x0000000081000000, 0x0000000081100000, 0x0000000081100000|100%| O|  |TAMS 0x0000000081000000| PB 0x0000000081000000| Untracked 
|  17|0x0000000081100000, 0x0000000081200000, 0x0000000081200000|100%| O|  |TAMS 0x0000000081100000| PB 0x0000000081100000| Untracked 
|  18|0x0000000081200000, 0x0000000081300000, 0x0000000081300000|100%| O|  |TAMS 0x0000000081200000| PB 0x0000000081200000| Untracked 
|  19|0x0000000081300000, 0x0000000081400000, 0x0000000081400000|100%| O|  |TAMS 0x0000000081300000| PB 0x0000000081300000| Untracked 
|  20|0x0000000081400000, 0x0000000081500000, 0x0000000081500000|100%| O|  |TAMS 0x0000000081400000| PB 0x0000000081400000| Untracked 
|  21|0x0000000081500000, 0x0000000081600000, 0x0000000081600000|100%|HS|  |TAMS 0x0000000081500000| PB 0x0000000081500000| Complete 
|  22|0x0000000081600000, 0x0000000081700000, 0x0000000081700000|100%|HC|  |TAMS 0x0000000081600000| PB 0x0000000081600000| Complete 
|  23|0x0000000081700000, 0x0000000081800000, 0x0000000081800000|100%|HC|  |TAMS 0x0000000081700000| PB 0x0000000081700000| Complete 
|  24|0x0000000081800000, 0x0000000081900000, 0x0000000081900000|100%|HC|  |TAMS 0x0000000081800000| PB 0x0000000081800000| Complete 
|  25|0x0000000081900000, 0x0000000081a00000, 0x0000000081a00000|100%|HC|  |TAMS 0x0000000081900000| PB 0x0000000081900000| Complete 
|  26|0x0000000081a00000, 0x0000000081b00000, 0x0000000081b00000|100%|HC|  |TAMS 0x0000000081a00000| PB 0x0000000081a00000| Complete 
|  27|0x0000000081b00000, 0x0000000081c00000, 0x0000000081c00000|100%| O|  |TAMS 0x0000000081b00000| PB 0x0000000081b00000| Untracked 
|  28|0x0000000081c00000, 0x0000000081d00000, 0x0000000081d00000|100%| O|  |TAMS 0x0000000081c00000| PB 0x0000000081c00000| Untracked 
|  29|0x0000000081d00000, 0x0000000081e00000, 0x0000000081e00000|100%|HS|  |TAMS 0x0000000081d00000| PB 0x0000000081d00000| Complete 
|  30|0x0000000081e00000, 0x0000000081f00000, 0x0000000081f00000|100%|HC|  |TAMS 0x0000000081e00000| PB 0x0000000081e00000| Complete 
|  31|0x0000000081f00000, 0x0000000082000000, 0x0000000082000000|100%|HC|  |TAMS 0x0000000081f00000| PB 0x0000000081f00000| Complete 
|  32|0x0000000082000000, 0x0000000082100000, 0x0000000082100000|100%|HC|  |TAMS 0x0000000082000000| PB 0x0000000082000000| Complete 
|  33|0x0000000082100000, 0x0000000082200000, 0x0000000082200000|100%|HS|  |TAMS 0x0000000082100000| PB 0x0000000082100000| Complete 
|  34|0x0000000082200000, 0x0000000082300000, 0x0000000082300000|100%|HC|  |TAMS 0x0000000082200000| PB 0x0000000082200000| Complete 
|  35|0x0000000082300000, 0x0000000082400000, 0x0000000082400000|100%|HS|  |TAMS 0x0000000082300000| PB 0x0000000082300000| Complete 
|  36|0x0000000082400000, 0x0000000082500000, 0x0000000082500000|100%|HS|  |TAMS 0x0000000082400000| PB 0x0000000082400000| Complete 
|  37|0x0000000082500000, 0x0000000082600000, 0x0000000082600000|100%|HC|  |TAMS 0x0000000082500000| PB 0x0000000082500000| Complete 
|  38|0x0000000082600000, 0x0000000082700000, 0x0000000082700000|100%|HC|  |TAMS 0x0000000082600000| PB 0x0000000082600000| Complete 
|  39|0x0000000082700000, 0x0000000082800000, 0x0000000082800000|100%|HC|  |TAMS 0x0000000082700000| PB 0x0000000082700000| Complete 
|  40|0x0000000082800000, 0x0000000082900000, 0x0000000082900000|100%|HC|  |TAMS 0x0000000082800000| PB 0x0000000082800000| Complete 
|  41|0x0000000082900000, 0x0000000082a00000, 0x0000000082a00000|100%|HC|  |TAMS 0x0000000082900000| PB 0x0000000082900000| Complete 
|  42|0x0000000082a00000, 0x0000000082b00000, 0x0000000082b00000|100%|HS|  |TAMS 0x0000000082a00000| PB 0x0000000082a00000| Complete 
|  43|0x0000000082b00000, 0x0000000082c00000, 0x0000000082c00000|100%|HS|  |TAMS 0x0000000082b00000| PB 0x0000000082b00000| Complete 
|  44|0x0000000082c00000, 0x0000000082d00000, 0x0000000082d00000|100%|HC|  |TAMS 0x0000000082c00000| PB 0x0000000082c00000| Complete 
|  45|0x0000000082d00000, 0x0000000082e00000, 0x0000000082e00000|100%|HC|  |TAMS 0x0000000082d00000| PB 0x0000000082d00000| Complete 
|  46|0x0000000082e00000, 0x0000000082f00000, 0x0000000082f00000|100%|HC|  |TAMS 0x0000000082e00000| PB 0x0000000082e00000| Complete 
|  47|0x0000000082f00000, 0x0000000083000000, 0x0000000083000000|100%|HS|  |TAMS 0x0000000082f00000| PB 0x0000000082f00000| Complete 
|  48|0x0000000083000000, 0x0000000083100000, 0x0000000083100000|100%|HC|  |TAMS 0x0000000083000000| PB 0x0000000083000000| Complete 
|  49|0x0000000083100000, 0x0000000083200000, 0x0000000083200000|100%|HS|  |TAMS 0x0000000083100000| PB 0x0000000083100000| Complete 
|  50|0x0000000083200000, 0x0000000083300000, 0x0000000083300000|100%| O|  |TAMS 0x0000000083200000| PB 0x0000000083200000| Untracked 
|  51|0x0000000083300000, 0x0000000083400000, 0x0000000083400000|100%| O|  |TAMS 0x0000000083300000| PB 0x0000000083300000| Untracked 
|  52|0x0000000083400000, 0x0000000083500000, 0x0000000083500000|100%| O|  |TAMS 0x0000000083400000| PB 0x0000000083400000| Untracked 
|  53|0x0000000083500000, 0x0000000083600000, 0x0000000083600000|100%| O|  |TAMS 0x0000000083500000| PB 0x0000000083500000| Untracked 
|  54|0x0000000083600000, 0x0000000083700000, 0x0000000083700000|100%| O|  |TAMS 0x0000000083600000| PB 0x0000000083600000| Untracked 
|  55|0x0000000083700000, 0x0000000083800000, 0x0000000083800000|100%| O|Cm|TAMS 0x0000000083700000| PB 0x0000000083700000| Complete 
|  56|0x0000000083800000, 0x0000000083900000, 0x0000000083900000|100%| O|  |TAMS 0x0000000083800000| PB 0x0000000083800000| Untracked 
|  57|0x0000000083900000, 0x0000000083a00000, 0x0000000083a00000|100%| O|  |TAMS 0x0000000083900000| PB 0x0000000083900000| Untracked 
|  58|0x0000000083a00000, 0x0000000083b00000, 0x0000000083b00000|100%| O|  |TAMS 0x0000000083a00000| PB 0x0000000083a00000| Untracked 
|  59|0x0000000083b00000, 0x0000000083c00000, 0x0000000083c00000|100%| O|  |TAMS 0x0000000083b00000| PB 0x0000000083b00000| Untracked 
|  60|0x0000000083c00000, 0x0000000083d00000, 0x0000000083d00000|100%| O|  |TAMS 0x0000000083c00000| PB 0x0000000083c00000| Untracked 
|  61|0x0000000083d00000, 0x0000000083e00000, 0x0000000083e00000|100%| O|  |TAMS 0x0000000083d00000| PB 0x0000000083d00000| Untracked 
|  62|0x0000000083e00000, 0x0000000083f00000, 0x0000000083f00000|100%|HS|  |TAMS 0x0000000083e00000| PB 0x0000000083e00000| Complete 
|  63|0x0000000083f00000, 0x0000000084000000, 0x0000000084000000|100%|HS|  |TAMS 0x0000000083f00000| PB 0x0000000083f00000| Complete 
|  64|0x0000000084000000, 0x0000000084100000, 0x0000000084100000|100%|HC|  |TAMS 0x0000000084000000| PB 0x0000000084000000| Complete 
|  65|0x0000000084100000, 0x0000000084200000, 0x0000000084200000|100%| O|  |TAMS 0x0000000084100000| PB 0x0000000084100000| Untracked 
|  66|0x0000000084200000, 0x0000000084300000, 0x0000000084300000|100%| O|  |TAMS 0x0000000084200000| PB 0x0000000084200000| Untracked 
|  67|0x0000000084300000, 0x0000000084400000, 0x0000000084400000|100%| O|  |TAMS 0x0000000084300000| PB 0x0000000084300000| Untracked 
|  68|0x0000000084400000, 0x0000000084500000, 0x0000000084500000|100%| O|  |TAMS 0x0000000084400000| PB 0x0000000084400000| Untracked 
|  69|0x0000000084500000, 0x0000000084600000, 0x0000000084600000|100%| O|  |TAMS 0x0000000084500000| PB 0x0000000084500000| Untracked 
|  70|0x0000000084600000, 0x0000000084700000, 0x0000000084700000|100%| O|  |TAMS 0x0000000084600000| PB 0x0000000084600000| Untracked 
|  71|0x0000000084700000, 0x0000000084800000, 0x0000000084800000|100%| O|  |TAMS 0x0000000084700000| PB 0x0000000084700000| Untracked 
|  72|0x0000000084800000, 0x0000000084900000, 0x0000000084900000|100%| O|  |TAMS 0x0000000084800000| PB 0x0000000084800000| Untracked 
|  73|0x0000000084900000, 0x0000000084a00000, 0x0000000084a00000|100%|HS|  |TAMS 0x0000000084900000| PB 0x0000000084900000| Complete 
|  74|0x0000000084a00000, 0x0000000084b00000, 0x0000000084b00000|100%|HC|  |TAMS 0x0000000084a00000| PB 0x0000000084a00000| Complete 
|  75|0x0000000084b00000, 0x0000000084c00000, 0x0000000084c00000|100%|HC|  |TAMS 0x0000000084b00000| PB 0x0000000084b00000| Complete 
|  76|0x0000000084c00000, 0x0000000084d00000, 0x0000000084d00000|100%|HC|  |TAMS 0x0000000084c00000| PB 0x0000000084c00000| Complete 
|  77|0x0000000084d00000, 0x0000000084e00000, 0x0000000084e00000|100%|HC|  |TAMS 0x0000000084d00000| PB 0x0000000084d00000| Complete 
|  78|0x0000000084e00000, 0x0000000084f00000, 0x0000000084f00000|100%|HC|  |TAMS 0x0000000084e00000| PB 0x0000000084e00000| Complete 
|  79|0x0000000084f00000, 0x0000000085000000, 0x0000000085000000|100%| O|  |TAMS 0x0000000084f00000| PB 0x0000000084f00000| Untracked 
|  80|0x0000000085000000, 0x0000000085100000, 0x0000000085100000|100%| O|  |TAMS 0x0000000085000000| PB 0x0000000085000000| Untracked 
|  81|0x0000000085100000, 0x0000000085200000, 0x0000000085200000|100%| O|  |TAMS 0x0000000085100000| PB 0x0000000085100000| Untracked 
|  82|0x0000000085200000, 0x0000000085300000, 0x0000000085300000|100%| O|  |TAMS 0x0000000085200000| PB 0x0000000085200000| Untracked 
|  83|0x0000000085300000, 0x0000000085400000, 0x0000000085400000|100%| O|  |TAMS 0x0000000085300000| PB 0x0000000085300000| Untracked 
|  84|0x0000000085400000, 0x0000000085500000, 0x0000000085500000|100%| O|  |TAMS 0x0000000085400000| PB 0x0000000085400000| Untracked 
|  85|0x0000000085500000, 0x0000000085600000, 0x0000000085600000|100%|HS|  |TAMS 0x0000000085500000| PB 0x0000000085500000| Complete 
|  86|0x0000000085600000, 0x0000000085700000, 0x0000000085700000|100%|HC|  |TAMS 0x0000000085600000| PB 0x0000000085600000| Complete 
|  87|0x0000000085700000, 0x0000000085800000, 0x0000000085800000|100%|HC|  |TAMS 0x0000000085700000| PB 0x0000000085700000| Complete 
|  88|0x0000000085800000, 0x0000000085900000, 0x0000000085900000|100%|HC|  |TAMS 0x0000000085800000| PB 0x0000000085800000| Complete 
|  89|0x0000000085900000, 0x0000000085a00000, 0x0000000085a00000|100%|HC|  |TAMS 0x0000000085900000| PB 0x0000000085900000| Complete 
|  90|0x0000000085a00000, 0x0000000085b00000, 0x0000000085b00000|100%|HC|  |TAMS 0x0000000085a00000| PB 0x0000000085a00000| Complete 
|  91|0x0000000085b00000, 0x0000000085c00000, 0x0000000085c00000|100%|HS|  |TAMS 0x0000000085b00000| PB 0x0000000085b00000| Complete 
|  92|0x0000000085c00000, 0x0000000085d00000, 0x0000000085d00000|100%| O|  |TAMS 0x0000000085c00000| PB 0x0000000085c00000| Untracked 
|  93|0x0000000085d00000, 0x0000000085e00000, 0x0000000085e00000|100%| O|  |TAMS 0x0000000085d00000| PB 0x0000000085d00000| Untracked 
|  94|0x0000000085e00000, 0x0000000085f00000, 0x0000000085f00000|100%| O|  |TAMS 0x0000000085e00000| PB 0x0000000085e00000| Untracked 
|  95|0x0000000085f00000, 0x0000000086000000, 0x0000000086000000|100%| O|  |TAMS 0x0000000085f00000| PB 0x0000000085f00000| Untracked 
|  96|0x0000000086000000, 0x0000000086100000, 0x0000000086100000|100%| O|Cm|TAMS 0x0000000086000000| PB 0x0000000086000000| Complete 
|  97|0x0000000086100000, 0x0000000086200000, 0x0000000086200000|100%|HS|  |TAMS 0x0000000086100000| PB 0x0000000086100000| Complete 
|  98|0x0000000086200000, 0x0000000086300000, 0x0000000086300000|100%| O|  |TAMS 0x0000000086200000| PB 0x0000000086200000| Untracked 
|  99|0x0000000086300000, 0x0000000086400000, 0x0000000086400000|100%| O|  |TAMS 0x0000000086300000| PB 0x0000000086300000| Untracked 
| 100|0x0000000086400000, 0x0000000086500000, 0x0000000086500000|100%| O|  |TAMS 0x0000000086400000| PB 0x0000000086400000| Untracked 
| 101|0x0000000086500000, 0x0000000086600000, 0x0000000086600000|100%| O|  |TAMS 0x0000000086500000| PB 0x0000000086500000| Untracked 
| 102|0x0000000086600000, 0x0000000086700000, 0x0000000086700000|100%| O|  |TAMS 0x0000000086600000| PB 0x0000000086600000| Untracked 
| 103|0x0000000086700000, 0x0000000086800000, 0x0000000086800000|100%| O|  |TAMS 0x0000000086700000| PB 0x0000000086700000| Untracked 
| 104|0x0000000086800000, 0x0000000086900000, 0x0000000086900000|100%| O|  |TAMS 0x0000000086800000| PB 0x0000000086800000| Untracked 
| 105|0x0000000086900000, 0x0000000086a00000, 0x0000000086a00000|100%| O|  |TAMS 0x0000000086900000| PB 0x0000000086900000| Untracked 
| 106|0x0000000086a00000, 0x0000000086b00000, 0x0000000086b00000|100%| O|  |TAMS 0x0000000086a00000| PB 0x0000000086a00000| Untracked 
| 107|0x0000000086b00000, 0x0000000086c00000, 0x0000000086c00000|100%| O|  |TAMS 0x0000000086b00000| PB 0x0000000086b00000| Untracked 
| 108|0x0000000086c00000, 0x0000000086d00000, 0x0000000086d00000|100%| O|  |TAMS 0x0000000086c00000| PB 0x0000000086c00000| Untracked 
| 109|0x0000000086d00000, 0x0000000086e00000, 0x0000000086e00000|100%| O|  |TAMS 0x0000000086d00000| PB 0x0000000086d00000| Untracked 
| 110|0x0000000086e00000, 0x0000000086f00000, 0x0000000086f00000|100%| O|  |TAMS 0x0000000086e00000| PB 0x0000000086e00000| Untracked 
| 111|0x0000000086f00000, 0x0000000087000000, 0x0000000087000000|100%| O|  |TAMS 0x0000000086f00000| PB 0x0000000086f00000| Untracked 
| 112|0x0000000087000000, 0x0000000087100000, 0x0000000087100000|100%| O|  |TAMS 0x0000000087000000| PB 0x0000000087000000| Untracked 
| 113|0x0000000087100000, 0x0000000087200000, 0x0000000087200000|100%|HS|  |TAMS 0x0000000087100000| PB 0x0000000087100000| Complete 
| 114|0x0000000087200000, 0x0000000087300000, 0x0000000087300000|100%|HC|  |TAMS 0x0000000087200000| PB 0x0000000087200000| Complete 
| 115|0x0000000087300000, 0x0000000087400000, 0x0000000087400000|100%|HC|  |TAMS 0x0000000087300000| PB 0x0000000087300000| Complete 
| 116|0x0000000087400000, 0x0000000087500000, 0x0000000087500000|100%|HC|  |TAMS 0x0000000087400000| PB 0x0000000087400000| Complete 
| 117|0x0000000087500000, 0x0000000087600000, 0x0000000087600000|100%|HC|  |TAMS 0x0000000087500000| PB 0x0000000087500000| Complete 
| 118|0x0000000087600000, 0x0000000087700000, 0x0000000087700000|100%|HC|  |TAMS 0x0000000087600000| PB 0x0000000087600000| Complete 
| 119|0x0000000087700000, 0x0000000087800000, 0x0000000087800000|100%| O|  |TAMS 0x0000000087700000| PB 0x0000000087700000| Untracked 
| 120|0x0000000087800000, 0x00000000878254a0, 0x0000000087900000| 14%| O|  |TAMS 0x0000000087800000| PB 0x0000000087800000| Untracked 
| 121|0x0000000087900000, 0x0000000087a00000, 0x0000000087a00000|100%|HS|  |TAMS 0x0000000087900000| PB 0x0000000087900000| Complete 
| 122|0x0000000087a00000, 0x0000000087a00000, 0x0000000087b00000|  0%| F|  |TAMS 0x0000000087a00000| PB 0x0000000087a00000| Untracked 
| 123|0x0000000087b00000, 0x0000000087b00000, 0x0000000087c00000|  0%| F|  |TAMS 0x0000000087b00000| PB 0x0000000087b00000| Untracked 
| 124|0x0000000087c00000, 0x0000000087c00000, 0x0000000087d00000|  0%| F|  |TAMS 0x0000000087c00000| PB 0x0000000087c00000| Untracked 
| 125|0x0000000087d00000, 0x0000000087d00000, 0x0000000087e00000|  0%| F|  |TAMS 0x0000000087d00000| PB 0x0000000087d00000| Untracked 
| 126|0x0000000087e00000, 0x0000000087e00000, 0x0000000087f00000|  0%| F|  |TAMS 0x0000000087e00000| PB 0x0000000087e00000| Untracked 
| 127|0x0000000087f00000, 0x0000000087f00000, 0x0000000088000000|  0%| F|  |TAMS 0x0000000087f00000| PB 0x0000000087f00000| Untracked 
| 128|0x0000000088000000, 0x0000000088000000, 0x0000000088100000|  0%| F|  |TAMS 0x0000000088000000| PB 0x0000000088000000| Untracked 
| 129|0x0000000088100000, 0x0000000088100000, 0x0000000088200000|  0%| F|  |TAMS 0x0000000088100000| PB 0x0000000088100000| Untracked 
| 130|0x0000000088200000, 0x0000000088200000, 0x0000000088300000|  0%| F|  |TAMS 0x0000000088200000| PB 0x0000000088200000| Untracked 
| 131|0x0000000088300000, 0x0000000088300000, 0x0000000088400000|  0%| F|  |TAMS 0x0000000088300000| PB 0x0000000088300000| Untracked 
| 132|0x0000000088400000, 0x0000000088400000, 0x0000000088500000|  0%| F|  |TAMS 0x0000000088400000| PB 0x0000000088400000| Untracked 
| 133|0x0000000088500000, 0x0000000088500000, 0x0000000088600000|  0%| F|  |TAMS 0x0000000088500000| PB 0x0000000088500000| Untracked 
| 134|0x0000000088600000, 0x0000000088600000, 0x0000000088700000|  0%| F|  |TAMS 0x0000000088600000| PB 0x0000000088600000| Untracked 
| 135|0x0000000088700000, 0x0000000088700000, 0x0000000088800000|  0%| F|  |TAMS 0x0000000088700000| PB 0x0000000088700000| Untracked 
| 136|0x0000000088800000, 0x0000000088800000, 0x0000000088900000|  0%| F|  |TAMS 0x0000000088800000| PB 0x0000000088800000| Untracked 
| 137|0x0000000088900000, 0x0000000088900000, 0x0000000088a00000|  0%| F|  |TAMS 0x0000000088900000| PB 0x0000000088900000| Untracked 
| 138|0x0000000088a00000, 0x0000000088a00000, 0x0000000088b00000|  0%| F|  |TAMS 0x0000000088a00000| PB 0x0000000088a00000| Untracked 
| 139|0x0000000088b00000, 0x0000000088b00000, 0x0000000088c00000|  0%| F|  |TAMS 0x0000000088b00000| PB 0x0000000088b00000| Untracked 
| 140|0x0000000088c00000, 0x0000000088c00000, 0x0000000088d00000|  0%| F|  |TAMS 0x0000000088c00000| PB 0x0000000088c00000| Untracked 
| 141|0x0000000088d00000, 0x0000000088d00000, 0x0000000088e00000|  0%| F|  |TAMS 0x0000000088d00000| PB 0x0000000088d00000| Untracked 
| 142|0x0000000088e00000, 0x0000000088e00000, 0x0000000088f00000|  0%| F|  |TAMS 0x0000000088e00000| PB 0x0000000088e00000| Untracked 
| 143|0x0000000088f00000, 0x0000000088f00000, 0x0000000089000000|  0%| F|  |TAMS 0x0000000088f00000| PB 0x0000000088f00000| Untracked 
| 144|0x0000000089000000, 0x0000000089000000, 0x0000000089100000|  0%| F|  |TAMS 0x0000000089000000| PB 0x0000000089000000| Untracked 
| 145|0x0000000089100000, 0x0000000089100000, 0x0000000089200000|  0%| F|  |TAMS 0x0000000089100000| PB 0x0000000089100000| Untracked 
| 146|0x0000000089200000, 0x0000000089200000, 0x0000000089300000|  0%| F|  |TAMS 0x0000000089200000| PB 0x0000000089200000| Untracked 
| 147|0x0000000089300000, 0x0000000089300000, 0x0000000089400000|  0%| F|  |TAMS 0x0000000089300000| PB 0x0000000089300000| Untracked 
| 148|0x0000000089400000, 0x0000000089400000, 0x0000000089500000|  0%| F|  |TAMS 0x0000000089400000| PB 0x0000000089400000| Untracked 
| 149|0x0000000089500000, 0x0000000089500000, 0x0000000089600000|  0%| F|  |TAMS 0x0000000089500000| PB 0x0000000089500000| Untracked 
| 150|0x0000000089600000, 0x0000000089600000, 0x0000000089700000|  0%| F|  |TAMS 0x0000000089600000| PB 0x0000000089600000| Untracked 
| 151|0x0000000089700000, 0x0000000089700000, 0x0000000089800000|  0%| F|  |TAMS 0x0000000089700000| PB 0x0000000089700000| Untracked 
| 152|0x0000000089800000, 0x0000000089800000, 0x0000000089900000|  0%| F|  |TAMS 0x0000000089800000| PB 0x0000000089800000| Untracked 
| 153|0x0000000089900000, 0x0000000089900000, 0x0000000089a00000|  0%| F|  |TAMS 0x0000000089900000| PB 0x0000000089900000| Untracked 
| 154|0x0000000089a00000, 0x0000000089a00000, 0x0000000089b00000|  0%| F|  |TAMS 0x0000000089a00000| PB 0x0000000089a00000| Untracked 
| 155|0x0000000089b00000, 0x0000000089b00000, 0x0000000089c00000|  0%| F|  |TAMS 0x0000000089b00000| PB 0x0000000089b00000| Untracked 
| 156|0x0000000089c00000, 0x0000000089c00000, 0x0000000089d00000|  0%| F|  |TAMS 0x0000000089c00000| PB 0x0000000089c00000| Untracked 
| 157|0x0000000089d00000, 0x0000000089d00000, 0x0000000089e00000|  0%| F|  |TAMS 0x0000000089d00000| PB 0x0000000089d00000| Untracked 
| 158|0x0000000089e00000, 0x0000000089e00000, 0x0000000089f00000|  0%| F|  |TAMS 0x0000000089e00000| PB 0x0000000089e00000| Untracked 
| 159|0x0000000089f00000, 0x0000000089f00000, 0x000000008a000000|  0%| F|  |TAMS 0x0000000089f00000| PB 0x0000000089f00000| Untracked 
| 160|0x000000008a000000, 0x000000008a000000, 0x000000008a100000|  0%| F|  |TAMS 0x000000008a000000| PB 0x000000008a000000| Untracked 
| 161|0x000000008a100000, 0x000000008a100000, 0x000000008a200000|  0%| F|  |TAMS 0x000000008a100000| PB 0x000000008a100000| Untracked 
| 162|0x000000008a200000, 0x000000008a200000, 0x000000008a300000|  0%| F|  |TAMS 0x000000008a200000| PB 0x000000008a200000| Untracked 
| 163|0x000000008a300000, 0x000000008a300000, 0x000000008a400000|  0%| F|  |TAMS 0x000000008a300000| PB 0x000000008a300000| Untracked 
| 164|0x000000008a400000, 0x000000008a400000, 0x000000008a500000|  0%| F|  |TAMS 0x000000008a400000| PB 0x000000008a400000| Untracked 
| 165|0x000000008a500000, 0x000000008a500000, 0x000000008a600000|  0%| F|  |TAMS 0x000000008a500000| PB 0x000000008a500000| Untracked 
| 166|0x000000008a600000, 0x000000008a600000, 0x000000008a700000|  0%| F|  |TAMS 0x000000008a600000| PB 0x000000008a600000| Untracked 
| 167|0x000000008a700000, 0x000000008a700000, 0x000000008a800000|  0%| F|  |TAMS 0x000000008a700000| PB 0x000000008a700000| Untracked 
| 168|0x000000008a800000, 0x000000008a800000, 0x000000008a900000|  0%| F|  |TAMS 0x000000008a800000| PB 0x000000008a800000| Untracked 
| 169|0x000000008a900000, 0x000000008a900000, 0x000000008aa00000|  0%| F|  |TAMS 0x000000008a900000| PB 0x000000008a900000| Untracked 
| 170|0x000000008aa00000, 0x000000008aa00000, 0x000000008ab00000|  0%| F|  |TAMS 0x000000008aa00000| PB 0x000000008aa00000| Untracked 
| 171|0x000000008ab00000, 0x000000008ab00000, 0x000000008ac00000|  0%| F|  |TAMS 0x000000008ab00000| PB 0x000000008ab00000| Untracked 
| 172|0x000000008ac00000, 0x000000008ac00000, 0x000000008ad00000|  0%| F|  |TAMS 0x000000008ac00000| PB 0x000000008ac00000| Untracked 
| 173|0x000000008ad00000, 0x000000008ad00000, 0x000000008ae00000|  0%| F|  |TAMS 0x000000008ad00000| PB 0x000000008ad00000| Untracked 
| 174|0x000000008ae00000, 0x000000008ae00000, 0x000000008af00000|  0%| F|  |TAMS 0x000000008ae00000| PB 0x000000008ae00000| Untracked 
| 175|0x000000008af00000, 0x000000008af00000, 0x000000008b000000|  0%| F|  |TAMS 0x000000008af00000| PB 0x000000008af00000| Untracked 
| 176|0x000000008b000000, 0x000000008b100000, 0x000000008b100000|100%| E|  |TAMS 0x000000008b000000| PB 0x000000008b000000| Complete 
| 177|0x000000008b100000, 0x000000008b200000, 0x000000008b200000|100%| E|CS|TAMS 0x000000008b100000| PB 0x000000008b100000| Complete 
| 178|0x000000008b200000, 0x000000008b223308, 0x000000008b300000| 13%| S|CS|TAMS 0x000000008b200000| PB 0x000000008b200000| Complete 
| 179|0x000000008b300000, 0x000000008b400000, 0x000000008b400000|100%| S|CS|TAMS 0x000000008b300000| PB 0x000000008b300000| Complete 
| 180|0x000000008b400000, 0x000000008b500000, 0x000000008b500000|100%| S|CS|TAMS 0x000000008b400000| PB 0x000000008b400000| Complete 
| 181|0x000000008b500000, 0x000000008b600000, 0x000000008b600000|100%| S|CS|TAMS 0x000000008b500000| PB 0x000000008b500000| Complete 
| 182|0x000000008b600000, 0x000000008b700000, 0x000000008b700000|100%| S|CS|TAMS 0x000000008b600000| PB 0x000000008b600000| Complete 
| 183|0x000000008b700000, 0x000000008b800000, 0x000000008b800000|100%| S|CS|TAMS 0x000000008b700000| PB 0x000000008b700000| Complete 
| 184|0x000000008b800000, 0x000000008b900000, 0x000000008b900000|100%| E|CS|TAMS 0x000000008b800000| PB 0x000000008b800000| Complete 
| 185|0x000000008b900000, 0x000000008ba00000, 0x000000008ba00000|100%| E|CS|TAMS 0x000000008b900000| PB 0x000000008b900000| Complete 
| 186|0x000000008ba00000, 0x000000008bb00000, 0x000000008bb00000|100%| E|CS|TAMS 0x000000008ba00000| PB 0x000000008ba00000| Complete 
| 187|0x000000008bb00000, 0x000000008bc00000, 0x000000008bc00000|100%| E|CS|TAMS 0x000000008bb00000| PB 0x000000008bb00000| Complete 
| 188|0x000000008bc00000, 0x000000008bd00000, 0x000000008bd00000|100%| E|CS|TAMS 0x000000008bc00000| PB 0x000000008bc00000| Complete 
| 189|0x000000008bd00000, 0x000000008be00000, 0x000000008be00000|100%| E|CS|TAMS 0x000000008bd00000| PB 0x000000008bd00000| Complete 
| 190|0x000000008be00000, 0x000000008bf00000, 0x000000008bf00000|100%| E|CS|TAMS 0x000000008be00000| PB 0x000000008be00000| Complete 
| 191|0x000000008bf00000, 0x000000008c000000, 0x000000008c000000|100%| E|CS|TAMS 0x000000008bf00000| PB 0x000000008bf00000| Complete 
| 192|0x000000008c000000, 0x000000008c100000, 0x000000008c100000|100%| E|CS|TAMS 0x000000008c000000| PB 0x000000008c000000| Complete 
| 193|0x000000008c100000, 0x000000008c200000, 0x000000008c200000|100%| E|CS|TAMS 0x000000008c100000| PB 0x000000008c100000| Complete 
| 194|0x000000008c200000, 0x000000008c300000, 0x000000008c300000|100%| E|CS|TAMS 0x000000008c200000| PB 0x000000008c200000| Complete 
| 195|0x000000008c300000, 0x000000008c400000, 0x000000008c400000|100%| E|CS|TAMS 0x000000008c300000| PB 0x000000008c300000| Complete 
| 196|0x000000008c400000, 0x000000008c500000, 0x000000008c500000|100%| E|CS|TAMS 0x000000008c400000| PB 0x000000008c400000| Complete 
| 197|0x000000008c500000, 0x000000008c600000, 0x000000008c600000|100%| E|CS|TAMS 0x000000008c500000| PB 0x000000008c500000| Complete 
| 198|0x000000008c600000, 0x000000008c700000, 0x000000008c700000|100%| E|CS|TAMS 0x000000008c600000| PB 0x000000008c600000| Complete 
| 199|0x000000008c700000, 0x000000008c800000, 0x000000008c800000|100%| E|CS|TAMS 0x000000008c700000| PB 0x000000008c700000| Complete 
| 200|0x000000008c800000, 0x000000008c900000, 0x000000008c900000|100%| E|CS|TAMS 0x000000008c800000| PB 0x000000008c800000| Complete 
| 201|0x000000008c900000, 0x000000008ca00000, 0x000000008ca00000|100%| E|CS|TAMS 0x000000008c900000| PB 0x000000008c900000| Complete 
| 202|0x000000008ca00000, 0x000000008cb00000, 0x000000008cb00000|100%| E|CS|TAMS 0x000000008ca00000| PB 0x000000008ca00000| Complete 
| 203|0x000000008cb00000, 0x000000008cc00000, 0x000000008cc00000|100%| E|CS|TAMS 0x000000008cb00000| PB 0x000000008cb00000| Complete 
| 204|0x000000008cc00000, 0x000000008cd00000, 0x000000008cd00000|100%| E|CS|TAMS 0x000000008cc00000| PB 0x000000008cc00000| Complete 
| 205|0x000000008cd00000, 0x000000008ce00000, 0x000000008ce00000|100%| E|CS|TAMS 0x000000008cd00000| PB 0x000000008cd00000| Complete 
| 206|0x000000008ce00000, 0x000000008cf00000, 0x000000008cf00000|100%| E|CS|TAMS 0x000000008ce00000| PB 0x000000008ce00000| Complete 
| 207|0x000000008cf00000, 0x000000008d000000, 0x000000008d000000|100%| E|CS|TAMS 0x000000008cf00000| PB 0x000000008cf00000| Complete 
| 208|0x000000008d000000, 0x000000008d100000, 0x000000008d100000|100%| E|CS|TAMS 0x000000008d000000| PB 0x000000008d000000| Complete 
| 209|0x000000008d100000, 0x000000008d200000, 0x000000008d200000|100%| E|CS|TAMS 0x000000008d100000| PB 0x000000008d100000| Complete 
| 210|0x000000008d200000, 0x000000008d300000, 0x000000008d300000|100%| E|CS|TAMS 0x000000008d200000| PB 0x000000008d200000| Complete 
| 211|0x000000008d300000, 0x000000008d400000, 0x000000008d400000|100%| E|CS|TAMS 0x000000008d300000| PB 0x000000008d300000| Complete 
| 212|0x000000008d400000, 0x000000008d500000, 0x000000008d500000|100%| E|CS|TAMS 0x000000008d400000| PB 0x000000008d400000| Complete 
| 213|0x000000008d500000, 0x000000008d600000, 0x000000008d600000|100%| E|CS|TAMS 0x000000008d500000| PB 0x000000008d500000| Complete 
| 214|0x000000008d600000, 0x000000008d700000, 0x000000008d700000|100%| E|CS|TAMS 0x000000008d600000| PB 0x000000008d600000| Complete 
| 215|0x000000008d700000, 0x000000008d800000, 0x000000008d800000|100%| E|CS|TAMS 0x000000008d700000| PB 0x000000008d700000| Complete 
| 216|0x000000008d800000, 0x000000008d900000, 0x000000008d900000|100%| E|CS|TAMS 0x000000008d800000| PB 0x000000008d800000| Complete 
| 217|0x000000008d900000, 0x000000008da00000, 0x000000008da00000|100%| E|CS|TAMS 0x000000008d900000| PB 0x000000008d900000| Complete 
|2042|0x00000000ffa00000, 0x00000000ffb00000, 0x00000000ffb00000|100%| O|  |TAMS 0x00000000ffa00000| PB 0x00000000ffa00000| Untracked 
|2043|0x00000000ffb00000, 0x00000000ffc00000, 0x00000000ffc00000|100%| O|  |TAMS 0x00000000ffb00000| PB 0x00000000ffb00000| Untracked 
|2044|0x00000000ffc00000, 0x00000000ffd00000, 0x00000000ffd00000|100%| O|Cm|TAMS 0x00000000ffc00000| PB 0x00000000ffc00000| Complete 
|2045|0x00000000ffd00000, 0x00000000ffe00000, 0x00000000ffe00000|100%| O|  |TAMS 0x00000000ffd00000| PB 0x00000000ffd00000| Untracked 
|2046|0x00000000ffe00000, 0x00000000fff00000, 0x00000000fff00000|100%| O|  |TAMS 0x00000000ffe00000| PB 0x00000000ffe00000| Untracked 
|2047|0x00000000fff00000, 0x0000000100000000, 0x0000000100000000|100%| O|  |TAMS 0x00000000fff00000| PB 0x00000000fff00000| Untracked 

Card table byte_map: [0x0000029f1ae50000,0x0000029f1b250000] _byte_map_base: 0x0000029f1aa50000

Marking Bits: (CMBitMap*) 0x0000029f0623e670
 Bits: [0x0000029f1b250000, 0x0000029f1d250000)

Polling page: 0x0000029f06430000

Metaspace:

Usage:
  Non-class:     91.38 MB used.
      Class:     13.97 MB used.
       Both:    105.35 MB used.

Virtual space:
  Non-class space:      128.00 MB reserved,      92.44 MB ( 72%) committed,  2 nodes.
      Class space:        1.00 GB reserved,      14.94 MB (  1%) committed,  1 nodes.
             Both:        1.12 GB reserved,     107.38 MB (  9%) committed. 

Chunk freelists:
   Non-Class:  3.14 MB
       Class:  1.00 MB
        Both:  4.14 MB

MaxMetaspaceSize: unlimited
CompressedClassSpaceSize: 1.00 GB
Initial GC threshold: 21.00 MB
Current GC threshold: 177.31 MB
CDS: off
 - commit_granule_bytes: 65536.
 - commit_granule_words: 8192.
 - virtual_space_node_default_size: 8388608.
 - enlarge_chunks_in_place: 1.
 - use_allocation_guard: 0.


Internal statistics:

num_allocs_failed_limit: 6.
num_arena_births: 3886.
num_arena_deaths: 4.
num_vsnodes_births: 3.
num_vsnodes_deaths: 0.
num_space_committed: 1716.
num_space_uncommitted: 0.
num_chunks_returned_to_freelist: 15.
num_chunks_taken_from_freelist: 8215.
num_chunk_merges: 6.
num_chunk_splits: 5646.
num_chunks_enlarged: 3797.
num_inconsistent_stats: 0.

CodeHeap 'non-profiled nmethods': size=120000Kb used=4614Kb max_used=4614Kb free=115385Kb
 bounds [0x0000029f131f0000, 0x0000029f13680000, 0x0000029f1a720000]
CodeHeap 'profiled nmethods': size=120000Kb used=14632Kb max_used=14632Kb free=105368Kb
 bounds [0x0000029f0b720000, 0x0000029f0c570000, 0x0000029f12c50000]
CodeHeap 'non-nmethods': size=5760Kb used=2882Kb max_used=2978Kb free=2877Kb
 bounds [0x0000029f12c50000, 0x0000029f12f50000, 0x0000029f131f0000]
 total_blobs=8632 nmethods=7635 adapters=901
 compilation: enabled
              stopped_count=0, restarted_count=0
 full_count=0

Compilation events (20 events):
Event: 32.447 Thread 0x0000029f240a4b50 9212       3       org.jetbrains.kotlin.protobuf.AbstractMessageLite$Builder$LimitedInputStream::read (46 bytes)
Event: 32.448 Thread 0x0000029f240a4b50 nmethod 9212 0x0000029f0c558e90 code [0x0000029f0c559060, 0x0000029f0c5593c8]
Event: 32.448 Thread 0x0000029f240a4b50 9211       1       org.jetbrains.kotlin.descriptors.impl.ValueParameterDescriptorImpl::getIndex (5 bytes)
Event: 32.448 Thread 0x0000029f240a4b50 nmethod 9211 0x0000029f134cba10 code [0x0000029f134cbba0, 0x0000029f134cbc68]
Event: 32.454 Thread 0x0000029f240a4b50 9215       1       org.jetbrains.kotlin.load.java.lazy.JavaResolverComponents::getKotlinClassFinder (5 bytes)
Event: 32.454 Thread 0x0000029f240a4b50 nmethod 9215 0x0000029f134cb710 code [0x0000029f134cb8a0, 0x0000029f134cb968]
Event: 32.465 Thread 0x0000029f240a4b50 9216       3       org.jetbrains.kotlin.descriptors.impl.ModuleDescriptorImpl::assertValid (15 bytes)
Event: 32.465 Thread 0x0000029f240a4b50 nmethod 9216 0x0000029f0c559510 code [0x0000029f0c5596c0, 0x0000029f0c559838]
Event: 32.465 Thread 0x0000029f240a4b50 9217       3       kotlin.sequences.SequencesKt___SequencesKt::filterNotNull (24 bytes)
Event: 32.466 Thread 0x0000029f240a4b50 nmethod 9217 0x0000029f0c559910 code [0x0000029f0c559ba0, 0x0000029f0c55a558]
Event: 32.466 Thread 0x0000029f240a4b50 9218       3       kotlin.sequences.SequencesKt___SequencesKt::filterNot (26 bytes)
Event: 32.468 Thread 0x0000029f240a4b50 nmethod 9218 0x0000029f0c55a910 code [0x0000029f0c55aca0, 0x0000029f0c55c0a0]
Event: 32.468 Thread 0x0000029f240a4b50 9219       3       org.jetbrains.kotlin.com.intellij.util.containers.IntArrayList::ensureCapacity (39 bytes)
Event: 32.469 Thread 0x0000029f240a4b50 nmethod 9219 0x0000029f0c55c810 code [0x0000029f0c55c9c0, 0x0000029f0c55cbf0]
Event: 32.469 Thread 0x0000029f240a4b50 9220       3       org.jetbrains.kotlin.it.unimi.dsi.fastutil.HashCommon::arraySize (71 bytes)
Event: 32.470 Thread 0x0000029f240a4b50 nmethod 9220 0x0000029f0c55cd10 code [0x0000029f0c55cfe0, 0x0000029f0c55da80]
Event: 32.486 Thread 0x0000029f240a4b50 9221       1       org.jetbrains.kotlin.load.java.structure.impl.classFiles.BinaryJavaClass::getFields (5 bytes)
Event: 32.486 Thread 0x0000029f240a4b50 nmethod 9221 0x0000029f134cb410 code [0x0000029f134cb5a0, 0x0000029f134cb668]
Event: 32.487 Thread 0x0000029f240a4b50 9222       3       org.jetbrains.org.objectweb.asm.ClassReader::readConst (276 bytes)
Event: 33.482 Thread 0x0000029f240a4b50 nmethod 9222 0x0000029f0c55df90 code [0x0000029f0c55e440, 0x0000029f0c55fee0]

GC Heap History (20 events):
Event: 16.391 GC heap before
{Heap before GC invocations=24 (full 0):
 garbage-first heap   total 151552K, used 132243K [0x0000000080000000, 0x0000000100000000)
  region size 1024K, 46 young (47104K), 7 survivors (7168K)
 Metaspace       used 64347K, committed 65920K, reserved 1114112K
  class space    used 8740K, committed 9472K, reserved 1048576K
}
Event: 16.401 GC heap after
{Heap after GC invocations=25 (full 0):
 garbage-first heap   total 151552K, used 94835K [0x0000000080000000, 0x0000000100000000)
  region size 1024K, 2 young (2048K), 2 survivors (2048K)
 Metaspace       used 64347K, committed 65920K, reserved 1114112K
  class space    used 8740K, committed 9472K, reserved 1048576K
}
Event: 17.217 GC heap before
{Heap before GC invocations=26 (full 0):
 garbage-first heap   total 171008K, used 148083K [0x0000000080000000, 0x0000000100000000)
  region size 1024K, 46 young (47104K), 2 survivors (2048K)
 Metaspace       used 67288K, committed 68928K, reserved 1114112K
  class space    used 9005K, committed 9792K, reserved 1048576K
}
Event: 17.220 GC heap after
{Heap after GC invocations=27 (full 0):
 garbage-first heap   total 171008K, used 103195K [0x0000000080000000, 0x0000000100000000)
  region size 1024K, 4 young (4096K), 4 survivors (4096K)
 Metaspace       used 67288K, committed 68928K, reserved 1114112K
  class space    used 9005K, committed 9792K, reserved 1048576K
}
Event: 19.299 GC heap before
{Heap before GC invocations=27 (full 0):
 garbage-first heap   total 171008K, used 156443K [0x0000000080000000, 0x0000000100000000)
  region size 1024K, 56 young (57344K), 4 survivors (4096K)
 Metaspace       used 75589K, committed 77312K, reserved 1179648K
  class space    used 10504K, committed 11328K, reserved 1048576K
}
Event: 19.306 GC heap after
{Heap after GC invocations=28 (full 0):
 garbage-first heap   total 171008K, used 103853K [0x0000000080000000, 0x0000000100000000)
  region size 1024K, 5 young (5120K), 5 survivors (5120K)
 Metaspace       used 75589K, committed 77312K, reserved 1179648K
  class space    used 10504K, committed 11328K, reserved 1048576K
}
Event: 20.946 GC heap before
{Heap before GC invocations=28 (full 0):
 garbage-first heap   total 171008K, used 156077K [0x0000000080000000, 0x0000000100000000)
  region size 1024K, 56 young (57344K), 5 survivors (5120K)
 Metaspace       used 83627K, committed 85440K, reserved 1179648K
  class space    used 11492K, committed 12352K, reserved 1048576K
}
Event: 20.955 GC heap after
{Heap after GC invocations=29 (full 0):
 garbage-first heap   total 171008K, used 105301K [0x0000000080000000, 0x0000000100000000)
  region size 1024K, 5 young (5120K), 5 survivors (5120K)
 Metaspace       used 83627K, committed 85440K, reserved 1179648K
  class space    used 11492K, committed 12352K, reserved 1048576K
}
Event: 21.877 GC heap before
{Heap before GC invocations=30 (full 0):
 garbage-first heap   total 178176K, used 161621K [0x0000000080000000, 0x0000000100000000)
  region size 1024K, 53 young (54272K), 5 survivors (5120K)
 Metaspace       used 86921K, committed 88704K, reserved 1179648K
  class space    used 11877K, committed 12736K, reserved 1048576K
}
Event: 21.890 GC heap after
{Heap after GC invocations=31 (full 0):
 garbage-first heap   total 178176K, used 119282K [0x0000000080000000, 0x0000000100000000)
  region size 1024K, 7 young (7168K), 7 survivors (7168K)
 Metaspace       used 86921K, committed 88704K, reserved 1179648K
  class space    used 11877K, committed 12736K, reserved 1048576K
}
Event: 24.587 GC heap before
{Heap before GC invocations=31 (full 0):
 garbage-first heap   total 178176K, used 161266K [0x0000000080000000, 0x0000000100000000)
  region size 1024K, 47 young (48128K), 7 survivors (7168K)
 Metaspace       used 90614K, committed 92352K, reserved 1179648K
  class space    used 12285K, committed 13120K, reserved 1048576K
}
Event: 24.607 GC heap after
{Heap after GC invocations=32 (full 0):
 garbage-first heap   total 178176K, used 120505K [0x0000000080000000, 0x0000000100000000)
  region size 1024K, 6 young (6144K), 6 survivors (6144K)
 Metaspace       used 90614K, committed 92352K, reserved 1179648K
  class space    used 12285K, committed 13120K, reserved 1048576K
}
Event: 24.709 GC heap before
{Heap before GC invocations=32 (full 0):
 garbage-first heap   total 178176K, used 124601K [0x0000000080000000, 0x0000000100000000)
  region size 1024K, 11 young (11264K), 6 survivors (6144K)
 Metaspace       used 91121K, committed 92864K, reserved 1179648K
  class space    used 12351K, committed 13184K, reserved 1048576K
}
Event: 24.716 GC heap after
{Heap after GC invocations=33 (full 0):
 garbage-first heap   total 178176K, used 122002K [0x0000000080000000, 0x0000000100000000)
  region size 1024K, 2 young (2048K), 2 survivors (2048K)
 Metaspace       used 91121K, committed 92864K, reserved 1179648K
  class space    used 12351K, committed 13184K, reserved 1048576K
}
Event: 26.303 GC heap before
{Heap before GC invocations=34 (full 0):
 garbage-first heap   total 215040K, used 170130K [0x0000000080000000, 0x0000000100000000)
  region size 1024K, 43 young (44032K), 2 survivors (2048K)
 Metaspace       used 95683K, committed 97344K, reserved 1179648K
  class space    used 12758K, committed 13568K, reserved 1048576K
}
Event: 26.308 GC heap after
{Heap after GC invocations=35 (full 0):
 garbage-first heap   total 215040K, used 130507K [0x0000000080000000, 0x0000000100000000)
  region size 1024K, 4 young (4096K), 4 survivors (4096K)
 Metaspace       used 95683K, committed 97344K, reserved 1179648K
  class space    used 12758K, committed 13568K, reserved 1048576K
}
Event: 29.171 GC heap before
{Heap before GC invocations=35 (full 0):
 garbage-first heap   total 215040K, used 197067K [0x0000000080000000, 0x0000000100000000)
  region size 1024K, 69 young (70656K), 4 survivors (4096K)
 Metaspace       used 103865K, committed 105920K, reserved 1179648K
  class space    used 13769K, committed 14784K, reserved 1048576K
}
Event: 29.184 GC heap after
{Heap after GC invocations=36 (full 0):
 garbage-first heap   total 215040K, used 132952K [0x0000000080000000, 0x0000000100000000)
  region size 1024K, 8 young (8192K), 8 survivors (8192K)
 Metaspace       used 103865K, committed 105920K, reserved 1179648K
  class space    used 13769K, committed 14784K, reserved 1048576K
}
Event: 30.297 GC heap before
{Heap before GC invocations=36 (full 0):
 garbage-first heap   total 215040K, used 152408K [0x0000000080000000, 0x0000000100000000)
  region size 1024K, 28 young (28672K), 8 survivors (8192K)
 Metaspace       used 106863K, committed 108928K, reserved 1179648K
  class space    used 14182K, committed 15168K, reserved 1048576K
}
Event: 30.310 GC heap after
{Heap after GC invocations=37 (full 0):
 garbage-first heap   total 215040K, used 134433K [0x0000000080000000, 0x0000000100000000)
  region size 1024K, 6 young (6144K), 6 survivors (6144K)
 Metaspace       used 106863K, committed 108928K, reserved 1179648K
  class space    used 14182K, committed 15168K, reserved 1048576K
}

Dll operation events (3 events):
Event: 0.020 Loaded shared library C:\Program Files\Android\Android Studio\jbr\bin\java.dll
Event: 0.025 Loaded shared library C:\Program Files\Android\Android Studio\jbr\bin\zip.dll
Event: 0.645 Loaded shared library C:\Program Files\Android\Android Studio\jbr\bin\verify.dll

Deoptimization events (20 events):
Event: 29.610 Thread 0x0000029f25ee53e0 Uncommon trap: trap_request=0xffffffbe fr.pc=0x0000029f13399758 relative=0x00000000000002f8
Event: 29.610 Thread 0x0000029f25ee53e0 Uncommon trap: reason=profile_predicate action=maybe_recompile pc=0x0000029f13399758 method=java.util.regex.Pattern$BnM.optimize(Ljava/util/regex/Pattern$Node;)Ljava/util/regex/Pattern$Node; @ 67 c2
Event: 29.610 Thread 0x0000029f25ee53e0 DEOPT PACKING pc=0x0000029f13399758 sp=0x000000b7b08f0cc0
Event: 29.610 Thread 0x0000029f25ee53e0 DEOPT UNPACKING pc=0x0000029f12ca46a2 sp=0x000000b7b08f0c68 mode 2
Event: 29.810 Thread 0x0000029f25ee53e0 Uncommon trap: trap_request=0xffffff45 fr.pc=0x0000029f136445d0 relative=0x0000000000000110
Event: 29.810 Thread 0x0000029f25ee53e0 Uncommon trap: reason=unstable_if action=reinterpret pc=0x0000029f136445d0 method=java.text.StringCharacterIterator.current()C @ 19 c2
Event: 29.810 Thread 0x0000029f25ee53e0 DEOPT PACKING pc=0x0000029f136445d0 sp=0x000000b7b08f1110
Event: 29.810 Thread 0x0000029f25ee53e0 DEOPT UNPACKING pc=0x0000029f12ca46a2 sp=0x000000b7b08f10a8 mode 2
Event: 32.110 Thread 0x0000029f25ee53e0 Uncommon trap: trap_request=0xffffff45 fr.pc=0x0000029f135915bc relative=0x000000000000045c
Event: 32.110 Thread 0x0000029f25ee53e0 Uncommon trap: reason=unstable_if action=reinterpret pc=0x0000029f135915bc method=java.util.concurrent.ConcurrentHashMap.replaceNode(Ljava/lang/Object;Ljava/lang/Object;Ljava/lang/Object;)Ljava/lang/Object; @ 167 c2
Event: 32.110 Thread 0x0000029f25ee53e0 DEOPT PACKING pc=0x0000029f135915bc sp=0x000000b7b08f0a80
Event: 32.110 Thread 0x0000029f25ee53e0 DEOPT UNPACKING pc=0x0000029f12ca46a2 sp=0x000000b7b08f0a08 mode 2
Event: 32.210 Thread 0x0000029f25ee53e0 Uncommon trap: trap_request=0xffffffc6 fr.pc=0x0000029f13431a28 relative=0x0000000000000088
Event: 32.210 Thread 0x0000029f25ee53e0 Uncommon trap: reason=bimorphic_or_optimized_type_check action=maybe_recompile pc=0x0000029f13431a28 method=java.util.Collections$UnmodifiableCollection.size()I @ 4 c2
Event: 32.210 Thread 0x0000029f25ee53e0 DEOPT PACKING pc=0x0000029f13431a28 sp=0x000000b7b08f1c70
Event: 32.210 Thread 0x0000029f25ee53e0 DEOPT UNPACKING pc=0x0000029f12ca46a2 sp=0x000000b7b08f1bf8 mode 2
Event: 32.210 Thread 0x0000029f25ee53e0 Uncommon trap: trap_request=0xffffffc6 fr.pc=0x0000029f13431a28 relative=0x0000000000000088
Event: 32.210 Thread 0x0000029f25ee53e0 Uncommon trap: reason=bimorphic_or_optimized_type_check action=maybe_recompile pc=0x0000029f13431a28 method=java.util.Collections$UnmodifiableCollection.size()I @ 4 c2
Event: 32.210 Thread 0x0000029f25ee53e0 DEOPT PACKING pc=0x0000029f13431a28 sp=0x000000b7b08f2040
Event: 32.210 Thread 0x0000029f25ee53e0 DEOPT UNPACKING pc=0x0000029f12ca46a2 sp=0x000000b7b08f1fd0 mode 2

Classes loaded (20 events):
Event: 28.113 Loading class java/text/StringCharacterIterator
Event: 28.124 Loading class java/text/CharacterIterator
Event: 28.137 Loading class java/text/CharacterIterator done
Event: 28.137 Loading class java/text/StringCharacterIterator done
Event: 28.312 Loading class java/io/NotSerializableException
Event: 28.312 Loading class java/io/NotSerializableException done
Event: 29.304 Loading class java/util/function/IntUnaryOperator
Event: 29.304 Loading class java/util/function/IntUnaryOperator done
Event: 29.519 Loading class java/util/AbstractList$SubList
Event: 29.522 Loading class java/util/AbstractList$SubList done
Event: 29.522 Loading class java/util/AbstractList$SubList$1
Event: 29.522 Loading class java/util/AbstractList$SubList$1 done
Event: 29.982 Loading class java/util/EnumMap$EntrySet
Event: 29.988 Loading class java/util/EnumMap$EntrySet done
Event: 29.988 Loading class java/util/EnumMap$EntryIterator
Event: 29.988 Loading class java/util/EnumMap$EnumMapIterator
Event: 29.988 Loading class java/util/EnumMap$EnumMapIterator done
Event: 29.988 Loading class java/util/EnumMap$EntryIterator done
Event: 29.988 Loading class java/util/EnumMap$EntryIterator$Entry
Event: 29.988 Loading class java/util/EnumMap$EntryIterator$Entry done

Classes unloaded (12 events):
Event: 21.034 Thread 0x0000029f1fcc0570 Unloading class 0x0000000100908948 '_BuildScript_$_run_closure1$_closure2'
Event: 21.034 Thread 0x0000029f1fcc0570 Unloading class 0x0000000100908548 '_BuildScript_$_run_closure1'
Event: 21.034 Thread 0x0000029f1fcc0570 Unloading class 0x0000000100908000 '_BuildScript_'
Event: 24.827 Thread 0x0000029f1fcc0570 Unloading class 0x000000010092b148 '_BuildScript_$_run_closure1$_closure3'
Event: 24.827 Thread 0x0000029f1fcc0570 Unloading class 0x000000010092ad48 '_BuildScript_$_run_closure1$_closure2'
Event: 24.827 Thread 0x0000029f1fcc0570 Unloading class 0x000000010092a948 '_BuildScript_$_run_closure1'
Event: 24.827 Thread 0x0000029f1fcc0570 Unloading class 0x000000010092a400 '_BuildScript_'
Event: 24.827 Thread 0x0000029f1fcc0570 Unloading class 0x000000010092a000 'JetGradlePlugin$_apply_closure1$_closure2$_closure3'
Event: 24.827 Thread 0x0000029f1fcc0570 Unloading class 0x0000000100929990 'JetGradlePlugin$_apply_closure1$_closure2'
Event: 24.827 Thread 0x0000029f1fcc0570 Unloading class 0x0000000100929590 'JetGradlePlugin$_apply_closure1'
Event: 24.827 Thread 0x0000029f1fcc0570 Unloading class 0x00000001009292e0 'JetGradlePlugin'
Event: 24.827 Thread 0x0000029f1fcc0570 Unloading class 0x0000000100929000 'RegistryProcessor'

Classes redefined (0 events):
No events

Internal exceptions (20 events):
Event: 20.943 Thread 0x0000029f25ee53e0 Exception <a 'java/lang/NoSuchMethodError'{0x0000000086ed2d08}: 'long java.lang.invoke.DirectMethodHandle$Holder.invokeStatic(java.lang.Object, java.lang.Object, int)'> (0x0000000086ed2d08) 
thrown [s\src\hotspot\share\interpreter\linkResolver.cpp, line 784]
Event: 20.945 Thread 0x0000029f25ee53e0 Exception <a 'java/lang/NoSuchMethodError'{0x0000000086edf3d8}: 'java.lang.Object java.lang.invoke.DelegatingMethodHandle$Holder.reinvoke_L(java.lang.Object, int, long, java.lang.Object, java.lang.Object, int, java.lang.Object)'> (0x0000000086edf3d8) 
thrown [s\src\hotspot\share\interpreter\linkResolver.cpp, line 784]
Event: 21.479 Thread 0x0000029f25ee53e0 Exception <a 'java/lang/NoSuchMethodError'{0x0000000089537928}: 'java.lang.Object java.lang.invoke.Invokers$Holder.invokeExact_MT(java.lang.Object, java.lang.Object, long, java.lang.Object)'> (0x0000000089537928) 
thrown [s\src\hotspot\share\interpreter\linkResolver.cpp, line 784]
Event: 21.640 Thread 0x0000029f25ee53e0 Implicit null exception at 0x0000029f133dc16f to 0x0000029f133dcd28
Event: 22.256 Thread 0x0000029f25ee53e0 Implicit null exception at 0x0000029f13502600 to 0x0000029f13504808
Event: 27.249 Thread 0x0000029f25ee53e0 Exception <a 'java/lang/NoSuchMethodError'{0x000000008bfba640}: 'java.lang.Object java.lang.invoke.DirectMethodHandle$Holder.newInvokeSpecial(java.lang.Object, java.lang.Object, java.lang.Object, java.lang.Object, java.lang.Object, java.lang.Object, java.lang.Object, java.lang.Object, java.lang.Object, java.lang.Object, java.lang.Object, java.lang.Object, java.lang.Object, java.lang.Object)'> (0x000000008bfba640) 
thrown [s\src\hotspot\share\interpreter\linkResolver.cpp, line 784]
Event: 27.255 Thread 0x0000029f25ee53e0 Exception <a 'java/lang/NoSuchMethodError'{0x000000008be1b358}: 'java.lang.Object java.lang.invoke.DirectMethodHandle$Holder.newInvokeSpecial(java.lang.Object, java.lang.Object, java.lang.Object, java.lang.Object, java.lang.Object, java.lang.Object, java.lang.Object, java.lang.Object, java.lang.Object, java.lang.Object, java.lang.Object, java.lang.Object, java.lang.Object, java.lang.Object, java.lang.Object, java.lang.Object, java.lang.Object, java.lang.Object, java.lang.Object)'> (0x000000008be1b358) 
thr
Event: 27.256 Thread 0x0000029f25ee53e0 Exception <a 'java/lang/NoSuchMethodError'{0x000000008be22fb0}: 'java.lang.Object java.lang.invoke.DirectMethodHandle$Holder.invokeSpecial(java.lang.Object, java.lang.Object, java.lang.Object, java.lang.Object, java.lang.Object, java.lang.Object, java.lang.Object, java.lang.Object, java.lang.Object, java.lang.Object, java.lang.Object, java.lang.Object, java.lang.Object, java.lang.Object, java.lang.Object, java.lang.Object, java.lang.Object, java.lang.Object, java.lang.Object, java.lang.Object)'> (0x0000000
Event: 27.256 Thread 0x0000029f25ee53e0 Exception <a 'java/lang/NoSuchMethodError'{0x000000008be29820}: 'java.lang.Object java.lang.invoke.DelegatingMethodHandle$Holder.reinvoke_L(java.lang.Object, java.lang.Object, java.lang.Object, java.lang.Object, java.lang.Object, java.lang.Object, java.lang.Object, java.lang.Object, java.lang.Object, java.lang.Object, java.lang.Object, java.lang.Object, java.lang.Object, java.lang.Object, java.lang.Object, java.lang.Object, java.lang.Object, java.lang.Object, java.lang.Object)'> (0x000000008be29820) 
throw
Event: 27.270 Thread 0x0000029f25ee53e0 Exception <a 'java/lang/NoSuchMethodError'{0x000000008befeba8}: 'java.lang.Object java.lang.invoke.DirectMethodHandle$Holder.newInvokeSpecial(java.lang.Object, java.lang.Object, java.lang.Object, java.lang.Object, java.lang.Object, java.lang.Object, java.lang.Object, java.lang.Object, java.lang.Object, java.lang.Object, java.lang.Object, java.lang.Object, java.lang.Object, java.lang.Object, java.lang.Object, java.lang.Object, java.lang.Object, java.lang.Object, java.lang.Object, java.lang.Object, java.lang
Event: 27.300 Thread 0x0000029f25ee53e0 Exception <a 'java/lang/NoSuchMethodError'{0x000000008bceb518}: 'java.lang.Object java.lang.invoke.DirectMethodHandle$Holder.newInvokeSpecial(java.lang.Object, java.lang.Object, java.lang.Object, java.lang.Object, java.lang.Object, java.lang.Object, java.lang.Object, java.lang.Object, java.lang.Object, java.lang.Object, java.lang.Object, java.lang.Object, java.lang.Object, java.lang.Object, java.lang.Object, java.lang.Object, java.lang.Object, java.lang.Object, java.lang.Object, java.lang.Object)'> (0x0000
Event: 27.301 Thread 0x0000029f25ee53e0 Exception <a 'java/lang/NoSuchMethodError'{0x000000008bcf3188}: 'java.lang.Object java.lang.invoke.DirectMethodHandle$Holder.invokeSpecial(java.lang.Object, java.lang.Object, java.lang.Object, java.lang.Object, java.lang.Object, java.lang.Object, java.lang.Object, java.lang.Object, java.lang.Object, java.lang.Object, java.lang.Object, java.lang.Object, java.lang.Object, java.lang.Object, java.lang.Object, java.lang.Object, java.lang.Object, java.lang.Object, java.lang.Object, java.lang.Object, java.lang.Ob
Event: 27.302 Thread 0x0000029f25ee53e0 Exception <a 'java/lang/NoSuchMethodError'{0x000000008bcf9bf8}: 'java.lang.Object java.lang.invoke.DelegatingMethodHandle$Holder.reinvoke_L(java.lang.Object, java.lang.Object, java.lang.Object, java.lang.Object, java.lang.Object, java.lang.Object, java.lang.Object, java.lang.Object, java.lang.Object, java.lang.Object, java.lang.Object, java.lang.Object, java.lang.Object, java.lang.Object, java.lang.Object, java.lang.Object, java.lang.Object, java.lang.Object, java.lang.Object, java.lang.Object)'> (0x000000
Event: 27.501 Thread 0x0000029f25ee53e0 Exception <a 'java/lang/NoSuchMethodError'{0x000000008b4cd008}: 'java.lang.Object java.lang.invoke.DirectMethodHandle$Holder.newInvokeSpecial(java.lang.Object, java.lang.Object, java.lang.Object, java.lang.Object, java.lang.Object, java.lang.Object, java.lang.Object, java.lang.Object, java.lang.Object, java.lang.Object, java.lang.Object, java.lang.Object, java.lang.Object, java.lang.Object, java.lang.Object, java.lang.Object)'> (0x000000008b4cd008) 
thrown [s\src\hotspot\share\interpreter\linkResolver.cpp,
Event: 27.501 Thread 0x0000029f25ee53e0 Exception <a 'java/lang/NoSuchMethodError'{0x000000008b4d4318}: 'java.lang.Object java.lang.invoke.DirectMethodHandle$Holder.invokeSpecial(java.lang.Object, java.lang.Object, java.lang.Object, java.lang.Object, java.lang.Object, java.lang.Object, java.lang.Object, java.lang.Object, java.lang.Object, java.lang.Object, java.lang.Object, java.lang.Object, java.lang.Object, java.lang.Object, java.lang.Object, java.lang.Object, java.lang.Object)'> (0x000000008b4d4318) 
thrown [s\src\hotspot\share\interpreter\li
Event: 27.502 Thread 0x0000029f25ee53e0 Exception <a 'java/lang/NoSuchMethodError'{0x000000008b4da458}: 'java.lang.Object java.lang.invoke.DelegatingMethodHandle$Holder.reinvoke_L(java.lang.Object, java.lang.Object, java.lang.Object, java.lang.Object, java.lang.Object, java.lang.Object, java.lang.Object, java.lang.Object, java.lang.Object, java.lang.Object, java.lang.Object, java.lang.Object, java.lang.Object, java.lang.Object, java.lang.Object, java.lang.Object)'> (0x000000008b4da458) 
thrown [s\src\hotspot\share\interpreter\linkResolver.cpp, l
Event: 30.197 Thread 0x0000029f25ee53e0 Exception <a 'java/lang/NoSuchMethodError'{0x000000008bbe4eb8}: 'java.lang.Object java.lang.invoke.DirectMethodHandle$Holder.invokeStatic(java.lang.Object, java.lang.Object, java.lang.Object, java.lang.Object, java.lang.Object, int, java.lang.Object)'> (0x000000008bbe4eb8) 
thrown [s\src\hotspot\share\interpreter\linkResolver.cpp, line 784]
Event: 30.199 Thread 0x0000029f25ee53e0 Exception <a 'java/lang/NoSuchMethodError'{0x000000008bbef558}: 'java.lang.Object java.lang.invoke.DirectMethodHandle$Holder.newInvokeSpecial(java.lang.Object, java.lang.Object, java.lang.Object, java.lang.Object, java.lang.Object, int, java.lang.Object)'> (0x000000008bbef558) 
thrown [s\src\hotspot\share\interpreter\linkResolver.cpp, line 784]
Event: 30.200 Thread 0x0000029f25ee53e0 Exception <a 'java/lang/NoSuchMethodError'{0x000000008bbf8d58}: 'java.lang.Object java.lang.invoke.Invokers$Holder.linkToTargetMethod(java.lang.Object, java.lang.Object, java.lang.Object, java.lang.Object, int, java.lang.Object, java.lang.Object)'> (0x000000008bbf8d58) 
thrown [s\src\hotspot\share\interpreter\linkResolver.cpp, line 784]
Event: 30.985 Thread 0x0000029f25ee53e0 Exception <a 'java/lang/NoSuchMethodError'{0x000000008c31b9d8}: 'java.lang.Object java.lang.invoke.DirectMethodHandle$Holder.invokeStatic(java.lang.Object, java.lang.Object, java.lang.Object, java.lang.Object, int, java.lang.Object, java.lang.Object)'> (0x000000008c31b9d8) 
thrown [s\src\hotspot\share\interpreter\linkResolver.cpp, line 784]

ZGC Phase Switch (0 events):
No events

VM Operations (20 events):
Event: 27.987 Executing VM operation: HandshakeAllThreads (Deoptimize) done
Event: 28.998 Executing VM operation: Cleanup
Event: 29.016 Executing VM operation: Cleanup done
Event: 29.171 Executing VM operation: G1CollectForAllocation (G1 Evacuation Pause)
Event: 29.184 Executing VM operation: G1CollectForAllocation (G1 Evacuation Pause) done
Event: 29.367 Executing VM operation: HandshakeAllThreads (Deoptimize)
Event: 29.367 Executing VM operation: HandshakeAllThreads (Deoptimize) done
Event: 29.430 Executing VM operation: HandshakeAllThreads (Deoptimize)
Event: 29.431 Executing VM operation: HandshakeAllThreads (Deoptimize) done
Event: 29.763 Executing VM operation: HandshakeAllThreads (Deoptimize)
Event: 29.763 Executing VM operation: HandshakeAllThreads (Deoptimize) done
Event: 30.297 Executing VM operation: G1TryInitiateConcMark (G1 Humongous Allocation)
Event: 30.310 Executing VM operation: G1TryInitiateConcMark (G1 Humongous Allocation) done
Event: 30.454 Executing VM operation: G1PauseRemark
Event: 30.462 Executing VM operation: G1PauseRemark done
Event: 30.534 Executing VM operation: G1PauseCleanup
Event: 30.541 Executing VM operation: G1PauseCleanup done
Event: 31.542 Executing VM operation: Cleanup
Event: 31.558 Executing VM operation: Cleanup done
Event: 32.566 Executing VM operation: Cleanup

Memory protections (0 events):
No events

Nmethod flushes (20 events):
Event: 30.459 Thread 0x0000029f1fcc0570 flushing  nmethod 0x0000029f0b7b9510
Event: 30.459 Thread 0x0000029f1fcc0570 flushing  nmethod 0x0000029f0b7bb010
Event: 30.459 Thread 0x0000029f1fcc0570 flushing  nmethod 0x0000029f0b832190
Event: 30.459 Thread 0x0000029f1fcc0570 flushing  nmethod 0x0000029f0b89a810
Event: 30.459 Thread 0x0000029f1fcc0570 flushing  nmethod 0x0000029f0b9bd190
Event: 30.459 Thread 0x0000029f1fcc0570 flushing  nmethod 0x0000029f0bb17a10
Event: 30.459 Thread 0x0000029f1fcc0570 flushing  nmethod 0x0000029f0bce1f10
Event: 30.459 Thread 0x0000029f1fcc0570 flushing  nmethod 0x0000029f0bec1010
Event: 30.459 Thread 0x0000029f1fcc0570 flushing  nmethod 0x0000029f0bd9d290
Event: 30.459 Thread 0x0000029f1fcc0570 flushing  nmethod 0x0000029f0bd9e010
Event: 30.459 Thread 0x0000029f1fcc0570 flushing  nmethod 0x0000029f0bd9f090
Event: 30.459 Thread 0x0000029f1fcc0570 flushing  nmethod 0x0000029f0be72110
Event: 30.459 Thread 0x0000029f1fcc0570 flushing  nmethod 0x0000029f0bf5e610
Event: 30.459 Thread 0x0000029f1fcc0570 flushing  nmethod 0x0000029f0c008b10
Event: 30.459 Thread 0x0000029f1fcc0570 flushing  nmethod 0x0000029f0c04ae10
Event: 30.459 Thread 0x0000029f1fcc0570 flushing  nmethod 0x0000029f0c073890
Event: 30.459 Thread 0x0000029f1fcc0570 flushing  nmethod 0x0000029f0c07dd10
Event: 30.459 Thread 0x0000029f1fcc0570 flushing  nmethod 0x0000029f0c085710
Event: 30.459 Thread 0x0000029f1fcc0570 flushing  nmethod 0x0000029f0c0c2810
Event: 30.459 Thread 0x0000029f1fcc0570 flushing  nmethod 0x0000029f0c30e390

Events (20 events):
Event: 15.424 Thread 0x0000029f25ee53e0 Thread added: 0x0000029f29a1dc30
Event: 15.425 Thread 0x0000029f25ee53e0 Thread added: 0x0000029f29a1c880
Event: 15.426 Thread 0x0000029f25ee53e0 Thread added: 0x0000029f29a20390
Event: 15.427 Thread 0x0000029f25ee53e0 Thread added: 0x0000029f29a20a20
Event: 15.428 Thread 0x0000029f25ee53e0 Thread added: 0x0000029f29a1d5a0
Event: 15.430 Thread 0x0000029f25ee53e0 Thread added: 0x0000029f29a210b0
Event: 15.478 Thread 0x0000029f25ee53e0 Thread added: 0x0000029f29a21740
Event: 15.479 Thread 0x0000029f25ee53e0 Thread added: 0x0000029f29a22460
Event: 15.480 Thread 0x0000029f25ee53e0 Thread added: 0x0000029f29a21dd0
Event: 15.481 Thread 0x0000029f25ee53e0 Thread added: 0x0000029f29a22af0
Event: 15.482 Thread 0x0000029f25ee53e0 Thread added: 0x0000029f29a23180
Event: 15.483 Thread 0x0000029f25ee53e0 Thread added: 0x0000029f286dd270
Event: 15.484 Thread 0x0000029f25ee53e0 Thread added: 0x0000029f286dbec0
Event: 16.507 Thread 0x0000029f240a36e0 Thread exited: 0x0000029f240a36e0
Event: 19.874 Thread 0x0000029f240a4b50 Thread added: 0x0000029f240a58f0
Event: 20.571 Thread 0x0000029f240a58f0 Thread exited: 0x0000029f240a58f0
Event: 27.335 Thread 0x0000029f240a4b50 Thread added: 0x0000029f28510500
Event: 27.845 Thread 0x0000029f28510500 Thread exited: 0x0000029f28510500
Event: 30.692 Thread 0x0000029f240dafe0 Thread added: 0x0000029f285112a0
Event: 31.659 Thread 0x0000029f285112a0 Thread exited: 0x0000029f285112a0


Dynamic libraries:
0x00007ff75ffa0000 - 0x00007ff75ffaa000 	C:\Program Files\Android\Android Studio\jbr\bin\java.exe
0x00007fff3d600000 - 0x00007fff3d867000 	C:\WINDOWS\SYSTEM32\ntdll.dll
0x00007fff3bff0000 - 0x00007fff3c0b9000 	C:\WINDOWS\System32\KERNEL32.DLL
0x00007fff3a8c0000 - 0x00007fff3acaf000 	C:\WINDOWS\System32\KERNELBASE.dll
0x00007fff3acc0000 - 0x00007fff3ae0b000 	C:\WINDOWS\System32\ucrtbase.dll
0x00007fff2eea0000 - 0x00007fff2eebb000 	C:\Program Files\Android\Android Studio\jbr\bin\VCRUNTIME140.dll
0x00007fff2ee20000 - 0x00007fff2ee38000 	C:\Program Files\Android\Android Studio\jbr\bin\jli.dll
0x00007fff3c890000 - 0x00007fff3ca55000 	C:\WINDOWS\System32\USER32.dll
0x00007fff23540000 - 0x00007fff237d3000 	C:\WINDOWS\WinSxS\amd64_microsoft.windows.common-controls_6595b64144ccf1df_6.0.26100.7309_none_3e05feeae336a044\COMCTL32.dll
0x00007fff3af40000 - 0x00007fff3af67000 	C:\WINDOWS\System32\win32u.dll
0x00007fff3c130000 - 0x00007fff3c1d9000 	C:\WINDOWS\System32\msvcrt.dll
0x00007fff3b8a0000 - 0x00007fff3b8cb000 	C:\WINDOWS\System32\GDI32.dll
0x00007fff3ae10000 - 0x00007fff3af3c000 	C:\WINDOWS\System32\gdi32full.dll
0x00007fff3a750000 - 0x00007fff3a7f3000 	C:\WINDOWS\System32\msvcp_win.dll
0x00007fff3bfb0000 - 0x00007fff3bfe1000 	C:\WINDOWS\System32\IMM32.DLL
0x00007fff34040000 - 0x00007fff3404c000 	C:\Program Files\Android\Android Studio\jbr\bin\vcruntime140_1.dll
0x00007fff25b50000 - 0x00007fff25bdd000 	C:\Program Files\Android\Android Studio\jbr\bin\msvcp140.dll
0x00007ffe9aac0000 - 0x00007ffe9b74b000 	C:\Program Files\Android\Android Studio\jbr\bin\server\jvm.dll
0x00007fff3b8d0000 - 0x00007fff3b984000 	C:\WINDOWS\System32\ADVAPI32.dll
0x00007fff3c7e0000 - 0x00007fff3c886000 	C:\WINDOWS\System32\sechost.dll
0x00007fff3ca60000 - 0x00007fff3cb78000 	C:\WINDOWS\System32\RPCRT4.dll
0x00007fff3d480000 - 0x00007fff3d4f4000 	C:\WINDOWS\System32\WS2_32.dll
0x00007fff3a5b0000 - 0x00007fff3a60e000 	C:\WINDOWS\SYSTEM32\POWRPROF.dll
0x00007fff29870000 - 0x00007fff2987b000 	C:\WINDOWS\SYSTEM32\VERSION.dll
0x00007fff1cf60000 - 0x00007fff1cf95000 	C:\WINDOWS\SYSTEM32\WINMM.dll
0x00007fff3a590000 - 0x00007fff3a5a4000 	C:\WINDOWS\SYSTEM32\UMPDC.dll
0x00007fff39500000 - 0x00007fff3951b000 	C:\WINDOWS\SYSTEM32\kernel.appcore.dll
0x00007fff2b3c0000 - 0x00007fff2b3ca000 	C:\Program Files\Android\Android Studio\jbr\bin\jimage.dll
0x00007fff34dd0000 - 0x00007fff35012000 	C:\WINDOWS\SYSTEM32\DBGHELP.DLL
0x00007fff3c3c0000 - 0x00007fff3c745000 	C:\WINDOWS\System32\combase.dll
0x00007fff3bac0000 - 0x00007fff3bb96000 	C:\WINDOWS\System32\OLEAUT32.dll
0x00007fff1a1f0000 - 0x00007fff1a22c000 	C:\WINDOWS\SYSTEM32\dbgcore.DLL
0x00007fff3b2f0000 - 0x00007fff3b395000 	C:\WINDOWS\System32\bcryptPrimitives.dll
0x00007fff2ef70000 - 0x00007fff2ef7e000 	C:\Program Files\Android\Android Studio\jbr\bin\instrument.dll
0x00007fff2a2e0000 - 0x00007fff2a300000 	C:\Program Files\Android\Android Studio\jbr\bin\java.dll
0x00007fff2a2c0000 - 0x00007fff2a2d8000 	C:\Program Files\Android\Android Studio\jbr\bin\zip.dll
0x00007fff3cb80000 - 0x00007fff3d2d3000 	C:\WINDOWS\System32\SHELL32.dll
0x00007fff3b000000 - 0x00007fff3b16a000 	C:\WINDOWS\System32\wintypes.dll
0x00007fff38320000 - 0x00007fff38b7e000 	C:\WINDOWS\SYSTEM32\windows.storage.dll
0x00007fff3beb0000 - 0x00007fff3bfa5000 	C:\WINDOWS\System32\SHCORE.dll
0x00007fff3b3a0000 - 0x00007fff3b406000 	C:\WINDOWS\System32\shlwapi.dll
0x00007fff3a670000 - 0x00007fff3a699000 	C:\WINDOWS\SYSTEM32\profapi.dll
0x00007fff2b380000 - 0x00007fff2b390000 	C:\Program Files\Android\Android Studio\jbr\bin\net.dll
0x00007fff2b860000 - 0x00007fff2b988000 	C:\WINDOWS\SYSTEM32\WINHTTP.dll
0x00007fff39a70000 - 0x00007fff39adb000 	C:\WINDOWS\system32\mswsock.dll
0x00007fff2a2a0000 - 0x00007fff2a2b6000 	C:\Program Files\Android\Android Studio\jbr\bin\nio.dll
0x00007fff289d0000 - 0x00007fff289e0000 	C:\Program Files\Android\Android Studio\jbr\bin\verify.dll
0x00007fff28f00000 - 0x00007fff28f27000 	C:\Users\Asus\Downloads\gradle\gradle-9.0.0\native\1def1411415f61bf3af743bc5b6707747c0891f09f0c88961ee8f79bc544acac\windows-amd64\native-platform.dll
0x00007ffed8cf0000 - 0x00007ffed8d68000 	C:\Users\Asus\Downloads\gradle\gradle-9.0.0\native\0.2.7\x86_64-windows-gnu\gradle-fileevents.dll
0x00007fff28dc0000 - 0x00007fff28dc9000 	C:\Program Files\Android\Android Studio\jbr\bin\management.dll
0x00007fff28db0000 - 0x00007fff28dbb000 	C:\Program Files\Android\Android Studio\jbr\bin\management_ext.dll
0x00007fff3c7d0000 - 0x00007fff3c7d8000 	C:\WINDOWS\System32\PSAPI.DLL
0x00007fff38f80000 - 0x00007fff38fb4000 	C:\WINDOWS\SYSTEM32\IPHLPAPI.DLL
0x00007fff3d500000 - 0x00007fff3d50a000 	C:\WINDOWS\System32\NSI.dll
0x00007fff28dd0000 - 0x00007fff28dd9000 	C:\Program Files\Android\Android Studio\jbr\bin\extnet.dll
0x00007fff39d30000 - 0x00007fff39d4b000 	C:\WINDOWS\SYSTEM32\CRYPTSP.dll
0x00007fff39460000 - 0x00007fff3949a000 	C:\WINDOWS\system32\rsaenh.dll
0x00007fff39b20000 - 0x00007fff39b4b000 	C:\WINDOWS\SYSTEM32\USERENV.dll
0x00007fff3a640000 - 0x00007fff3a66a000 	C:\WINDOWS\SYSTEM32\bcrypt.dll
0x00007fff39d50000 - 0x00007fff39d5c000 	C:\WINDOWS\SYSTEM32\CRYPTBASE.dll
0x00007fff23170000 - 0x00007fff23178000 	C:\WINDOWS\system32\wshunix.dll

dbghelp: loaded successfully - version: 4.0.5 - missing functions: none
symbol engine: initialized successfully - sym options: 0x614 - pdb path: .;C:\Program Files\Android\Android Studio\jbr\bin;C:\WINDOWS\SYSTEM32;C:\WINDOWS\WinSxS\amd64_microsoft.windows.common-controls_6595b64144ccf1df_6.0.26100.7309_none_3e05feeae336a044;C:\Program Files\Android\Android Studio\jbr\bin\server;C:\Users\Asus\Downloads\gradle\gradle-9.0.0\native\1def1411415f61bf3af743bc5b6707747c0891f09f0c88961ee8f79bc544acac\windows-amd64;C:\Users\Asus\Downloads\gradle\gradle-9.0.0\native\0.2.7\x86_64-windows-gnu

VM Arguments:
jvm_args: --add-opens=java.base/java.lang=ALL-UNNAMED --add-opens=java.base/java.lang.invoke=ALL-UNNAMED --add-opens=java.base/java.util=ALL-UNNAMED --add-opens=java.prefs/java.util.prefs=ALL-UNNAMED --add-exports=jdk.compiler/com.sun.tools.javac.api=ALL-UNNAMED --add-exports=jdk.compiler/com.sun.tools.javac.util=ALL-UNNAMED --add-opens=java.base/java.util=ALL-UNNAMED --add-opens=java.prefs/java.util.prefs=ALL-UNNAMED --add-opens=java.base/java.nio.charset=ALL-UNNAMED --add-opens=java.base/java.net=ALL-UNNAMED --add-opens=java.base/java.util.concurrent.atomic=ALL-UNNAMED --add-opens=java.xml/javax.xml.namespace=ALL-UNNAMED -Xmx2048m -Dfile.encoding=UTF-8 -Duser.country=US -Duser.language=en -Duser.variant -javaagent:C:\Users\Asus\Downloads\gradle\gradle-9.0.0\wrapper\dists\gradle-8.13-bin\5xuhj0ry160q40clulazy9h7d\gradle-8.13\lib\agents\gradle-instrumentation-agent-8.13.jar 
java_command: org.gradle.launcher.daemon.bootstrap.GradleDaemon 8.13
java_class_path (initial): C:\Users\Asus\Downloads\gradle\gradle-9.0.0\wrapper\dists\gradle-8.13-bin\5xuhj0ry160q40clulazy9h7d\gradle-8.13\lib\gradle-daemon-main-8.13.jar
Launcher Type: SUN_STANDARD

[Global flags]
     intx CICompilerCount                          = 4                                         {product} {ergonomic}
     uint ConcGCThreads                            = 2                                         {product} {ergonomic}
     uint G1ConcRefinementThreads                  = 8                                         {product} {ergonomic}
   size_t G1HeapRegionSize                         = 1048576                                   {product} {ergonomic}
    uintx GCDrainStackTargetSize                   = 64                                        {product} {ergonomic}
   size_t InitialHeapSize                          = 132120576                                 {product} {ergonomic}
   size_t MarkStackSize                            = 4194304                                   {product} {ergonomic}
   size_t MaxHeapSize                              = 2147483648                                {product} {command line}
   size_t MaxNewSize                               = 1287651328                                {product} {ergonomic}
   size_t MinHeapDeltaBytes                        = 1048576                                   {product} {ergonomic}
   size_t MinHeapSize                              = 8388608                                   {product} {ergonomic}
    uintx NonNMethodCodeHeapSize                   = 5839372                                {pd product} {ergonomic}
    uintx NonProfiledCodeHeapSize                  = 122909434                              {pd product} {ergonomic}
    uintx ProfiledCodeHeapSize                     = 122909434                              {pd product} {ergonomic}
    uintx ReservedCodeCacheSize                    = 251658240                              {pd product} {ergonomic}
     bool SegmentedCodeCache                       = true                                      {product} {ergonomic}
   size_t SoftMaxHeapSize                          = 2147483648                             {manageable} {ergonomic}
     bool UseCompressedOops                        = true                           {product lp64_product} {ergonomic}
     bool UseG1GC                                  = true                                      {product} {ergonomic}
     bool UseLargePagesIndividualAllocation        = false                                  {pd product} {ergonomic}

Logging:
Log output configuration:
 #0: stdout all=warning uptime,level,tags foldmultilines=false
 #1: stderr all=off uptime,level,tags foldmultilines=false

Environment Variables:
PATH=C:\Program Files\Common Files\Oracle\Java\javapath;C:\Python312\Scripts\;C:\Python312\;C:\Windows\system32;C:\Windows;C:\Windows\System32\Wbem;C:\Windows\System32\WindowsPowerShell\v1.0\;C:\Windows\System32\OpenSSH\;C:\Program Files (x86)\NVIDIA Corporation\PhysX\Common;C:\WINDOWS\system32;C:\WINDOWS;C:\WINDOWS\System32\Wbem;C:\WINDOWS\System32\WindowsPowerShell\v1.0\;C:\WINDOWS\System32\OpenSSH\;C:\php-8.3.9;C:\Program Files\nodejs\;C:\laragon\bin\nodejs\node-v20.15.1-win-x64;C:\ProgramData\chocolatey\bin;C:\composer;C:\Program Files\Git\cmd;C:\Program Files\Java\jdk-22\bin;C:\Program Files\Dart\dart-sdk\bin;C:\src\flutter\bin;C:\Dart\dart-sdk\bin;C:\gradle-9.0.0\bin;C:\Users\Asus\AppData\Local\Microsoft\WindowsApps;C:\Users\Asus\AppData\Local\Programs\Microsoft VS Code\bin;C:\Users\Asus\AppData\Roaming\npm;C:\Users\Asus\AppData\Roaming\Composer\vendor\bin;C:\src\flutter\bin;C:\Dart\dart-sdk\bin;
USERNAME=Asus
OS=Windows_NT
PROCESSOR_IDENTIFIER=Intel64 Family 6 Model 142 Stepping 12, GenuineIntel
TMP=C:\Users\Asus\AppData\Local\Temp
TEMP=C:\Users\Asus\AppData\Local\Temp




Periodic native trim disabled

JNI global refs:
JNI global refs: 28, weak refs: 6

JNI global refs memory usage: 835, weak refs: 833

Process memory usage:
Resident Set Size: 417864K (5% of 8182576K total physical memory with 348736K free physical memory)

OOME stack traces (most recent first):
Classloader memory used:
Loader org.gradle.internal.classloader.VisitableURLClassLoader                         : 74352K
Loader bootstrap                                                                       : 24303K
Loader org.gradle.initialization.MixInLegacyTypesClassLoader                           : 6560K
Loader org.gradle.internal.classloader.VisitableURLClassLoader                         : 730K
Loader org.gradle.internal.classloader.VisitableURLClassLoader$InstrumentingVisitableURLClassLoader: 572K
Loader jdk.internal.loader.ClassLoaders$PlatformClassLoader                            : 496K
Loader jdk.internal.jrtfs.JrtFileSystemProvider$JrtFsLoader                            : 333K
Loader jdk.internal.loader.ClassLoaders$AppClassLoader                                 : 235K
Loader jdk.internal.reflect.DelegatingClassLoader                                      : 167K
Loader org.gradle.groovy.scripts.internal.DefaultScriptCompilationHandler$ScriptClassLoader: 89880B
Loader org.codehaus.groovy.runtime.callsite.CallSiteClassLoader                        : 49592B

Classes loaded by more than one classloader:
Class org.gradle.api.GradleException                                                  : loaded 3 times (x 78B)
Class org.gradle.internal.classloader.FilteringClassLoader                            : loaded 2 times (x 101B)
Class jdk.internal.jimage.BasicImageReader                                            : loaded 2 times (x 91B)
Class org.gradle.internal.classloader.ClassLoaderHierarchy                            : loaded 2 times (x 66B)
Class org.gradle.api.internal.classpath.ManifestUtil                                  : loaded 2 times (x 67B)
Class jdk.internal.jimage.decompressor.StringSharingDecompressorFactory               : loaded 2 times (x 70B)
Class org.gradle.internal.operations.MultipleBuildOperationFailures                   : loaded 2 times (x 91B)
Class org.gradle.internal.classloader.DefaultClassLoaderFactory                       : loaded 2 times (x 78B)
Class kotlin.collections.AbstractList$Companion                                       : loaded 2 times (x 67B)
Class org.gradle.internal.classloader.ClassLoaderVisitor                              : loaded 2 times (x 72B)
Class org.gradle.api.internal.classpath.EffectiveClassPath                            : loaded 2 times (x 86B)
Class org.gradle.api.internal.DefaultClassPathProvider                                : loaded 2 times (x 72B)
Class [Lorg.gradle.api.internal.ClassPathProvider;                                    : loaded 2 times (x 65B)
Class org.gradle.api.internal.ClassPathProvider                                       : loaded 2 times (x 66B)
Class jdk.internal.jrtfs.SystemImage                                                  : loaded 2 times (x 70B)
Class org.gradle.internal.service.UnknownServiceException                             : loaded 2 times (x 79B)
Class sync_studio_tooling8_3n8xoryf4xp4iyapq8ca8dkms                                  : loaded 2 times (x 175B)
Class org.gradle.internal.classpath.TransformedClassPath                              : loaded 2 times (x 92B)
Class org.gradle.internal.classloader.InstrumentingClassLoader                        : loaded 2 times (x 66B)
Class jdk.internal.jrtfs.SystemImage$1                                                : loaded 2 times (x 74B)
Class kotlin.enums.EnumEntriesList                                                    : loaded 2 times (x 219B)
Class jdk.internal.jrtfs.SystemImage$2                                                : loaded 2 times (x 72B)
Class org.gradle.internal.service.ServiceLocator                                      : loaded 2 times (x 66B)
Class jdk.internal.jrtfs.JrtFileSystemProvider                                        : loaded 2 times (x 97B)
Class jdk.internal.jimage.ImageLocation                                               : loaded 2 times (x 86B)
Class jdk.internal.jrtfs.JrtDirectoryStream$1                                         : loaded 2 times (x 79B)
Class org.gradle.internal.InternalTransformer                                         : loaded 2 times (x 66B)
Class jdk.internal.jimage.ImageBufferCache$1                                          : loaded 2 times (x 79B)
Class org.gradle.internal.time.DefaultTimer                                           : loaded 2 times (x 76B)
Class org.gradle.internal.classloader.ClasspathUtil$1                                 : loaded 2 times (x 72B)
Class jdk.internal.jimage.ImageBufferCache$2                                          : loaded 2 times (x 87B)
Class org.gradle.api.internal.classpath.DefaultModuleRegistry$DefaultModule           : loaded 2 times (x 82B)
Class org.gradle.internal.time.DefaultCountdownTimer                                  : loaded 2 times (x 84B)
Class kotlin.Function                                                                 : loaded 2 times (x 66B)
Class org.gradle.api.internal.classpath.Module                                        : loaded 2 times (x 66B)
Class org.gradle.api.internal.classpath.UnknownModuleException                        : loaded 2 times (x 78B)
Class jdk.internal.jimage.ImageHeader                                                 : loaded 2 times (x 67B)
Class org.gradle.api.internal.DefaultClassPathRegistry                                : loaded 2 times (x 72B)
Class org.gradle.api.internal.ClassPathRegistry                                       : loaded 2 times (x 66B)
Class org.gradle.internal.classpath.DefaultClassPath$ImmutableUniqueList              : loaded 2 times (x 195B)
Class jdk.internal.jimage.decompressor.ResourceDecompressor                           : loaded 2 times (x 66B)
Class org.gradle.internal.classpath.ClassPath                                         : loaded 2 times (x 66B)
Class org.gradle.api.UncheckedIOException                                             : loaded 2 times (x 78B)
Class jdk.internal.jimage.ImageStringsReader                                          : loaded 2 times (x 76B)
Class kotlin.UninitializedPropertyAccessException                                     : loaded 2 times (x 78B)
Class jdk.internal.jimage.ImageReader                                                 : loaded 2 times (x 71B)
Class jdk.internal.jimage.ImageReader$SharedImageReader                               : loaded 2 times (x 91B)
Class org.gradle.internal.installation.GradleInstallation$1                           : loaded 2 times (x 71B)
Class org.gradle.api.internal.classpath.ModuleRegistry                                : loaded 2 times (x 66B)
Class jdk.internal.jimage.decompressor.ResourceDecompressorFactory                    : loaded 2 times (x 70B)
Class jdk.internal.jimage.ImageReader$Node                                            : loaded 2 times (x 80B)
Class org.gradle.api.internal.classpath.DefaultModuleRegistry                         : loaded 2 times (x 82B)
Class jdk.internal.jimage.BasicImageReader$1                                          : loaded 2 times (x 73B)
Class jdk.internal.jimage.decompressor.Decompressor                                   : loaded 2 times (x 68B)
Class jdk.internal.jimage.ImageReader$Resource                                        : loaded 2 times (x 80B)
Class org.gradle.internal.time.MonotonicClock                                         : loaded 2 times (x 73B)
Class org.gradle.internal.service.ServiceLookupException                              : loaded 2 times (x 78B)
Class jdk.internal.jrtfs.JrtFileAttributes                                            : loaded 2 times (x 79B)
Class org.gradle.internal.classloader.ClassLoaderFactory                              : loaded 2 times (x 66B)
Class org.gradle.internal.service.CachingServiceLocator                               : loaded 2 times (x 78B)
Class org.gradle.internal.time.TimeSource                                             : loaded 2 times (x 66B)
Class kotlin.enums.EnumEntries                                                        : loaded 2 times (x 66B)
Class org.gradle.internal.exceptions.ResolutionProvider                               : loaded 2 times (x 66B)
Class jdk.internal.jimage.ImageBufferCache                                            : loaded 2 times (x 67B)
Class jdk.internal.jrtfs.JrtPath                                                      : loaded 2 times (x 114B)
Class org.gradle.internal.classloader.ClasspathUtil                                   : loaded 2 times (x 67B)
Class org.gradle.internal.time.TimeSource$1                                           : loaded 2 times (x 73B)
Class kotlin.jvm.internal.DefaultConstructorMarker                                    : loaded 2 times (x 67B)
Class org.gradle.api.specs.Spec                                                       : loaded 2 times (x 66B)
Class jdk.internal.jimage.ImageReader$SharedImageReader$LocationVisitor               : loaded 2 times (x 66B)
Class jdk.internal.jimage.decompressor.ResourceDecompressorRepository                 : loaded 2 times (x 67B)
Class org.gradle.internal.time.Clock                                                  : loaded 2 times (x 66B)
Class jdk.internal.jimage.ImageReader$Directory                                       : loaded 2 times (x 80B)
Class kotlin.collections.AbstractList                                                 : loaded 2 times (x 193B)
Class kotlin.collections.AbstractCollection                                           : loaded 2 times (x 113B)
Class org.gradle.internal.classloader.VisitableURLClassLoader$InstrumentingVisitableURLClassLoader: loaded 2 times (x 119B)
Class org.gradle.internal.classloader.VisitableURLClassLoader$Spec                    : loaded 2 times (x 70B)
Class org.gradle.internal.classpath.DefaultClassPath                                  : loaded 2 times (x 86B)
Class jdk.internal.jimage.decompressor.ZipDecompressorFactory                         : loaded 2 times (x 70B)
Class org.gradle.internal.classloader.ClassLoaderSpec                                 : loaded 2 times (x 67B)
Class kotlin.Unit                                                                     : loaded 2 times (x 67B)
Class org.gradle.internal.classloader.VisitableURLClassLoader                         : loaded 2 times (x 113B)
Class org.gradle.internal.Cast                                                        : loaded 2 times (x 67B)
Class org.gradle.api.Action                                                           : loaded 2 times (x 66B)
Class jdk.internal.jimage.decompressor.ZipDecompressor                                : loaded 2 times (x 71B)
Class ijInit2_dfp6dzo1uw4j32ye4gz0i92sw                                               : loaded 2 times (x 175B)
Class kotlin.jvm.functions.Function1                                                  : loaded 2 times (x 66B)
Class org.gradle.internal.classpath.DefaultClassPath$ImmutableUniqueList$Builder      : loaded 2 times (x 71B)
Class kotlin.NotImplementedError                                                      : loaded 2 times (x 78B)
Class org.gradle.internal.exceptions.NonGradleCauseExceptionsHolder                   : loaded 2 times (x 66B)
Class jdk.internal.jimage.ImageStrings                                                : loaded 2 times (x 66B)
Class org.jetbrains.plugins.gradle.tooling.ModelBuilderService$Parameter              : loaded 2 times (x 66B)
Class kotlin.enums.EnumEntriesKt                                                      : loaded 2 times (x 67B)
Class org.gradle.internal.IoActions                                                   : loaded 2 times (x 67B)
Class org.gradle.internal.classloader.SystemClassLoaderSpec                           : loaded 2 times (x 67B)
Class org.gradle.internal.exceptions.MultiCauseException                              : loaded 2 times (x 66B)
Class org.gradle.internal.time.CountdownTimer                                         : loaded 2 times (x 66B)
Class kotlin.jvm.internal.Intrinsics                                                  : loaded 2 times (x 67B)
Class jdk.internal.jrtfs.JrtFileSystem                                                : loaded 2 times (x 98B)
Class org.gradle.tooling.model.ProjectModel                                           : loaded 2 times (x 66B)
Class jdk.internal.jimage.decompressor.CompressedResourceHeader                       : loaded 2 times (x 67B)
Class kotlin.KotlinNullPointerException                                               : loaded 2 times (x 79B)
Class org.gradle.internal.exceptions.DefaultMultiCauseException                       : loaded 2 times (x 91B)
Class org.gradle.internal.time.Time                                                   : loaded 2 times (x 67B)
Class org.gradle.api.internal.classpath.GlobalCacheRootsProvider                      : loaded 2 times (x 66B)
Class org.gradle.internal.time.Timer                                                  : loaded 2 times (x 66B)
Class kotlin.jvm.internal.markers.KMappedMarker                                       : loaded 2 times (x 66B)
Class org.gradle.internal.installation.CurrentGradleInstallationLocator               : loaded 2 times (x 67B)
Class org.gradle.internal.service.DefaultServiceLocator                               : loaded 2 times (x 79B)
Class jdk.internal.jrtfs.JrtDirectoryStream                                           : loaded 2 times (x 85B)
Class org.gradle.util.GradleVersion                                                   : loaded 2 times (x 75B)
Class org.gradle.internal.installation.CurrentGradleInstallation                      : loaded 2 times (x 69B)
Class org.gradle.util.internal.GUtil                                                  : loaded 2 times (x 67B)
Class org.gradle.internal.installation.GradleInstallation                             : loaded 2 times (x 71B)
Class jdk.internal.jimage.decompressor.ResourceDecompressor$StringsProvider           : loaded 2 times (x 66B)

---------------  S Y S T E M  ---------------

OS:
 Windows 11 , 64 bit Build 26100 (10.0.26100.7309)
OS uptime: 3 days 14:01 hours
Hyper-V role detected

CPU: total 8 (initial active 8) (4 cores per cpu, 2 threads per core) family 6 model 142 stepping 12 microcode 0xde, cx8, cmov, fxsr, ht, mmx, 3dnowpref, sse, sse2, sse3, ssse3, sse4.1, sse4.2, popcnt, lzcnt, tsc, tscinvbit, avx, avx2, aes, erms, clmul, bmi1, bmi2, adx, fma, vzeroupper, clflush, clflushopt, hv, rdtscp, f16c
Processor Information for the first 8 processors :
  Max Mhz: 2304, Current Mhz: 1803, Mhz Limit: 1797

Memory: 4k page, system-wide physical 7990M (390M free)
TotalPageFile size 16182M (AvailPageFile size 63M)
current process WorkingSet (physical memory assigned to process): 409M, peak: 426M
current process commit charge ("private bytes"): 533M, peak: 542M

vm_info: OpenJDK 64-Bit Server VM (21.0.6+-13391695-b895.109) for windows-amd64 JRE (21.0.6+-13391695-b895.109), built on 2025-04-22T21:19:17Z by "builder" with MS VC++ 16.10 / 16.11 (VS2019)

END.
