#
# There is insufficient memory for the Java Runtime Environment to continue.
# Native memory allocation (malloc) failed to allocate 910416 bytes. Error detail: Chunk::new
# Possible reasons:
#   The system is out of physical RAM or swap space
#   This process is running with CompressedOops enabled, and the Java Heap may be blocking the growth of the native heap
# Possible solutions:
#   Reduce memory load on the system
#   Increase physical memory or swap space
#   Check if swap backing store is full
#   Decrease Java heap size (-Xmx/-Xms)
#   Decrease number of Java threads
#   Decrease Java thread stack sizes (-Xss)
#   Set larger code cache with -XX:ReservedCodeCacheSize=
#   JVM is running with Unscaled Compressed Oops mode in which the Java heap is
#     placed in the first 4GB address space. The Java Heap base address is the
#     maximum limit for the native heap growth. Please use -XX:HeapBaseMinAddress
#     to set the Java Heap base and to place the Java Heap above 4GB virtual address.
# This output file may be truncated or incomplete.
#
#  Out of Memory Error (arena.cpp:168), pid=14472, tid=18240
#
# JRE version: OpenJDK Runtime Environment (21.0.6) (build 21.0.6+-13391695-b895.109)
# Java VM: OpenJDK 64-Bit Server VM (21.0.6+-13391695-b895.109, mixed mode, tiered, compressed oops, compressed class ptrs, g1 gc, windows-amd64)
# No core dump will be written. Minidumps are not enabled by default on client versions of Windows
#

---------------  S U M M A R Y ------------

Command Line: --add-opens=java.base/java.lang=ALL-UNNAMED --add-opens=java.base/java.lang.invoke=ALL-UNNAMED --add-opens=java.base/java.util=ALL-UNNAMED --add-opens=java.prefs/java.util.prefs=ALL-UNNAMED --add-exports=jdk.compiler/com.sun.tools.javac.api=ALL-UNNAMED --add-exports=jdk.compiler/com.sun.tools.javac.util=ALL-UNNAMED --add-opens=java.base/java.util=ALL-UNNAMED --add-opens=java.prefs/java.util.prefs=ALL-UNNAMED --add-opens=java.base/java.nio.charset=ALL-UNNAMED --add-opens=java.base/java.net=ALL-UNNAMED --add-opens=java.base/java.util.concurrent.atomic=ALL-UNNAMED --add-opens=java.xml/javax.xml.namespace=ALL-UNNAMED -Xmx2048m -Dfile.encoding=UTF-8 -Duser.country=US -Duser.language=en -Duser.variant -javaagent:C:\Users\Asus\.gradle\wrapper\dists\gradle-8.13-bin\5xuhj0ry160q40clulazy9h7d\gradle-8.13\lib\agents\gradle-instrumentation-agent-8.13.jar org.gradle.launcher.daemon.bootstrap.GradleDaemon 8.13

Host: Intel(R) Core(TM) i7-10510U CPU @ 1.80GHz, 8 cores, 7G,  Windows 11 , 64 bit Build 26100 (10.0.26100.7623)
Time: Sun Jan 18 23:55:54 2026 SE Asia Standard Time elapsed time: 29.942978 seconds (0d 0h 0m 29s)

---------------  T H R E A D  ---------------

Current thread (0x00000178ff242300):  JavaThread "C2 CompilerThread0" daemon [_thread_in_native, id=18240, stack(0x0000006c2f300000,0x0000006c2f400000) (1024K)]


Current CompileTask:
C2:29943 12807       4       org.jetbrains.kotlin.cli.jvm.index.JvmDependenciesIndexImpl::search (374 bytes)

Stack: [0x0000006c2f300000,0x0000006c2f400000]
Native frames: (J=compiled Java code, j=interpreted, Vv=VM code, C=native code)
V  [jvm.dll+0x6d0639]
V  [jvm.dll+0x85eb03]
V  [jvm.dll+0x86105e]
V  [jvm.dll+0x861743]
V  [jvm.dll+0x27e6e6]
V  [jvm.dll+0xbff6d]
V  [jvm.dll+0xc04a3]
V  [jvm.dll+0x2f2780]
V  [jvm.dll+0x5fa409]
V  [jvm.dll+0x250d92]
V  [jvm.dll+0x24958d]
V  [jvm.dll+0x24714e]
V  [jvm.dll+0x1c5f04]
V  [jvm.dll+0x2569ac]
V  [jvm.dll+0x254ef6]
V  [jvm.dll+0x3f0e96]
V  [jvm.dll+0x806ed8]
V  [jvm.dll+0x6cef0d]
C  [ucrtbase.dll+0x37b0]
C  [KERNEL32.DLL+0x2e8d7]
C  [ntdll.dll+0x8c53c]


---------------  P R O C E S S  ---------------

Threads class SMR info:
_java_thread_list=0x000001789b66d2a0, length=81, elements={
0x00000178f6b6b260, 0x00000178ff22a110, 0x00000178ff206a20, 0x00000178ff2080b0,
0x00000178ff22d350, 0x00000178ff213610, 0x00000178ff214bd0, 0x00000178ff242300,
0x00000178ff24e3e0, 0x00000178ff390b30, 0x00000178ff532ce0, 0x00000178961acf70,
0x000001789619e330, 0x0000017896171c20, 0x00000178962e7300, 0x00000178962e7960,
0x0000017895fcde90, 0x00000178ff5a9f90, 0x00000178963d4bc0, 0x00000178963d5250,
0x00000178963d5f70, 0x00000178963d3180, 0x00000178963d4530, 0x00000178963d6600,
0x00000178963d3810, 0x00000178963d58e0, 0x00000178963d3ea0, 0x0000017898566e70,
0x0000017898567b90, 0x0000017898565430, 0x0000017898568220, 0x0000017898566150,
0x0000017898564da0, 0x0000017898568f40, 0x0000017898567500, 0x00000178985688b0,
0x00000178985695d0, 0x0000017898569c60, 0x000001789856a2f0, 0x000001789856a980,
0x000001789856c3c0, 0x000001789856b010, 0x000001789686c400, 0x000001789686bd70,
0x000001789686d120, 0x000001789686ca90, 0x000001789686a9c0, 0x000001789686a330,
0x000001789686b050, 0x000001789686b6e0, 0x0000017896869ca0, 0x0000017899ecfcf0,
0x0000017899ecf660, 0x0000017899eccf00, 0x0000017899ed0380, 0x0000017899ed0a10,
0x0000017899ece2b0, 0x0000017899ecd590, 0x0000017899ed1730, 0x0000017899ed1dc0,
0x0000017899ed2450, 0x0000017899ecefd0, 0x0000017899ed3e90, 0x0000017899ed2ae0,
0x0000017899ed3800, 0x0000017899ed4520, 0x0000017899ed3170, 0x0000017897dc8c10,
0x0000017897dc5790, 0x0000017897dc7860, 0x0000017897dc7ef0, 0x0000017897dc6b40,
0x0000017897dc92a0, 0x0000017897dc9930, 0x0000017897dc64b0, 0x0000017897dc9fc0,
0x0000017897dca650, 0x0000017897dc71d0, 0x0000017897dcace0, 0x0000017896f3b0f0,
0x0000017896f395b0
}

Java Threads: ( => current thread )
  0x00000178f6b6b260 JavaThread "main"                              [_thread_blocked, id=14200, stack(0x0000006c2e500000,0x0000006c2e600000) (1024K)]
  0x00000178ff22a110 JavaThread "Reference Handler"          daemon [_thread_blocked, id=9284, stack(0x0000006c2ed00000,0x0000006c2ee00000) (1024K)]
  0x00000178ff206a20 JavaThread "Finalizer"                  daemon [_thread_blocked, id=8204, stack(0x0000006c2ee00000,0x0000006c2ef00000) (1024K)]
  0x00000178ff2080b0 JavaThread "Signal Dispatcher"          daemon [_thread_blocked, id=1396, stack(0x0000006c2ef00000,0x0000006c2f000000) (1024K)]
  0x00000178ff22d350 JavaThread "Attach Listener"            daemon [_thread_blocked, id=15440, stack(0x0000006c2f000000,0x0000006c2f100000) (1024K)]
  0x00000178ff213610 JavaThread "Service Thread"             daemon [_thread_blocked, id=12672, stack(0x0000006c2f100000,0x0000006c2f200000) (1024K)]
  0x00000178ff214bd0 JavaThread "Monitor Deflation Thread"   daemon [_thread_blocked, id=10948, stack(0x0000006c2f200000,0x0000006c2f300000) (1024K)]
=>0x00000178ff242300 JavaThread "C2 CompilerThread0"         daemon [_thread_in_native, id=18240, stack(0x0000006c2f300000,0x0000006c2f400000) (1024K)]
  0x00000178ff24e3e0 JavaThread "C1 CompilerThread0"         daemon [_thread_blocked, id=19096, stack(0x0000006c2f400000,0x0000006c2f500000) (1024K)]
  0x00000178ff390b30 JavaThread "Common-Cleaner"             daemon [_thread_blocked, id=3384, stack(0x0000006c2f500000,0x0000006c2f600000) (1024K)]
  0x00000178ff532ce0 JavaThread "Notification Thread"        daemon [_thread_blocked, id=8328, stack(0x0000006c2f600000,0x0000006c2f700000) (1024K)]
  0x00000178961acf70 JavaThread "Daemon health stats"               [_thread_blocked, id=16536, stack(0x0000006c2ff00000,0x0000006c30000000) (1024K)]
  0x000001789619e330 JavaThread "Incoming local TCP Connector on port 63967"        [_thread_in_native, id=12096, stack(0x0000006c30000000,0x0000006c30100000) (1024K)]
  0x0000017896171c20 JavaThread "Daemon periodic checks"            [_thread_blocked, id=10224, stack(0x0000006c30100000,0x0000006c30200000) (1024K)]
  0x00000178962e7300 JavaThread "Daemon"                            [_thread_blocked, id=20004, stack(0x0000006c30200000,0x0000006c30300000) (1024K)]
  0x00000178962e7960 JavaThread "Handler for socket connection from /127.0.0.1:63967 to /127.0.0.1:63968"        [_thread_in_native, id=5300, stack(0x0000006c30300000,0x0000006c30400000) (1024K)]
  0x0000017895fcde90 JavaThread "Cancel handler"                    [_thread_blocked, id=17704, stack(0x0000006c30400000,0x0000006c30500000) (1024K)]
  0x00000178ff5a9f90 JavaThread "Daemon worker"                     [_thread_in_vm, id=12664, stack(0x0000006c30500000,0x0000006c30600000) (1024K)]
  0x00000178963d4bc0 JavaThread "Asynchronous log dispatcher for DefaultDaemonConnection: socket connection from /127.0.0.1:63967 to /127.0.0.1:63968"        [_thread_blocked, id=9448, stack(0x0000006c30600000,0x0000006c30700000) (1024K)]
  0x00000178963d5250 JavaThread "Stdin handler"                     [_thread_blocked, id=21928, stack(0x0000006c30700000,0x0000006c30800000) (1024K)]
  0x00000178963d5f70 JavaThread "Daemon client event forwarder"        [_thread_blocked, id=10604, stack(0x0000006c30800000,0x0000006c30900000) (1024K)]
  0x00000178963d3180 JavaThread "Cache worker for journal cache (C:\Users\Asus\.gradle\caches\journal-1)"        [_thread_blocked, id=19736, stack(0x0000006c30a00000,0x0000006c30b00000) (1024K)]
  0x00000178963d4530 JavaThread "File lock request listener"        [_thread_in_native, id=10780, stack(0x0000006c30b00000,0x0000006c30c00000) (1024K)]
  0x00000178963d6600 JavaThread "Cache worker for file hash cache (C:\Users\Asus\.gradle\caches\8.13\fileHashes)"        [_thread_blocked, id=23016, stack(0x0000006c30c00000,0x0000006c30d00000) (1024K)]
  0x00000178963d3810 JavaThread "Cache worker for file hash cache (D:\Dicoding\Belajar Fundamental Aplikasi Android\GPT\4.4 Latihan Fragment + Navigation Component Extra Advanced\.gradle\8.13\fileHashes)"        [_thread_blocked, id=23068, stack(0x0000006c30e00000,0x0000006c30f00000) (1024K)]
  0x00000178963d58e0 JavaThread "Cache worker for Build Output Cleanup Cache (D:\Dicoding\Belajar Fundamental Aplikasi Android\GPT\4.4 Latihan Fragment + Navigation Component Extra Advanced\.gradle\buildOutputCleanup)"        [_thread_blocked, id=10516, stack(0x0000006c30f00000,0x0000006c31000000) (1024K)]
  0x00000178963d3ea0 JavaThread "File watcher server"        daemon [_thread_in_native, id=13820, stack(0x0000006c31000000,0x0000006c31100000) (1024K)]
  0x0000017898566e70 JavaThread "File watcher consumer"      daemon [_thread_blocked, id=23228, stack(0x0000006c31100000,0x0000006c31200000) (1024K)]
  0x0000017898567b90 JavaThread "jar transforms"                    [_thread_blocked, id=21080, stack(0x0000006c31200000,0x0000006c31300000) (1024K)]
  0x0000017898565430 JavaThread "jar transforms Thread 2"           [_thread_blocked, id=10756, stack(0x0000006c31300000,0x0000006c31400000) (1024K)]
  0x0000017898568220 JavaThread "jar transforms Thread 3"           [_thread_blocked, id=21768, stack(0x0000006c31400000,0x0000006c31500000) (1024K)]
  0x0000017898566150 JavaThread "jar transforms Thread 4"           [_thread_blocked, id=17952, stack(0x0000006c31500000,0x0000006c31600000) (1024K)]
  0x0000017898564da0 JavaThread "jar transforms Thread 5"           [_thread_blocked, id=1972, stack(0x0000006c31600000,0x0000006c31700000) (1024K)]
  0x0000017898568f40 JavaThread "jar transforms Thread 6"           [_thread_blocked, id=22768, stack(0x0000006c31700000,0x0000006c31800000) (1024K)]
  0x0000017898567500 JavaThread "jar transforms Thread 7"           [_thread_blocked, id=22096, stack(0x0000006c31800000,0x0000006c31900000) (1024K)]
  0x00000178985688b0 JavaThread "jar transforms Thread 8"           [_thread_blocked, id=21648, stack(0x0000006c31900000,0x0000006c31a00000) (1024K)]
  0x00000178985695d0 JavaThread "Cache worker for checksums cache (D:\Dicoding\Belajar Fundamental Aplikasi Android\GPT\4.4 Latihan Fragment + Navigation Component Extra Advanced\.gradle\8.13\checksums)"        [_thread_blocked, id=15248, stack(0x0000006c31a00000,0x0000006c31b00000) (1024K)]
  0x0000017898569c60 JavaThread "Cache worker for file content cache (C:\Users\Asus\.gradle\caches\8.13\fileContent)"        [_thread_blocked, id=13768, stack(0x0000006c31b00000,0x0000006c31c00000) (1024K)]
  0x000001789856a2f0 JavaThread "Cache worker for cache directory md-supplier (C:\Users\Asus\.gradle\caches\8.13\md-supplier)"        [_thread_blocked, id=4468, stack(0x0000006c31c00000,0x0000006c31d00000) (1024K)]
  0x000001789856a980 JavaThread "Cache worker for cache directory md-rule (C:\Users\Asus\.gradle\caches\8.13\md-rule)"        [_thread_blocked, id=9656, stack(0x0000006c31d00000,0x0000006c31e00000) (1024K)]
  0x000001789856c3c0 JavaThread "Unconstrained build operations"        [_thread_blocked, id=12816, stack(0x0000006c31e00000,0x0000006c31f00000) (1024K)]
  0x000001789856b010 JavaThread "Unconstrained build operations Thread 2"        [_thread_blocked, id=17964, stack(0x0000006c31f00000,0x0000006c32000000) (1024K)]
  0x000001789686c400 JavaThread "Unconstrained build operations Thread 3"        [_thread_blocked, id=2624, stack(0x0000006c32000000,0x0000006c32100000) (1024K)]
  0x000001789686bd70 JavaThread "Unconstrained build operations Thread 4"        [_thread_blocked, id=23056, stack(0x0000006c32100000,0x0000006c32200000) (1024K)]
  0x000001789686d120 JavaThread "Unconstrained build operations Thread 5"        [_thread_blocked, id=17920, stack(0x0000006c32200000,0x0000006c32300000) (1024K)]
  0x000001789686ca90 JavaThread "Unconstrained build operations Thread 6"        [_thread_blocked, id=10692, stack(0x0000006c32300000,0x0000006c32400000) (1024K)]
  0x000001789686a9c0 JavaThread "Unconstrained build operations Thread 7"        [_thread_blocked, id=14608, stack(0x0000006c32400000,0x0000006c32500000) (1024K)]
  0x000001789686a330 JavaThread "Unconstrained build operations Thread 8"        [_thread_blocked, id=14568, stack(0x0000006c32500000,0x0000006c32600000) (1024K)]
  0x000001789686b050 JavaThread "Unconstrained build operations Thread 9"        [_thread_blocked, id=18776, stack(0x0000006c32600000,0x0000006c32700000) (1024K)]
  0x000001789686b6e0 JavaThread "Unconstrained build operations Thread 10"        [_thread_blocked, id=8224, stack(0x0000006c32700000,0x0000006c32800000) (1024K)]
  0x0000017896869ca0 JavaThread "Unconstrained build operations Thread 11"        [_thread_blocked, id=14560, stack(0x0000006c32800000,0x0000006c32900000) (1024K)]
  0x0000017899ecfcf0 JavaThread "Unconstrained build operations Thread 12"        [_thread_blocked, id=20128, stack(0x0000006c32900000,0x0000006c32a00000) (1024K)]
  0x0000017899ecf660 JavaThread "Unconstrained build operations Thread 13"        [_thread_blocked, id=21148, stack(0x0000006c32a00000,0x0000006c32b00000) (1024K)]
  0x0000017899eccf00 JavaThread "Unconstrained build operations Thread 14"        [_thread_blocked, id=11460, stack(0x0000006c32b00000,0x0000006c32c00000) (1024K)]
  0x0000017899ed0380 JavaThread "Unconstrained build operations Thread 15"        [_thread_blocked, id=4044, stack(0x0000006c32c00000,0x0000006c32d00000) (1024K)]
  0x0000017899ed0a10 JavaThread "Unconstrained build operations Thread 16"        [_thread_blocked, id=15056, stack(0x0000006c32d00000,0x0000006c32e00000) (1024K)]
  0x0000017899ece2b0 JavaThread "Unconstrained build operations Thread 17"        [_thread_blocked, id=9264, stack(0x0000006c32e00000,0x0000006c32f00000) (1024K)]
  0x0000017899ecd590 JavaThread "Unconstrained build operations Thread 18"        [_thread_blocked, id=22660, stack(0x0000006c32f00000,0x0000006c33000000) (1024K)]
  0x0000017899ed1730 JavaThread "Unconstrained build operations Thread 19"        [_thread_blocked, id=2188, stack(0x0000006c30d00000,0x0000006c30e00000) (1024K)]
  0x0000017899ed1dc0 JavaThread "Unconstrained build operations Thread 20"        [_thread_blocked, id=12140, stack(0x0000006c33000000,0x0000006c33100000) (1024K)]
  0x0000017899ed2450 JavaThread "Unconstrained build operations Thread 21"        [_thread_blocked, id=18316, stack(0x0000006c33100000,0x0000006c33200000) (1024K)]
  0x0000017899ecefd0 JavaThread "Unconstrained build operations Thread 22"        [_thread_blocked, id=19760, stack(0x0000006c33200000,0x0000006c33300000) (1024K)]
  0x0000017899ed3e90 JavaThread "Unconstrained build operations Thread 23"        [_thread_blocked, id=22624, stack(0x0000006c33300000,0x0000006c33400000) (1024K)]
  0x0000017899ed2ae0 JavaThread "Unconstrained build operations Thread 24"        [_thread_blocked, id=16704, stack(0x0000006c33400000,0x0000006c33500000) (1024K)]
  0x0000017899ed3800 JavaThread "Unconstrained build operations Thread 25"        [_thread_blocked, id=23448, stack(0x0000006c33500000,0x0000006c33600000) (1024K)]
  0x0000017899ed4520 JavaThread "Unconstrained build operations Thread 26"        [_thread_blocked, id=3272, stack(0x0000006c33600000,0x0000006c33700000) (1024K)]
  0x0000017899ed3170 JavaThread "Unconstrained build operations Thread 27"        [_thread_blocked, id=11180, stack(0x0000006c33700000,0x0000006c33800000) (1024K)]
  0x0000017897dc8c10 JavaThread "Unconstrained build operations Thread 28"        [_thread_blocked, id=18168, stack(0x0000006c33800000,0x0000006c33900000) (1024K)]
  0x0000017897dc5790 JavaThread "Unconstrained build operations Thread 29"        [_thread_blocked, id=3836, stack(0x0000006c33900000,0x0000006c33a00000) (1024K)]
  0x0000017897dc7860 JavaThread "Unconstrained build operations Thread 30"        [_thread_blocked, id=20052, stack(0x0000006c33a00000,0x0000006c33b00000) (1024K)]
  0x0000017897dc7ef0 JavaThread "Unconstrained build operations Thread 31"        [_thread_blocked, id=8908, stack(0x0000006c33b00000,0x0000006c33c00000) (1024K)]
  0x0000017897dc6b40 JavaThread "Unconstrained build operations Thread 32"        [_thread_blocked, id=17812, stack(0x0000006c33c00000,0x0000006c33d00000) (1024K)]
  0x0000017897dc92a0 JavaThread "Unconstrained build operations Thread 33"        [_thread_blocked, id=10920, stack(0x0000006c33d00000,0x0000006c33e00000) (1024K)]
  0x0000017897dc9930 JavaThread "Unconstrained build operations Thread 34"        [_thread_blocked, id=12368, stack(0x0000006c33e00000,0x0000006c33f00000) (1024K)]
  0x0000017897dc64b0 JavaThread "Unconstrained build operations Thread 35"        [_thread_blocked, id=14676, stack(0x0000006c33f00000,0x0000006c34000000) (1024K)]
  0x0000017897dc9fc0 JavaThread "Unconstrained build operations Thread 36"        [_thread_blocked, id=9792, stack(0x0000006c34000000,0x0000006c34100000) (1024K)]
  0x0000017897dca650 JavaThread "Unconstrained build operations Thread 37"        [_thread_blocked, id=23308, stack(0x0000006c34100000,0x0000006c34200000) (1024K)]
  0x0000017897dc71d0 JavaThread "Unconstrained build operations Thread 38"        [_thread_blocked, id=15240, stack(0x0000006c34200000,0x0000006c34300000) (1024K)]
  0x0000017897dcace0 JavaThread "Unconstrained build operations Thread 39"        [_thread_blocked, id=12624, stack(0x0000006c34300000,0x0000006c34400000) (1024K)]
  0x0000017896f3b0f0 JavaThread "C2 CompilerThread1"         daemon [_thread_in_native, id=3008, stack(0x0000006c2f700000,0x0000006c2f800000) (1024K)]
  0x0000017896f395b0 JavaThread "C2 CompilerThread2"         daemon [_thread_in_native, id=18348, stack(0x0000006c34400000,0x0000006c34500000) (1024K)]
Total: 81

Other Threads:
  0x00000178ff1b8380 VMThread "VM Thread"                           [id=8452, stack(0x0000006c2ec00000,0x0000006c2ed00000) (1024K)] _threads_hazard_ptr=0x000001789b66d2a0
  0x00000178feff6560 WatcherThread "VM Periodic Task Thread"        [id=8572, stack(0x0000006c2eb00000,0x0000006c2ec00000) (1024K)]
  0x00000178f6bc43d0 WorkerThread "GC Thread#0"                     [id=5472, stack(0x0000006c2e600000,0x0000006c2e700000) (1024K)]
  0x00000178ffc20b30 WorkerThread "GC Thread#1"                     [id=16124, stack(0x0000006c2f900000,0x0000006c2fa00000) (1024K)]
  0x00000178ffc20ed0 WorkerThread "GC Thread#2"                     [id=19332, stack(0x0000006c2fa00000,0x0000006c2fb00000) (1024K)]
  0x00000178958b5010 WorkerThread "GC Thread#3"                     [id=9072, stack(0x0000006c2fb00000,0x0000006c2fc00000) (1024K)]
  0x00000178958b93c0 WorkerThread "GC Thread#4"                     [id=18864, stack(0x0000006c2fc00000,0x0000006c2fd00000) (1024K)]
  0x00000178962899d0 WorkerThread "GC Thread#5"                     [id=14876, stack(0x0000006c2f800000,0x0000006c2f900000) (1024K)]
  0x0000017896289d70 WorkerThread "GC Thread#6"                     [id=1732, stack(0x0000006c2fd00000,0x0000006c2fe00000) (1024K)]
  0x000001789628a110 WorkerThread "GC Thread#7"                     [id=10696, stack(0x0000006c2fe00000,0x0000006c2ff00000) (1024K)]
  0x00000178f6bd52c0 ConcurrentGCThread "G1 Main Marker"            [id=17892, stack(0x0000006c2e700000,0x0000006c2e800000) (1024K)]
  0x00000178f6bd6b10 WorkerThread "G1 Conc#0"                       [id=14584, stack(0x0000006c2e800000,0x0000006c2e900000) (1024K)]
  0x000001789628a850 WorkerThread "G1 Conc#1"                       [id=14808, stack(0x0000006c30900000,0x0000006c30a00000) (1024K)]
  0x00000178f6c2e420 ConcurrentGCThread "G1 Refine#0"               [id=8156, stack(0x0000006c2e900000,0x0000006c2ea00000) (1024K)]
  0x00000178feecc540 ConcurrentGCThread "G1 Service"                [id=16880, stack(0x0000006c2ea00000,0x0000006c2eb00000) (1024K)]
Total: 15

Threads with active compile tasks:
C2 CompilerThread0  36983 12807       4       org.jetbrains.kotlin.cli.jvm.index.JvmDependenciesIndexImpl::search (374 bytes)
C2 CompilerThread1  36983 12696   !   4       org.jetbrains.kotlin.metadata.ProtoBuf$Function::<init> (1410 bytes)
C2 CompilerThread2  36983 12834   !   4       org.jetbrains.kotlin.metadata.ProtoBuf$Type$Argument::<init> (401 bytes)
Total: 3

VM state: synchronizing (normal execution)

VM Mutex/Monitor currently owned by a thread:  ([mutex/lock_event])
[0x00007ff93d32c1a0] Metaspace_lock - owner thread: 0x00000178ff5a9f90
[0x00007ff93d32e3a0] Threads_lock - owner thread: 0x00000178ff1b8380
[0x00007ff93d32e4a0] Heap_lock - owner thread: 0x00000178f6bd52c0

Heap address: 0x0000000080000000, size: 2048 MB, Compressed Oops mode: 32-bit

CDS archive(s) not mapped
Compressed class space mapped at: 0x0000000100000000-0x0000000140000000, reserved size: 1073741824
Narrow klass base: 0x0000000000000000, Narrow klass shift: 3, Narrow klass range: 0x140000000

GC Precious Log:
 CardTable entry size: 512
 Card Set container configuration: InlinePtr #cards 5 size 8 Array Of Cards #cards 12 size 40 Howl #buckets 4 coarsen threshold 1843 Howl Bitmap #cards 512 size 80 coarsen threshold 460 Card regions per heap region 1 cards per card region 2048
 CPUs: 8 total, 8 available
 Memory: 7990M
 Large Page Support: Disabled
 NUMA Support: Disabled
 Compressed Oops: Enabled (32-bit)
 Heap Region Size: 1M
 Heap Min Capacity: 8M
 Heap Initial Capacity: 126M
 Heap Max Capacity: 2G
 Pre-touch: Disabled
 Parallel Workers: 8
 Concurrent Workers: 2
 Concurrent Refinement Workers: 8
 Periodic GC: Disabled

Heap:
 garbage-first heap   total 404480K, used 277745K [0x0000000080000000, 0x0000000100000000)
  region size 1024K, 55 young (56320K), 12 survivors (12288K)
 Metaspace       used 115991K, committed 118272K, reserved 1179648K
  class space    used 15465K, committed 16640K, reserved 1048576K

Heap Regions: E=young(eden), S=young(survivor), O=old, HS=humongous(starts), HC=humongous(continues), CS=collection set, F=free, TAMS=top-at-mark-start, PB=parsable bottom
|   0|0x0000000080000000, 0x0000000080100000, 0x0000000080100000|100%|HS|  |TAMS 0x0000000080100000| PB 0x0000000080000000| Complete 
|   1|0x0000000080100000, 0x0000000080200000, 0x0000000080200000|100%|HC|  |TAMS 0x0000000080200000| PB 0x0000000080100000| Complete 
|   2|0x0000000080200000, 0x0000000080300000, 0x0000000080300000|100%|HC|  |TAMS 0x0000000080300000| PB 0x0000000080200000| Complete 
|   3|0x0000000080300000, 0x0000000080400000, 0x0000000080400000|100%| O|  |TAMS 0x0000000080400000| PB 0x0000000080300000| Untracked 
|   4|0x0000000080400000, 0x0000000080500000, 0x0000000080500000|100%| O|  |TAMS 0x0000000080500000| PB 0x0000000080400000| Untracked 
|   5|0x0000000080500000, 0x0000000080600000, 0x0000000080600000|100%| O|  |TAMS 0x0000000080600000| PB 0x0000000080500000| Untracked 
|   6|0x0000000080600000, 0x0000000080700000, 0x0000000080700000|100%|HS|  |TAMS 0x0000000080700000| PB 0x0000000080600000| Complete 
|   7|0x0000000080700000, 0x0000000080800000, 0x0000000080800000|100%| O|  |TAMS 0x0000000080800000| PB 0x0000000080700000| Untracked 
|   8|0x0000000080800000, 0x0000000080900000, 0x0000000080900000|100%| O|  |TAMS 0x0000000080900000| PB 0x0000000080800000| Untracked 
|   9|0x0000000080900000, 0x0000000080a00000, 0x0000000080a00000|100%| O|  |TAMS 0x0000000080a00000| PB 0x0000000080900000| Untracked 
|  10|0x0000000080a00000, 0x0000000080b00000, 0x0000000080b00000|100%| O|  |TAMS 0x0000000080b00000| PB 0x0000000080a00000| Untracked 
|  11|0x0000000080b00000, 0x0000000080c00000, 0x0000000080c00000|100%| O|  |TAMS 0x0000000080c00000| PB 0x0000000080b00000| Untracked 
|  12|0x0000000080c00000, 0x0000000080d00000, 0x0000000080d00000|100%| O|  |TAMS 0x0000000080d00000| PB 0x0000000080c00000| Untracked 
|  13|0x0000000080d00000, 0x0000000080e00000, 0x0000000080e00000|100%| O|  |TAMS 0x0000000080e00000| PB 0x0000000080d00000| Untracked 
|  14|0x0000000080e00000, 0x0000000080f00000, 0x0000000080f00000|100%| O|  |TAMS 0x0000000080f00000| PB 0x0000000080e00000| Untracked 
|  15|0x0000000080f00000, 0x0000000081000000, 0x0000000081000000|100%| O|  |TAMS 0x0000000081000000| PB 0x0000000080f00000| Untracked 
|  16|0x0000000081000000, 0x0000000081100000, 0x0000000081100000|100%| O|  |TAMS 0x0000000081100000| PB 0x0000000081000000| Untracked 
|  17|0x0000000081100000, 0x0000000081200000, 0x0000000081200000|100%| O|  |TAMS 0x0000000081200000| PB 0x0000000081100000| Untracked 
|  18|0x0000000081200000, 0x0000000081300000, 0x0000000081300000|100%| O|  |TAMS 0x0000000081300000| PB 0x0000000081200000| Untracked 
|  19|0x0000000081300000, 0x0000000081400000, 0x0000000081400000|100%| O|  |TAMS 0x0000000081400000| PB 0x0000000081300000| Untracked 
|  20|0x0000000081400000, 0x0000000081500000, 0x0000000081500000|100%| O|  |TAMS 0x0000000081500000| PB 0x0000000081400000| Updating 
|  21|0x0000000081500000, 0x0000000081600000, 0x0000000081600000|100%| O|  |TAMS 0x0000000081600000| PB 0x0000000081500000| Updating 
|  22|0x0000000081600000, 0x0000000081700000, 0x0000000081700000|100%|HS|  |TAMS 0x0000000081700000| PB 0x0000000081600000| Complete 
|  23|0x0000000081700000, 0x0000000081800000, 0x0000000081800000|100%|HC|  |TAMS 0x0000000081800000| PB 0x0000000081700000| Complete 
|  24|0x0000000081800000, 0x0000000081900000, 0x0000000081900000|100%|HC|  |TAMS 0x0000000081900000| PB 0x0000000081800000| Complete 
|  25|0x0000000081900000, 0x0000000081a00000, 0x0000000081a00000|100%|HC|  |TAMS 0x0000000081a00000| PB 0x0000000081900000| Complete 
|  26|0x0000000081a00000, 0x0000000081b00000, 0x0000000081b00000|100%|HC|  |TAMS 0x0000000081b00000| PB 0x0000000081a00000| Complete 
|  27|0x0000000081b00000, 0x0000000081c00000, 0x0000000081c00000|100%|HC|  |TAMS 0x0000000081c00000| PB 0x0000000081b00000| Complete 
|  28|0x0000000081c00000, 0x0000000081d00000, 0x0000000081d00000|100%|HS|  |TAMS 0x0000000081d00000| PB 0x0000000081c00000| Complete 
|  29|0x0000000081d00000, 0x0000000081e00000, 0x0000000081e00000|100%|HS|  |TAMS 0x0000000081e00000| PB 0x0000000081d00000| Complete 
|  30|0x0000000081e00000, 0x0000000081f00000, 0x0000000081f00000|100%|HC|  |TAMS 0x0000000081f00000| PB 0x0000000081e00000| Complete 
|  31|0x0000000081f00000, 0x0000000082000000, 0x0000000082000000|100%|HC|  |TAMS 0x0000000082000000| PB 0x0000000081f00000| Complete 
|  32|0x0000000082000000, 0x0000000082100000, 0x0000000082100000|100%|HC|  |TAMS 0x0000000082100000| PB 0x0000000082000000| Complete 
|  33|0x0000000082100000, 0x0000000082200000, 0x0000000082200000|100%|HS|  |TAMS 0x0000000082200000| PB 0x0000000082100000| Complete 
|  34|0x0000000082200000, 0x0000000082300000, 0x0000000082300000|100%|HC|  |TAMS 0x0000000082300000| PB 0x0000000082200000| Complete 
|  35|0x0000000082300000, 0x0000000082400000, 0x0000000082400000|100%|HS|  |TAMS 0x0000000082400000| PB 0x0000000082300000| Complete 
|  36|0x0000000082400000, 0x0000000082500000, 0x0000000082500000|100%|HS|  |TAMS 0x0000000082500000| PB 0x0000000082400000| Complete 
|  37|0x0000000082500000, 0x0000000082600000, 0x0000000082600000|100%|HC|  |TAMS 0x0000000082600000| PB 0x0000000082500000| Complete 
|  38|0x0000000082600000, 0x0000000082700000, 0x0000000082700000|100%|HC|  |TAMS 0x0000000082700000| PB 0x0000000082600000| Complete 
|  39|0x0000000082700000, 0x0000000082800000, 0x0000000082800000|100%|HC|  |TAMS 0x0000000082800000| PB 0x0000000082700000| Complete 
|  40|0x0000000082800000, 0x0000000082900000, 0x0000000082900000|100%|HC|  |TAMS 0x0000000082900000| PB 0x0000000082800000| Complete 
|  41|0x0000000082900000, 0x0000000082a00000, 0x0000000082a00000|100%|HC|  |TAMS 0x0000000082a00000| PB 0x0000000082900000| Complete 
|  42|0x0000000082a00000, 0x0000000082b00000, 0x0000000082b00000|100%|HS|  |TAMS 0x0000000082b00000| PB 0x0000000082a00000| Complete 
|  43|0x0000000082b00000, 0x0000000082c00000, 0x0000000082c00000|100%|HS|  |TAMS 0x0000000082c00000| PB 0x0000000082b00000| Complete 
|  44|0x0000000082c00000, 0x0000000082d00000, 0x0000000082d00000|100%|HC|  |TAMS 0x0000000082d00000| PB 0x0000000082c00000| Complete 
|  45|0x0000000082d00000, 0x0000000082e00000, 0x0000000082e00000|100%|HC|  |TAMS 0x0000000082e00000| PB 0x0000000082d00000| Complete 
|  46|0x0000000082e00000, 0x0000000082f00000, 0x0000000082f00000|100%|HC|  |TAMS 0x0000000082f00000| PB 0x0000000082e00000| Complete 
|  47|0x0000000082f00000, 0x0000000083000000, 0x0000000083000000|100%|HS|  |TAMS 0x0000000083000000| PB 0x0000000082f00000| Complete 
|  48|0x0000000083000000, 0x0000000083100000, 0x0000000083100000|100%|HC|  |TAMS 0x0000000083100000| PB 0x0000000083000000| Complete 
|  49|0x0000000083100000, 0x0000000083200000, 0x0000000083200000|100%|HS|  |TAMS 0x0000000083200000| PB 0x0000000083100000| Complete 
|  50|0x0000000083200000, 0x0000000083300000, 0x0000000083300000|100%| O|  |TAMS 0x0000000083300000| PB 0x0000000083200000| Updating 
|  51|0x0000000083300000, 0x0000000083400000, 0x0000000083400000|100%| O|  |TAMS 0x0000000083400000| PB 0x0000000083300000| Untracked 
|  52|0x0000000083400000, 0x0000000083500000, 0x0000000083500000|100%| O|  |TAMS 0x0000000083500000| PB 0x0000000083400000| Untracked 
|  53|0x0000000083500000, 0x0000000083600000, 0x0000000083600000|100%| O|  |TAMS 0x0000000083600000| PB 0x0000000083500000| Untracked 
|  54|0x0000000083600000, 0x0000000083700000, 0x0000000083700000|100%| O|  |TAMS 0x0000000083700000| PB 0x0000000083600000| Untracked 
|  55|0x0000000083700000, 0x0000000083800000, 0x0000000083800000|100%| O|  |TAMS 0x0000000083800000| PB 0x0000000083700000| Updating 
|  56|0x0000000083800000, 0x0000000083900000, 0x0000000083900000|100%| O|  |TAMS 0x0000000083900000| PB 0x0000000083800000| Updating 
|  57|0x0000000083900000, 0x0000000083a00000, 0x0000000083a00000|100%| O|  |TAMS 0x0000000083a00000| PB 0x0000000083900000| Updating 
|  58|0x0000000083a00000, 0x0000000083b00000, 0x0000000083b00000|100%| O|  |TAMS 0x0000000083b00000| PB 0x0000000083a00000| Untracked 
|  59|0x0000000083b00000, 0x0000000083c00000, 0x0000000083c00000|100%| O|  |TAMS 0x0000000083c00000| PB 0x0000000083b00000| Untracked 
|  60|0x0000000083c00000, 0x0000000083d00000, 0x0000000083d00000|100%| O|  |TAMS 0x0000000083d00000| PB 0x0000000083c00000| Updating 
|  61|0x0000000083d00000, 0x0000000083e00000, 0x0000000083e00000|100%| O|  |TAMS 0x0000000083e00000| PB 0x0000000083d00000| Updating 
|  62|0x0000000083e00000, 0x0000000083f00000, 0x0000000083f00000|100%|HS|  |TAMS 0x0000000083f00000| PB 0x0000000083e00000| Complete 
|  63|0x0000000083f00000, 0x0000000084000000, 0x0000000084000000|100%|HC|  |TAMS 0x0000000084000000| PB 0x0000000083f00000| Complete 
|  64|0x0000000084000000, 0x0000000084100000, 0x0000000084100000|100%| O|  |TAMS 0x0000000084100000| PB 0x0000000084000000| Untracked 
|  65|0x0000000084100000, 0x0000000084200000, 0x0000000084200000|100%|HS|  |TAMS 0x0000000084200000| PB 0x0000000084100000| Complete 
|  66|0x0000000084200000, 0x0000000084300000, 0x0000000084300000|100%|HC|  |TAMS 0x0000000084300000| PB 0x0000000084200000| Complete 
|  67|0x0000000084300000, 0x0000000084400000, 0x0000000084400000|100%|HC|  |TAMS 0x0000000084400000| PB 0x0000000084300000| Complete 
|  68|0x0000000084400000, 0x0000000084500000, 0x0000000084500000|100%|HC|  |TAMS 0x0000000084500000| PB 0x0000000084400000| Complete 
|  69|0x0000000084500000, 0x0000000084600000, 0x0000000084600000|100%|HC|  |TAMS 0x0000000084600000| PB 0x0000000084500000| Complete 
|  70|0x0000000084600000, 0x0000000084700000, 0x0000000084700000|100%|HC|  |TAMS 0x0000000084700000| PB 0x0000000084600000| Complete 
|  71|0x0000000084700000, 0x0000000084800000, 0x0000000084800000|100%|HS|  |TAMS 0x0000000084800000| PB 0x0000000084700000| Complete 
|  72|0x0000000084800000, 0x0000000084900000, 0x0000000084900000|100%|HS|  |TAMS 0x0000000084900000| PB 0x0000000084800000| Complete 
|  73|0x0000000084900000, 0x0000000084a00000, 0x0000000084a00000|100%|HC|  |TAMS 0x0000000084a00000| PB 0x0000000084900000| Complete 
|  74|0x0000000084a00000, 0x0000000084b00000, 0x0000000084b00000|100%|HC|  |TAMS 0x0000000084b00000| PB 0x0000000084a00000| Complete 
|  75|0x0000000084b00000, 0x0000000084c00000, 0x0000000084c00000|100%|HC|  |TAMS 0x0000000084c00000| PB 0x0000000084b00000| Complete 
|  76|0x0000000084c00000, 0x0000000084d00000, 0x0000000084d00000|100%|HC|  |TAMS 0x0000000084d00000| PB 0x0000000084c00000| Complete 
|  77|0x0000000084d00000, 0x0000000084e00000, 0x0000000084e00000|100%|HC|  |TAMS 0x0000000084e00000| PB 0x0000000084d00000| Complete 
|  78|0x0000000084e00000, 0x0000000084f00000, 0x0000000084f00000|100%|HS|  |TAMS 0x0000000084f00000| PB 0x0000000084e00000| Complete 
|  79|0x0000000084f00000, 0x0000000085000000, 0x0000000085000000|100%| O|  |TAMS 0x0000000085000000| PB 0x0000000084f00000| Untracked 
|  80|0x0000000085000000, 0x0000000085100000, 0x0000000085100000|100%| O|  |TAMS 0x0000000085100000| PB 0x0000000085000000| Updating 
|  81|0x0000000085100000, 0x0000000085200000, 0x0000000085200000|100%| O|  |TAMS 0x0000000085200000| PB 0x0000000085100000| Updating 
|  82|0x0000000085200000, 0x0000000085300000, 0x0000000085300000|100%|HS|  |TAMS 0x0000000085300000| PB 0x0000000085200000| Complete 
|  83|0x0000000085300000, 0x0000000085400000, 0x0000000085400000|100%| O|  |TAMS 0x0000000085400000| PB 0x0000000085300000| Updating 
|  84|0x0000000085400000, 0x0000000085500000, 0x0000000085500000|100%| O|  |TAMS 0x0000000085500000| PB 0x0000000085400000| Updating 
|  85|0x0000000085500000, 0x0000000085600000, 0x0000000085600000|100%| O|  |TAMS 0x0000000085600000| PB 0x0000000085500000| Updating 
|  86|0x0000000085600000, 0x0000000085700000, 0x0000000085700000|100%| O|  |TAMS 0x0000000085700000| PB 0x0000000085600000| Updating 
|  87|0x0000000085700000, 0x0000000085800000, 0x0000000085800000|100%| O|  |TAMS 0x0000000085800000| PB 0x0000000085700000| Updating 
|  88|0x0000000085800000, 0x0000000085900000, 0x0000000085900000|100%| O|  |TAMS 0x0000000085900000| PB 0x0000000085800000| Untracked 
|  89|0x0000000085900000, 0x0000000085a00000, 0x0000000085a00000|100%| O|  |TAMS 0x0000000085a00000| PB 0x0000000085900000| Untracked 
|  90|0x0000000085a00000, 0x0000000085b00000, 0x0000000085b00000|100%| O|  |TAMS 0x0000000085b00000| PB 0x0000000085a00000| Untracked 
|  91|0x0000000085b00000, 0x0000000085c00000, 0x0000000085c00000|100%| O|  |TAMS 0x0000000085c00000| PB 0x0000000085b00000| Untracked 
|  92|0x0000000085c00000, 0x0000000085d00000, 0x0000000085d00000|100%| O|  |TAMS 0x0000000085d00000| PB 0x0000000085c00000| Untracked 
|  93|0x0000000085d00000, 0x0000000085e00000, 0x0000000085e00000|100%| O|  |TAMS 0x0000000085e00000| PB 0x0000000085d00000| Untracked 
|  94|0x0000000085e00000, 0x0000000085f00000, 0x0000000085f00000|100%| O|  |TAMS 0x0000000085f00000| PB 0x0000000085e00000| Updating 
|  95|0x0000000085f00000, 0x0000000086000000, 0x0000000086000000|100%|HS|  |TAMS 0x0000000085f00000| PB 0x0000000085f00000| Complete 
|  96|0x0000000086000000, 0x0000000086000000, 0x0000000086100000|  0%| F|  |TAMS 0x0000000086000000| PB 0x0000000086000000| Untracked 
|  97|0x0000000086100000, 0x0000000086200000, 0x0000000086200000|100%| O|  |TAMS 0x0000000086200000| PB 0x0000000086100000| Updating 
|  98|0x0000000086200000, 0x0000000086300000, 0x0000000086300000|100%| O|  |TAMS 0x0000000086300000| PB 0x0000000086200000| Updating 
|  99|0x0000000086300000, 0x0000000086300000, 0x0000000086400000|  0%| F|  |TAMS 0x0000000086300000| PB 0x0000000086300000| Untracked 
| 100|0x0000000086400000, 0x0000000086500000, 0x0000000086500000|100%| O|  |TAMS 0x0000000086500000| PB 0x0000000086400000| Updating 
| 101|0x0000000086500000, 0x0000000086600000, 0x0000000086600000|100%| O|  |TAMS 0x0000000086600000| PB 0x0000000086500000| Untracked 
| 102|0x0000000086600000, 0x0000000086700000, 0x0000000086700000|100%| O|  |TAMS 0x0000000086700000| PB 0x0000000086600000| Untracked 
| 103|0x0000000086700000, 0x0000000086800000, 0x0000000086800000|100%| O|  |TAMS 0x0000000086800000| PB 0x0000000086700000| Untracked 
| 104|0x0000000086800000, 0x0000000086900000, 0x0000000086900000|100%| O|  |TAMS 0x0000000086900000| PB 0x0000000086800000| Untracked 
| 105|0x0000000086900000, 0x0000000086a00000, 0x0000000086a00000|100%| O|  |TAMS 0x0000000086a00000| PB 0x0000000086900000| Untracked 
| 106|0x0000000086a00000, 0x0000000086b00000, 0x0000000086b00000|100%| O|  |TAMS 0x0000000086b00000| PB 0x0000000086a00000| Updating 
| 107|0x0000000086b00000, 0x0000000086c00000, 0x0000000086c00000|100%| O|  |TAMS 0x0000000086c00000| PB 0x0000000086b00000| Untracked 
| 108|0x0000000086c00000, 0x0000000086d00000, 0x0000000086d00000|100%| O|  |TAMS 0x0000000086d00000| PB 0x0000000086c00000| Updating 
| 109|0x0000000086d00000, 0x0000000086d00000, 0x0000000086e00000|  0%| F|  |TAMS 0x0000000086d00000| PB 0x0000000086d00000| Untracked 
| 110|0x0000000086e00000, 0x0000000086f00000, 0x0000000086f00000|100%| O|  |TAMS 0x0000000086f00000| PB 0x0000000086e00000| Updating 
| 111|0x0000000086f00000, 0x0000000087000000, 0x0000000087000000|100%| O|  |TAMS 0x0000000087000000| PB 0x0000000086f00000| Untracked 
| 112|0x0000000087000000, 0x0000000087000000, 0x0000000087100000|  0%| F|  |TAMS 0x0000000087000000| PB 0x0000000087000000| Untracked 
| 113|0x0000000087100000, 0x0000000087200000, 0x0000000087200000|100%| O|  |TAMS 0x0000000087200000| PB 0x0000000087100000| Untracked 
| 114|0x0000000087200000, 0x0000000087200000, 0x0000000087300000|  0%| F|  |TAMS 0x0000000087200000| PB 0x0000000087200000| Untracked 
| 115|0x0000000087300000, 0x0000000087400000, 0x0000000087400000|100%| O|  |TAMS 0x0000000087400000| PB 0x0000000087300000| Updating 
| 116|0x0000000087400000, 0x0000000087400000, 0x0000000087500000|  0%| F|  |TAMS 0x0000000087400000| PB 0x0000000087400000| Untracked 
| 117|0x0000000087500000, 0x0000000087600000, 0x0000000087600000|100%| O|  |TAMS 0x0000000087600000| PB 0x0000000087500000| Updating 
| 118|0x0000000087600000, 0x0000000087600000, 0x0000000087700000|  0%| F|  |TAMS 0x0000000087600000| PB 0x0000000087600000| Untracked 
| 119|0x0000000087700000, 0x0000000087700000, 0x0000000087800000|  0%| F|  |TAMS 0x0000000087700000| PB 0x0000000087700000| Untracked 
| 120|0x0000000087800000, 0x0000000087800000, 0x0000000087900000|  0%| F|  |TAMS 0x0000000087800000| PB 0x0000000087800000| Untracked 
| 121|0x0000000087900000, 0x0000000087900000, 0x0000000087a00000|  0%| F|  |TAMS 0x0000000087900000| PB 0x0000000087900000| Untracked 
| 122|0x0000000087a00000, 0x0000000087b00000, 0x0000000087b00000|100%|HS|  |TAMS 0x0000000087b00000| PB 0x0000000087a00000| Complete 
| 123|0x0000000087b00000, 0x0000000087c00000, 0x0000000087c00000|100%|HC|  |TAMS 0x0000000087c00000| PB 0x0000000087b00000| Complete 
| 124|0x0000000087c00000, 0x0000000087d00000, 0x0000000087d00000|100%| O|  |TAMS 0x0000000087d00000| PB 0x0000000087c00000| Untracked 
| 125|0x0000000087d00000, 0x0000000087e00000, 0x0000000087e00000|100%| O|  |TAMS 0x0000000087e00000| PB 0x0000000087d00000| Updating 
| 126|0x0000000087e00000, 0x0000000087f00000, 0x0000000087f00000|100%| O|  |TAMS 0x0000000087f00000| PB 0x0000000087e00000| Updating 
| 127|0x0000000087f00000, 0x0000000088000000, 0x0000000088000000|100%| O|  |TAMS 0x0000000088000000| PB 0x0000000087f00000| Updating 
| 128|0x0000000088000000, 0x0000000088100000, 0x0000000088100000|100%| O|  |TAMS 0x0000000088100000| PB 0x0000000088000000| Updating 
| 129|0x0000000088100000, 0x0000000088200000, 0x0000000088200000|100%| O|  |TAMS 0x0000000088200000| PB 0x0000000088100000| Updating 
| 130|0x0000000088200000, 0x0000000088300000, 0x0000000088300000|100%| O|  |TAMS 0x0000000088300000| PB 0x0000000088200000| Updating 
| 131|0x0000000088300000, 0x0000000088300000, 0x0000000088400000|  0%| F|  |TAMS 0x0000000088300000| PB 0x0000000088300000| Untracked 
| 132|0x0000000088400000, 0x0000000088400000, 0x0000000088500000|  0%| F|  |TAMS 0x0000000088400000| PB 0x0000000088400000| Untracked 
| 133|0x0000000088500000, 0x0000000088500000, 0x0000000088600000|  0%| F|  |TAMS 0x0000000088500000| PB 0x0000000088500000| Untracked 
| 134|0x0000000088600000, 0x0000000088700000, 0x0000000088700000|100%| O|  |TAMS 0x0000000088700000| PB 0x0000000088600000| Updating 
| 135|0x0000000088700000, 0x0000000088800000, 0x0000000088800000|100%| O|  |TAMS 0x0000000088800000| PB 0x0000000088700000| Updating 
| 136|0x0000000088800000, 0x0000000088900000, 0x0000000088900000|100%| O|  |TAMS 0x0000000088900000| PB 0x0000000088800000| Untracked 
| 137|0x0000000088900000, 0x0000000088900000, 0x0000000088a00000|  0%| F|  |TAMS 0x0000000088900000| PB 0x0000000088900000| Untracked 
| 138|0x0000000088a00000, 0x0000000088a00000, 0x0000000088b00000|  0%| F|  |TAMS 0x0000000088a00000| PB 0x0000000088a00000| Untracked 
| 139|0x0000000088b00000, 0x0000000088b00000, 0x0000000088c00000|  0%| F|  |TAMS 0x0000000088b00000| PB 0x0000000088b00000| Untracked 
| 140|0x0000000088c00000, 0x0000000088c00000, 0x0000000088d00000|  0%| F|  |TAMS 0x0000000088c00000| PB 0x0000000088c00000| Untracked 
| 141|0x0000000088d00000, 0x0000000088d00000, 0x0000000088e00000|  0%| F|  |TAMS 0x0000000088d00000| PB 0x0000000088d00000| Untracked 
| 142|0x0000000088e00000, 0x0000000088f00000, 0x0000000088f00000|100%| O|  |TAMS 0x0000000088f00000| PB 0x0000000088e00000| Untracked 
| 143|0x0000000088f00000, 0x0000000089000000, 0x0000000089000000|100%|HS|  |TAMS 0x0000000089000000| PB 0x0000000088f00000| Complete 
| 144|0x0000000089000000, 0x0000000089100000, 0x0000000089100000|100%|HS|  |TAMS 0x0000000089100000| PB 0x0000000089000000| Complete 
| 145|0x0000000089100000, 0x0000000089200000, 0x0000000089200000|100%| O|  |TAMS 0x0000000089200000| PB 0x0000000089100000| Updating 
| 146|0x0000000089200000, 0x0000000089300000, 0x0000000089300000|100%| O|  |TAMS 0x0000000089300000| PB 0x0000000089200000| Updating 
| 147|0x0000000089300000, 0x0000000089300000, 0x0000000089400000|  0%| F|  |TAMS 0x0000000089300000| PB 0x0000000089300000| Untracked 
| 148|0x0000000089400000, 0x0000000089400000, 0x0000000089500000|  0%| F|  |TAMS 0x0000000089400000| PB 0x0000000089400000| Untracked 
| 149|0x0000000089500000, 0x0000000089500000, 0x0000000089600000|  0%| F|  |TAMS 0x0000000089500000| PB 0x0000000089500000| Untracked 
| 150|0x0000000089600000, 0x0000000089700000, 0x0000000089700000|100%| O|  |TAMS 0x0000000089700000| PB 0x0000000089600000| Updating 
| 151|0x0000000089700000, 0x0000000089800000, 0x0000000089800000|100%| O|  |TAMS 0x0000000089800000| PB 0x0000000089700000| Updating 
| 152|0x0000000089800000, 0x0000000089900000, 0x0000000089900000|100%| O|  |TAMS 0x0000000089900000| PB 0x0000000089800000| Untracked 
| 153|0x0000000089900000, 0x0000000089a00000, 0x0000000089a00000|100%| O|  |TAMS 0x0000000089a00000| PB 0x0000000089900000| Updating 
| 154|0x0000000089a00000, 0x0000000089a00000, 0x0000000089b00000|  0%| F|  |TAMS 0x0000000089a00000| PB 0x0000000089a00000| Untracked 
| 155|0x0000000089b00000, 0x0000000089c00000, 0x0000000089c00000|100%| O|  |TAMS 0x0000000089c00000| PB 0x0000000089b00000| Updating 
| 156|0x0000000089c00000, 0x0000000089d00000, 0x0000000089d00000|100%| O|  |TAMS 0x0000000089d00000| PB 0x0000000089c00000| Updating 
| 157|0x0000000089d00000, 0x0000000089e00000, 0x0000000089e00000|100%| O|  |TAMS 0x0000000089e00000| PB 0x0000000089d00000| Updating 
| 158|0x0000000089e00000, 0x0000000089f00000, 0x0000000089f00000|100%| O|  |TAMS 0x0000000089f00000| PB 0x0000000089e00000| Updating 
| 159|0x0000000089f00000, 0x000000008a000000, 0x000000008a000000|100%| O|  |TAMS 0x000000008a000000| PB 0x0000000089f00000| Updating 
| 160|0x000000008a000000, 0x000000008a100000, 0x000000008a100000|100%| O|  |TAMS 0x000000008a100000| PB 0x000000008a000000| Updating 
| 161|0x000000008a100000, 0x000000008a200000, 0x000000008a200000|100%| O|  |TAMS 0x000000008a200000| PB 0x000000008a100000| Untracked 
| 162|0x000000008a200000, 0x000000008a300000, 0x000000008a300000|100%| O|  |TAMS 0x000000008a300000| PB 0x000000008a200000| Updating 
| 163|0x000000008a300000, 0x000000008a400000, 0x000000008a400000|100%| O|  |TAMS 0x000000008a400000| PB 0x000000008a300000| Untracked 
| 164|0x000000008a400000, 0x000000008a500000, 0x000000008a500000|100%| O|  |TAMS 0x000000008a500000| PB 0x000000008a400000| Updating 
| 165|0x000000008a500000, 0x000000008a600000, 0x000000008a600000|100%| O|  |TAMS 0x000000008a600000| PB 0x000000008a500000| Updating 
| 166|0x000000008a600000, 0x000000008a600000, 0x000000008a700000|  0%| F|  |TAMS 0x000000008a600000| PB 0x000000008a600000| Untracked 
| 167|0x000000008a700000, 0x000000008a700000, 0x000000008a800000|  0%| F|  |TAMS 0x000000008a700000| PB 0x000000008a700000| Untracked 
| 168|0x000000008a800000, 0x000000008a800000, 0x000000008a900000|  0%| F|  |TAMS 0x000000008a800000| PB 0x000000008a800000| Untracked 
| 169|0x000000008a900000, 0x000000008aa00000, 0x000000008aa00000|100%| O|  |TAMS 0x000000008aa00000| PB 0x000000008a900000| Updating 
| 170|0x000000008aa00000, 0x000000008ab00000, 0x000000008ab00000|100%| O|  |TAMS 0x000000008ab00000| PB 0x000000008aa00000| Untracked 
| 171|0x000000008ab00000, 0x000000008ac00000, 0x000000008ac00000|100%| O|  |TAMS 0x000000008ac00000| PB 0x000000008ab00000| Updating 
| 172|0x000000008ac00000, 0x000000008ad00000, 0x000000008ad00000|100%| O|  |TAMS 0x000000008ad00000| PB 0x000000008ac00000| Updating 
| 173|0x000000008ad00000, 0x000000008ad00000, 0x000000008ae00000|  0%| F|  |TAMS 0x000000008ad00000| PB 0x000000008ad00000| Untracked 
| 174|0x000000008ae00000, 0x000000008af00000, 0x000000008af00000|100%| O|  |TAMS 0x000000008af00000| PB 0x000000008ae00000| Untracked 
| 175|0x000000008af00000, 0x000000008b000000, 0x000000008b000000|100%| O|  |TAMS 0x000000008b000000| PB 0x000000008af00000| Updating 
| 176|0x000000008b000000, 0x000000008b100000, 0x000000008b100000|100%| O|  |TAMS 0x000000008b100000| PB 0x000000008b000000| Untracked 
| 177|0x000000008b100000, 0x000000008b200000, 0x000000008b200000|100%| O|  |TAMS 0x000000008b200000| PB 0x000000008b100000| Updating 
| 178|0x000000008b200000, 0x000000008b300000, 0x000000008b300000|100%| O|  |TAMS 0x000000008b300000| PB 0x000000008b200000| Untracked 
| 179|0x000000008b300000, 0x000000008b400000, 0x000000008b400000|100%| O|  |TAMS 0x000000008b400000| PB 0x000000008b300000| Untracked 
| 180|0x000000008b400000, 0x000000008b500000, 0x000000008b500000|100%| O|  |TAMS 0x000000008b500000| PB 0x000000008b400000| Updating 
| 181|0x000000008b500000, 0x000000008b600000, 0x000000008b600000|100%| O|  |TAMS 0x000000008b600000| PB 0x000000008b500000| Updating 
| 182|0x000000008b600000, 0x000000008b700000, 0x000000008b700000|100%|HS|  |TAMS 0x000000008b700000| PB 0x000000008b600000| Complete 
| 183|0x000000008b700000, 0x000000008b800000, 0x000000008b800000|100%|HC|  |TAMS 0x000000008b800000| PB 0x000000008b700000| Complete 
| 184|0x000000008b800000, 0x000000008b900000, 0x000000008b900000|100%|HC|  |TAMS 0x000000008b900000| PB 0x000000008b800000| Complete 
| 185|0x000000008b900000, 0x000000008ba00000, 0x000000008ba00000|100%| O|  |TAMS 0x000000008ba00000| PB 0x000000008b900000| Untracked 
| 186|0x000000008ba00000, 0x000000008bb00000, 0x000000008bb00000|100%| O|  |TAMS 0x000000008bb00000| PB 0x000000008ba00000| Untracked 
| 187|0x000000008bb00000, 0x000000008bc00000, 0x000000008bc00000|100%| O|  |TAMS 0x000000008bc00000| PB 0x000000008bb00000| Untracked 
| 188|0x000000008bc00000, 0x000000008bd00000, 0x000000008bd00000|100%| O|  |TAMS 0x000000008bd00000| PB 0x000000008bc00000| Untracked 
| 189|0x000000008bd00000, 0x000000008be00000, 0x000000008be00000|100%| O|  |TAMS 0x000000008be00000| PB 0x000000008bd00000| Untracked 
| 190|0x000000008be00000, 0x000000008bf00000, 0x000000008bf00000|100%| O|  |TAMS 0x000000008bf00000| PB 0x000000008be00000| Untracked 
| 191|0x000000008bf00000, 0x000000008c000000, 0x000000008c000000|100%|HS|  |TAMS 0x000000008c000000| PB 0x000000008bf00000| Complete 
| 192|0x000000008c000000, 0x000000008c100000, 0x000000008c100000|100%|HC|  |TAMS 0x000000008c100000| PB 0x000000008c000000| Complete 
| 193|0x000000008c100000, 0x000000008c200000, 0x000000008c200000|100%|HC|  |TAMS 0x000000008c200000| PB 0x000000008c100000| Complete 
| 194|0x000000008c200000, 0x000000008c300000, 0x000000008c300000|100%|HC|  |TAMS 0x000000008c300000| PB 0x000000008c200000| Complete 
| 195|0x000000008c300000, 0x000000008c400000, 0x000000008c400000|100%|HC|  |TAMS 0x000000008c400000| PB 0x000000008c300000| Complete 
| 196|0x000000008c400000, 0x000000008c500000, 0x000000008c500000|100%|HC|  |TAMS 0x000000008c500000| PB 0x000000008c400000| Complete 
| 197|0x000000008c500000, 0x000000008c600000, 0x000000008c600000|100%|HS|  |TAMS 0x000000008c600000| PB 0x000000008c500000| Complete 
| 198|0x000000008c600000, 0x000000008c700000, 0x000000008c700000|100%|HS|  |TAMS 0x000000008c700000| PB 0x000000008c600000| Complete 
| 199|0x000000008c700000, 0x000000008c800000, 0x000000008c800000|100%| O|  |TAMS 0x000000008c800000| PB 0x000000008c700000| Untracked 
| 200|0x000000008c800000, 0x000000008c900000, 0x000000008c900000|100%| O|  |TAMS 0x000000008c900000| PB 0x000000008c800000| Untracked 
| 201|0x000000008c900000, 0x000000008ca00000, 0x000000008ca00000|100%| O|  |TAMS 0x000000008ca00000| PB 0x000000008c900000| Updating 
| 202|0x000000008ca00000, 0x000000008cb00000, 0x000000008cb00000|100%| O|  |TAMS 0x000000008cb00000| PB 0x000000008ca00000| Untracked 
| 203|0x000000008cb00000, 0x000000008cc00000, 0x000000008cc00000|100%| O|  |TAMS 0x000000008cc00000| PB 0x000000008cb00000| Untracked 
| 204|0x000000008cc00000, 0x000000008cd00000, 0x000000008cd00000|100%| O|  |TAMS 0x000000008cd00000| PB 0x000000008cc00000| Untracked 
| 205|0x000000008cd00000, 0x000000008ce00000, 0x000000008ce00000|100%| O|  |TAMS 0x000000008ce00000| PB 0x000000008cd00000| Untracked 
| 206|0x000000008ce00000, 0x000000008cf00000, 0x000000008cf00000|100%| O|  |TAMS 0x000000008cf00000| PB 0x000000008ce00000| Untracked 
| 207|0x000000008cf00000, 0x000000008d000000, 0x000000008d000000|100%| O|  |TAMS 0x000000008d000000| PB 0x000000008cf00000| Updating 
| 208|0x000000008d000000, 0x000000008d000000, 0x000000008d100000|  0%| F|  |TAMS 0x000000008d000000| PB 0x000000008d000000| Untracked 
| 209|0x000000008d100000, 0x000000008d100000, 0x000000008d200000|  0%| F|  |TAMS 0x000000008d100000| PB 0x000000008d100000| Untracked 
| 210|0x000000008d200000, 0x000000008d200000, 0x000000008d300000|  0%| F|  |TAMS 0x000000008d200000| PB 0x000000008d200000| Untracked 
| 211|0x000000008d300000, 0x000000008d300000, 0x000000008d400000|  0%| F|  |TAMS 0x000000008d300000| PB 0x000000008d300000| Untracked 
| 212|0x000000008d400000, 0x000000008d400000, 0x000000008d500000|  0%| F|  |TAMS 0x000000008d400000| PB 0x000000008d400000| Untracked 
| 213|0x000000008d500000, 0x000000008d500000, 0x000000008d600000|  0%| F|  |TAMS 0x000000008d500000| PB 0x000000008d500000| Untracked 
| 214|0x000000008d600000, 0x000000008d600000, 0x000000008d700000|  0%| F|  |TAMS 0x000000008d600000| PB 0x000000008d600000| Untracked 
| 215|0x000000008d700000, 0x000000008d700000, 0x000000008d800000|  0%| F|  |TAMS 0x000000008d700000| PB 0x000000008d700000| Untracked 
| 216|0x000000008d800000, 0x000000008d800000, 0x000000008d900000|  0%| F|  |TAMS 0x000000008d800000| PB 0x000000008d800000| Untracked 
| 217|0x000000008d900000, 0x000000008d900000, 0x000000008da00000|  0%| F|  |TAMS 0x000000008d900000| PB 0x000000008d900000| Untracked 
| 218|0x000000008da00000, 0x000000008da00000, 0x000000008db00000|  0%| F|  |TAMS 0x000000008da00000| PB 0x000000008da00000| Untracked 
| 219|0x000000008db00000, 0x000000008db00000, 0x000000008dc00000|  0%| F|  |TAMS 0x000000008db00000| PB 0x000000008db00000| Untracked 
| 220|0x000000008dc00000, 0x000000008dc00000, 0x000000008dd00000|  0%| F|  |TAMS 0x000000008dc00000| PB 0x000000008dc00000| Untracked 
| 221|0x000000008dd00000, 0x000000008dd00000, 0x000000008de00000|  0%| F|  |TAMS 0x000000008dd00000| PB 0x000000008dd00000| Untracked 
| 222|0x000000008de00000, 0x000000008de00000, 0x000000008df00000|  0%| F|  |TAMS 0x000000008de00000| PB 0x000000008de00000| Untracked 
| 223|0x000000008df00000, 0x000000008df00000, 0x000000008e000000|  0%| F|  |TAMS 0x000000008df00000| PB 0x000000008df00000| Untracked 
| 224|0x000000008e000000, 0x000000008e000000, 0x000000008e100000|  0%| F|  |TAMS 0x000000008e000000| PB 0x000000008e000000| Untracked 
| 225|0x000000008e100000, 0x000000008e100000, 0x000000008e200000|  0%| F|  |TAMS 0x000000008e100000| PB 0x000000008e100000| Untracked 
| 226|0x000000008e200000, 0x000000008e200000, 0x000000008e300000|  0%| F|  |TAMS 0x000000008e200000| PB 0x000000008e200000| Untracked 
| 227|0x000000008e300000, 0x000000008e400000, 0x000000008e400000|100%| O|  |TAMS 0x000000008e400000| PB 0x000000008e300000| Untracked 
| 228|0x000000008e400000, 0x000000008e500000, 0x000000008e500000|100%| O|  |TAMS 0x000000008e500000| PB 0x000000008e400000| Untracked 
| 229|0x000000008e500000, 0x000000008e600000, 0x000000008e600000|100%| O|  |TAMS 0x000000008e600000| PB 0x000000008e500000| Untracked 
| 230|0x000000008e600000, 0x000000008e700000, 0x000000008e700000|100%| O|  |TAMS 0x000000008e700000| PB 0x000000008e600000| Untracked 
| 231|0x000000008e700000, 0x000000008e800000, 0x000000008e800000|100%| O|  |TAMS 0x000000008e800000| PB 0x000000008e700000| Untracked 
| 232|0x000000008e800000, 0x000000008e900000, 0x000000008e900000|100%| O|  |TAMS 0x000000008e900000| PB 0x000000008e800000| Untracked 
| 233|0x000000008e900000, 0x000000008ea00000, 0x000000008ea00000|100%| O|  |TAMS 0x000000008ea00000| PB 0x000000008e900000| Untracked 
| 234|0x000000008ea00000, 0x000000008eb00000, 0x000000008eb00000|100%| O|  |TAMS 0x000000008eb00000| PB 0x000000008ea00000| Untracked 
| 235|0x000000008eb00000, 0x000000008ec00000, 0x000000008ec00000|100%| O|  |TAMS 0x000000008ec00000| PB 0x000000008eb00000| Untracked 
| 236|0x000000008ec00000, 0x000000008ed00000, 0x000000008ed00000|100%| O|  |TAMS 0x000000008ed00000| PB 0x000000008ec00000| Untracked 
| 237|0x000000008ed00000, 0x000000008ee00000, 0x000000008ee00000|100%| O|  |TAMS 0x000000008ee00000| PB 0x000000008ed00000| Untracked 
| 238|0x000000008ee00000, 0x000000008ef00000, 0x000000008ef00000|100%| O|  |TAMS 0x000000008ef00000| PB 0x000000008ee00000| Updating 
| 239|0x000000008ef00000, 0x000000008f000000, 0x000000008f000000|100%| O|  |TAMS 0x000000008f000000| PB 0x000000008ef00000| Updating 
| 240|0x000000008f000000, 0x000000008f100000, 0x000000008f100000|100%| O|  |TAMS 0x000000008f100000| PB 0x000000008f000000| Updating 
| 241|0x000000008f100000, 0x000000008f200000, 0x000000008f200000|100%| O|  |TAMS 0x000000008f200000| PB 0x000000008f100000| Updating 
| 242|0x000000008f200000, 0x000000008f300000, 0x000000008f300000|100%| O|  |TAMS 0x000000008f300000| PB 0x000000008f200000| Updating 
| 243|0x000000008f300000, 0x000000008f300000, 0x000000008f400000|  0%| F|  |TAMS 0x000000008f300000| PB 0x000000008f300000| Untracked 
| 244|0x000000008f400000, 0x000000008f400000, 0x000000008f500000|  0%| F|  |TAMS 0x000000008f400000| PB 0x000000008f400000| Untracked 
| 245|0x000000008f500000, 0x000000008f500000, 0x000000008f600000|  0%| F|  |TAMS 0x000000008f500000| PB 0x000000008f500000| Untracked 
| 246|0x000000008f600000, 0x000000008f600000, 0x000000008f700000|  0%| F|  |TAMS 0x000000008f600000| PB 0x000000008f600000| Untracked 
| 247|0x000000008f700000, 0x000000008f700000, 0x000000008f800000|  0%| F|  |TAMS 0x000000008f700000| PB 0x000000008f700000| Untracked 
| 248|0x000000008f800000, 0x000000008f800000, 0x000000008f900000|  0%| F|  |TAMS 0x000000008f800000| PB 0x000000008f800000| Untracked 
| 249|0x000000008f900000, 0x000000008f900000, 0x000000008fa00000|  0%| F|  |TAMS 0x000000008f900000| PB 0x000000008f900000| Untracked 
| 250|0x000000008fa00000, 0x000000008fa00000, 0x000000008fb00000|  0%| F|  |TAMS 0x000000008fa00000| PB 0x000000008fa00000| Untracked 
| 251|0x000000008fb00000, 0x000000008fb00000, 0x000000008fc00000|  0%| F|  |TAMS 0x000000008fb00000| PB 0x000000008fb00000| Untracked 
| 252|0x000000008fc00000, 0x000000008fc00000, 0x000000008fd00000|  0%| F|  |TAMS 0x000000008fc00000| PB 0x000000008fc00000| Untracked 
| 253|0x000000008fd00000, 0x000000008fd00000, 0x000000008fe00000|  0%| F|  |TAMS 0x000000008fd00000| PB 0x000000008fd00000| Untracked 
| 254|0x000000008fe00000, 0x000000008fe00000, 0x000000008ff00000|  0%| F|  |TAMS 0x000000008fe00000| PB 0x000000008fe00000| Untracked 
| 255|0x000000008ff00000, 0x000000008ff00000, 0x0000000090000000|  0%| F|  |TAMS 0x000000008ff00000| PB 0x000000008ff00000| Untracked 
| 256|0x0000000090000000, 0x0000000090000000, 0x0000000090100000|  0%| F|  |TAMS 0x0000000090000000| PB 0x0000000090000000| Untracked 
| 257|0x0000000090100000, 0x0000000090100000, 0x0000000090200000|  0%| F|  |TAMS 0x0000000090100000| PB 0x0000000090100000| Untracked 
| 258|0x0000000090200000, 0x0000000090200000, 0x0000000090300000|  0%| F|  |TAMS 0x0000000090200000| PB 0x0000000090200000| Untracked 
| 259|0x0000000090300000, 0x0000000090300000, 0x0000000090400000|  0%| F|  |TAMS 0x0000000090300000| PB 0x0000000090300000| Untracked 
| 260|0x0000000090400000, 0x0000000090400000, 0x0000000090500000|  0%| F|  |TAMS 0x0000000090400000| PB 0x0000000090400000| Untracked 
| 261|0x0000000090500000, 0x0000000090500000, 0x0000000090600000|  0%| F|  |TAMS 0x0000000090500000| PB 0x0000000090500000| Untracked 
| 262|0x0000000090600000, 0x0000000090600000, 0x0000000090700000|  0%| F|  |TAMS 0x0000000090600000| PB 0x0000000090600000| Untracked 
| 263|0x0000000090700000, 0x0000000090700000, 0x0000000090800000|  0%| F|  |TAMS 0x0000000090700000| PB 0x0000000090700000| Untracked 
| 264|0x0000000090800000, 0x0000000090800000, 0x0000000090900000|  0%| F|  |TAMS 0x0000000090800000| PB 0x0000000090800000| Untracked 
| 265|0x0000000090900000, 0x0000000090900000, 0x0000000090a00000|  0%| F|  |TAMS 0x0000000090900000| PB 0x0000000090900000| Untracked 
| 266|0x0000000090a00000, 0x0000000090a00000, 0x0000000090b00000|  0%| F|  |TAMS 0x0000000090a00000| PB 0x0000000090a00000| Untracked 
| 267|0x0000000090b00000, 0x0000000090b00000, 0x0000000090c00000|  0%| F|  |TAMS 0x0000000090b00000| PB 0x0000000090b00000| Untracked 
| 268|0x0000000090c00000, 0x0000000090c00000, 0x0000000090d00000|  0%| F|  |TAMS 0x0000000090c00000| PB 0x0000000090c00000| Untracked 
| 269|0x0000000090d00000, 0x0000000090d00000, 0x0000000090e00000|  0%| F|  |TAMS 0x0000000090d00000| PB 0x0000000090d00000| Untracked 
| 270|0x0000000090e00000, 0x0000000090e00000, 0x0000000090f00000|  0%| F|  |TAMS 0x0000000090e00000| PB 0x0000000090e00000| Untracked 
| 271|0x0000000090f00000, 0x0000000090f00000, 0x0000000091000000|  0%| F|  |TAMS 0x0000000090f00000| PB 0x0000000090f00000| Untracked 
| 272|0x0000000091000000, 0x0000000091000000, 0x0000000091100000|  0%| F|  |TAMS 0x0000000091000000| PB 0x0000000091000000| Untracked 
| 273|0x0000000091100000, 0x0000000091100000, 0x0000000091200000|  0%| F|  |TAMS 0x0000000091100000| PB 0x0000000091100000| Untracked 
| 274|0x0000000091200000, 0x0000000091200000, 0x0000000091300000|  0%| F|  |TAMS 0x0000000091200000| PB 0x0000000091200000| Untracked 
| 275|0x0000000091300000, 0x0000000091300000, 0x0000000091400000|  0%| F|  |TAMS 0x0000000091300000| PB 0x0000000091300000| Untracked 
| 276|0x0000000091400000, 0x0000000091400000, 0x0000000091500000|  0%| F|  |TAMS 0x0000000091400000| PB 0x0000000091400000| Untracked 
| 277|0x0000000091500000, 0x0000000091500000, 0x0000000091600000|  0%| F|  |TAMS 0x0000000091500000| PB 0x0000000091500000| Untracked 
| 278|0x0000000091600000, 0x0000000091600000, 0x0000000091700000|  0%| F|  |TAMS 0x0000000091600000| PB 0x0000000091600000| Untracked 
| 279|0x0000000091700000, 0x0000000091700000, 0x0000000091800000|  0%| F|  |TAMS 0x0000000091700000| PB 0x0000000091700000| Untracked 
| 280|0x0000000091800000, 0x0000000091800000, 0x0000000091900000|  0%| F|  |TAMS 0x0000000091800000| PB 0x0000000091800000| Untracked 
| 281|0x0000000091900000, 0x0000000091900000, 0x0000000091a00000|  0%| F|  |TAMS 0x0000000091900000| PB 0x0000000091900000| Untracked 
| 282|0x0000000091a00000, 0x0000000091a00000, 0x0000000091b00000|  0%| F|  |TAMS 0x0000000091a00000| PB 0x0000000091a00000| Untracked 
| 283|0x0000000091b00000, 0x0000000091b00000, 0x0000000091c00000|  0%| F|  |TAMS 0x0000000091b00000| PB 0x0000000091b00000| Untracked 
| 284|0x0000000091c00000, 0x0000000091c00000, 0x0000000091d00000|  0%| F|  |TAMS 0x0000000091c00000| PB 0x0000000091c00000| Untracked 
| 285|0x0000000091d00000, 0x0000000091d00000, 0x0000000091e00000|  0%| F|  |TAMS 0x0000000091d00000| PB 0x0000000091d00000| Untracked 
| 286|0x0000000091e00000, 0x0000000091e00000, 0x0000000091f00000|  0%| F|  |TAMS 0x0000000091e00000| PB 0x0000000091e00000| Untracked 
| 287|0x0000000091f00000, 0x0000000091f00000, 0x0000000092000000|  0%| F|  |TAMS 0x0000000091f00000| PB 0x0000000091f00000| Untracked 
| 288|0x0000000092000000, 0x0000000092000000, 0x0000000092100000|  0%| F|  |TAMS 0x0000000092000000| PB 0x0000000092000000| Untracked 
| 289|0x0000000092100000, 0x0000000092100000, 0x0000000092200000|  0%| F|  |TAMS 0x0000000092100000| PB 0x0000000092100000| Untracked 
| 290|0x0000000092200000, 0x0000000092200000, 0x0000000092300000|  0%| F|  |TAMS 0x0000000092200000| PB 0x0000000092200000| Untracked 
| 291|0x0000000092300000, 0x0000000092300000, 0x0000000092400000|  0%| F|  |TAMS 0x0000000092300000| PB 0x0000000092300000| Untracked 
| 292|0x0000000092400000, 0x0000000092400000, 0x0000000092500000|  0%| F|  |TAMS 0x0000000092400000| PB 0x0000000092400000| Untracked 
| 293|0x0000000092500000, 0x0000000092500000, 0x0000000092600000|  0%| F|  |TAMS 0x0000000092500000| PB 0x0000000092500000| Untracked 
| 294|0x0000000092600000, 0x0000000092600000, 0x0000000092700000|  0%| F|  |TAMS 0x0000000092600000| PB 0x0000000092600000| Untracked 
| 295|0x0000000092700000, 0x0000000092700000, 0x0000000092800000|  0%| F|  |TAMS 0x0000000092700000| PB 0x0000000092700000| Untracked 
| 296|0x0000000092800000, 0x0000000092800000, 0x0000000092900000|  0%| F|  |TAMS 0x0000000092800000| PB 0x0000000092800000| Untracked 
| 297|0x0000000092900000, 0x0000000092900000, 0x0000000092a00000|  0%| F|  |TAMS 0x0000000092900000| PB 0x0000000092900000| Untracked 
| 298|0x0000000092a00000, 0x0000000092a00000, 0x0000000092b00000|  0%| F|  |TAMS 0x0000000092a00000| PB 0x0000000092a00000| Untracked 
| 299|0x0000000092b00000, 0x0000000092b00000, 0x0000000092c00000|  0%| F|  |TAMS 0x0000000092b00000| PB 0x0000000092b00000| Untracked 
| 300|0x0000000092c00000, 0x0000000092c00000, 0x0000000092d00000|  0%| F|  |TAMS 0x0000000092c00000| PB 0x0000000092c00000| Untracked 
| 301|0x0000000092d00000, 0x0000000092d00000, 0x0000000092e00000|  0%| F|  |TAMS 0x0000000092d00000| PB 0x0000000092d00000| Untracked 
| 302|0x0000000092e00000, 0x0000000092e00000, 0x0000000092f00000|  0%| F|  |TAMS 0x0000000092e00000| PB 0x0000000092e00000| Untracked 
| 303|0x0000000092f00000, 0x0000000092f00000, 0x0000000093000000|  0%| F|  |TAMS 0x0000000092f00000| PB 0x0000000092f00000| Untracked 
| 304|0x0000000093000000, 0x0000000093000000, 0x0000000093100000|  0%| F|  |TAMS 0x0000000093000000| PB 0x0000000093000000| Untracked 
| 305|0x0000000093100000, 0x0000000093100000, 0x0000000093200000|  0%| F|  |TAMS 0x0000000093100000| PB 0x0000000093100000| Untracked 
| 306|0x0000000093200000, 0x0000000093200000, 0x0000000093300000|  0%| F|  |TAMS 0x0000000093200000| PB 0x0000000093200000| Untracked 
| 307|0x0000000093300000, 0x0000000093300000, 0x0000000093400000|  0%| F|  |TAMS 0x0000000093300000| PB 0x0000000093300000| Untracked 
| 308|0x0000000093400000, 0x0000000093400000, 0x0000000093500000|  0%| F|  |TAMS 0x0000000093400000| PB 0x0000000093400000| Untracked 
| 309|0x0000000093500000, 0x0000000093500000, 0x0000000093600000|  0%| F|  |TAMS 0x0000000093500000| PB 0x0000000093500000| Untracked 
| 310|0x0000000093600000, 0x0000000093600000, 0x0000000093700000|  0%| F|  |TAMS 0x0000000093600000| PB 0x0000000093600000| Untracked 
| 311|0x0000000093700000, 0x0000000093700000, 0x0000000093800000|  0%| F|  |TAMS 0x0000000093700000| PB 0x0000000093700000| Untracked 
| 312|0x0000000093800000, 0x0000000093800000, 0x0000000093900000|  0%| F|  |TAMS 0x0000000093800000| PB 0x0000000093800000| Untracked 
| 313|0x0000000093900000, 0x0000000093900000, 0x0000000093a00000|  0%| F|  |TAMS 0x0000000093900000| PB 0x0000000093900000| Untracked 
| 314|0x0000000093a00000, 0x0000000093a00000, 0x0000000093b00000|  0%| F|  |TAMS 0x0000000093a00000| PB 0x0000000093a00000| Untracked 
| 315|0x0000000093b00000, 0x0000000093b00000, 0x0000000093c00000|  0%| F|  |TAMS 0x0000000093b00000| PB 0x0000000093b00000| Untracked 
| 316|0x0000000093c00000, 0x0000000093c00000, 0x0000000093d00000|  0%| F|  |TAMS 0x0000000093c00000| PB 0x0000000093c00000| Untracked 
| 317|0x0000000093d00000, 0x0000000093d00000, 0x0000000093e00000|  0%| F|  |TAMS 0x0000000093d00000| PB 0x0000000093d00000| Untracked 
| 318|0x0000000093e00000, 0x0000000093e00000, 0x0000000093f00000|  0%| F|  |TAMS 0x0000000093e00000| PB 0x0000000093e00000| Untracked 
| 319|0x0000000093f00000, 0x0000000093f00000, 0x0000000094000000|  0%| F|  |TAMS 0x0000000093f00000| PB 0x0000000093f00000| Untracked 
| 320|0x0000000094000000, 0x0000000094021ba0, 0x0000000094100000| 13%| E|  |TAMS 0x0000000094000000| PB 0x0000000094000000| Complete 
| 321|0x0000000094100000, 0x0000000094200000, 0x0000000094200000|100%| E|CS|TAMS 0x0000000094100000| PB 0x0000000094100000| Complete 
| 322|0x0000000094200000, 0x0000000094300000, 0x0000000094300000|100%| E|CS|TAMS 0x0000000094200000| PB 0x0000000094200000| Complete 
| 323|0x0000000094300000, 0x0000000094400000, 0x0000000094400000|100%| E|CS|TAMS 0x0000000094300000| PB 0x0000000094300000| Complete 
| 324|0x0000000094400000, 0x0000000094500000, 0x0000000094500000|100%| E|CS|TAMS 0x0000000094400000| PB 0x0000000094400000| Complete 
| 325|0x0000000094500000, 0x0000000094600000, 0x0000000094600000|100%| E|CS|TAMS 0x0000000094500000| PB 0x0000000094500000| Complete 
| 326|0x0000000094600000, 0x000000009463c5e8, 0x0000000094700000| 23%| S|CS|TAMS 0x0000000094600000| PB 0x0000000094600000| Complete 
| 327|0x0000000094700000, 0x0000000094800000, 0x0000000094800000|100%| S|CS|TAMS 0x0000000094700000| PB 0x0000000094700000| Complete 
| 328|0x0000000094800000, 0x0000000094900000, 0x0000000094900000|100%| S|CS|TAMS 0x0000000094800000| PB 0x0000000094800000| Complete 
| 329|0x0000000094900000, 0x0000000094a00000, 0x0000000094a00000|100%| S|CS|TAMS 0x0000000094900000| PB 0x0000000094900000| Complete 
| 330|0x0000000094a00000, 0x0000000094b00000, 0x0000000094b00000|100%| S|CS|TAMS 0x0000000094a00000| PB 0x0000000094a00000| Complete 
| 331|0x0000000094b00000, 0x0000000094c00000, 0x0000000094c00000|100%| S|CS|TAMS 0x0000000094b00000| PB 0x0000000094b00000| Complete 
| 332|0x0000000094c00000, 0x0000000094d00000, 0x0000000094d00000|100%| S|CS|TAMS 0x0000000094c00000| PB 0x0000000094c00000| Complete 
| 333|0x0000000094d00000, 0x0000000094e00000, 0x0000000094e00000|100%| S|CS|TAMS 0x0000000094d00000| PB 0x0000000094d00000| Complete 
| 334|0x0000000094e00000, 0x0000000094f00000, 0x0000000094f00000|100%| S|CS|TAMS 0x0000000094e00000| PB 0x0000000094e00000| Complete 
| 335|0x0000000094f00000, 0x0000000095000000, 0x0000000095000000|100%| S|CS|TAMS 0x0000000094f00000| PB 0x0000000094f00000| Complete 
| 336|0x0000000095000000, 0x0000000095100000, 0x0000000095100000|100%| S|CS|TAMS 0x0000000095000000| PB 0x0000000095000000| Complete 
| 337|0x0000000095100000, 0x0000000095200000, 0x0000000095200000|100%| S|CS|TAMS 0x0000000095100000| PB 0x0000000095100000| Complete 
| 338|0x0000000095200000, 0x0000000095300000, 0x0000000095300000|100%| E|CS|TAMS 0x0000000095200000| PB 0x0000000095200000| Complete 
| 339|0x0000000095300000, 0x0000000095400000, 0x0000000095400000|100%| E|CS|TAMS 0x0000000095300000| PB 0x0000000095300000| Complete 
| 340|0x0000000095400000, 0x0000000095500000, 0x0000000095500000|100%| E|CS|TAMS 0x0000000095400000| PB 0x0000000095400000| Complete 
| 341|0x0000000095500000, 0x0000000095600000, 0x0000000095600000|100%| E|CS|TAMS 0x0000000095500000| PB 0x0000000095500000| Complete 
| 342|0x0000000095600000, 0x0000000095700000, 0x0000000095700000|100%| E|CS|TAMS 0x0000000095600000| PB 0x0000000095600000| Complete 
| 343|0x0000000095700000, 0x0000000095800000, 0x0000000095800000|100%| E|CS|TAMS 0x0000000095700000| PB 0x0000000095700000| Complete 
| 344|0x0000000095800000, 0x0000000095900000, 0x0000000095900000|100%| E|CS|TAMS 0x0000000095800000| PB 0x0000000095800000| Complete 
| 345|0x0000000095900000, 0x0000000095a00000, 0x0000000095a00000|100%| E|CS|TAMS 0x0000000095900000| PB 0x0000000095900000| Complete 
| 346|0x0000000095a00000, 0x0000000095b00000, 0x0000000095b00000|100%| E|CS|TAMS 0x0000000095a00000| PB 0x0000000095a00000| Complete 
| 347|0x0000000095b00000, 0x0000000095c00000, 0x0000000095c00000|100%| E|CS|TAMS 0x0000000095b00000| PB 0x0000000095b00000| Complete 
| 348|0x0000000095c00000, 0x0000000095d00000, 0x0000000095d00000|100%| E|CS|TAMS 0x0000000095c00000| PB 0x0000000095c00000| Complete 
| 349|0x0000000095d00000, 0x0000000095e00000, 0x0000000095e00000|100%| E|CS|TAMS 0x0000000095d00000| PB 0x0000000095d00000| Complete 
| 350|0x0000000095e00000, 0x0000000095f00000, 0x0000000095f00000|100%| E|CS|TAMS 0x0000000095e00000| PB 0x0000000095e00000| Complete 
| 351|0x0000000095f00000, 0x0000000096000000, 0x0000000096000000|100%| E|CS|TAMS 0x0000000095f00000| PB 0x0000000095f00000| Complete 
| 352|0x0000000096000000, 0x0000000096100000, 0x0000000096100000|100%| E|CS|TAMS 0x0000000096000000| PB 0x0000000096000000| Complete 
| 353|0x0000000096100000, 0x0000000096200000, 0x0000000096200000|100%| E|CS|TAMS 0x0000000096100000| PB 0x0000000096100000| Complete 
| 354|0x0000000096200000, 0x0000000096300000, 0x0000000096300000|100%| E|CS|TAMS 0x0000000096200000| PB 0x0000000096200000| Complete 
| 355|0x0000000096300000, 0x0000000096400000, 0x0000000096400000|100%| E|CS|TAMS 0x0000000096300000| PB 0x0000000096300000| Complete 
| 356|0x0000000096400000, 0x0000000096500000, 0x0000000096500000|100%| E|CS|TAMS 0x0000000096400000| PB 0x0000000096400000| Complete 
| 357|0x0000000096500000, 0x0000000096600000, 0x0000000096600000|100%| E|CS|TAMS 0x0000000096500000| PB 0x0000000096500000| Complete 
| 358|0x0000000096600000, 0x0000000096700000, 0x0000000096700000|100%| E|CS|TAMS 0x0000000096600000| PB 0x0000000096600000| Complete 
| 359|0x0000000096700000, 0x0000000096800000, 0x0000000096800000|100%| E|CS|TAMS 0x0000000096700000| PB 0x0000000096700000| Complete 
| 360|0x0000000096800000, 0x0000000096900000, 0x0000000096900000|100%| E|CS|TAMS 0x0000000096800000| PB 0x0000000096800000| Complete 
| 361|0x0000000096900000, 0x0000000096a00000, 0x0000000096a00000|100%| E|CS|TAMS 0x0000000096900000| PB 0x0000000096900000| Complete 
| 362|0x0000000096a00000, 0x0000000096b00000, 0x0000000096b00000|100%| E|CS|TAMS 0x0000000096a00000| PB 0x0000000096a00000| Complete 
| 363|0x0000000096b00000, 0x0000000096c00000, 0x0000000096c00000|100%| E|CS|TAMS 0x0000000096b00000| PB 0x0000000096b00000| Complete 
| 364|0x0000000096c00000, 0x0000000096d00000, 0x0000000096d00000|100%| E|CS|TAMS 0x0000000096c00000| PB 0x0000000096c00000| Complete 
| 365|0x0000000096d00000, 0x0000000096e00000, 0x0000000096e00000|100%| E|CS|TAMS 0x0000000096d00000| PB 0x0000000096d00000| Complete 
| 366|0x0000000096e00000, 0x0000000096f00000, 0x0000000096f00000|100%| E|CS|TAMS 0x0000000096e00000| PB 0x0000000096e00000| Complete 
| 367|0x0000000096f00000, 0x0000000097000000, 0x0000000097000000|100%| E|CS|TAMS 0x0000000096f00000| PB 0x0000000096f00000| Complete 
| 368|0x0000000097000000, 0x0000000097100000, 0x0000000097100000|100%| E|CS|TAMS 0x0000000097000000| PB 0x0000000097000000| Complete 
| 369|0x0000000097100000, 0x0000000097200000, 0x0000000097200000|100%| E|CS|TAMS 0x0000000097100000| PB 0x0000000097100000| Complete 
| 370|0x0000000097200000, 0x0000000097300000, 0x0000000097300000|100%| E|CS|TAMS 0x0000000097200000| PB 0x0000000097200000| Complete 
|2024|0x00000000fe800000, 0x00000000fe900000, 0x00000000fe900000|100%| O|  |TAMS 0x00000000fe900000| PB 0x00000000fe800000| Updating 
|2025|0x00000000fe900000, 0x00000000fea00000, 0x00000000fea00000|100%| O|  |TAMS 0x00000000fea00000| PB 0x00000000fe900000| Updating 
|2026|0x00000000fea00000, 0x00000000feb00000, 0x00000000feb00000|100%| O|  |TAMS 0x00000000feb00000| PB 0x00000000fea00000| Untracked 
|2027|0x00000000feb00000, 0x00000000fec00000, 0x00000000fec00000|100%| O|  |TAMS 0x00000000fec00000| PB 0x00000000feb00000| Untracked 
|2028|0x00000000fec00000, 0x00000000fed00000, 0x00000000fed00000|100%| O|  |TAMS 0x00000000fed00000| PB 0x00000000fec00000| Untracked 
|2029|0x00000000fed00000, 0x00000000fee00000, 0x00000000fee00000|100%| O|  |TAMS 0x00000000fee00000| PB 0x00000000fed00000| Untracked 
|2030|0x00000000fee00000, 0x00000000fef00000, 0x00000000fef00000|100%| O|  |TAMS 0x00000000fef00000| PB 0x00000000fee00000| Untracked 
|2031|0x00000000fef00000, 0x00000000ff000000, 0x00000000ff000000|100%| O|  |TAMS 0x00000000ff000000| PB 0x00000000fef00000| Untracked 
|2032|0x00000000ff000000, 0x00000000ff100000, 0x00000000ff100000|100%| O|  |TAMS 0x00000000ff100000| PB 0x00000000ff000000| Untracked 
|2033|0x00000000ff100000, 0x00000000ff200000, 0x00000000ff200000|100%| O|  |TAMS 0x00000000ff200000| PB 0x00000000ff100000| Untracked 
|2034|0x00000000ff200000, 0x00000000ff300000, 0x00000000ff300000|100%| O|  |TAMS 0x00000000ff300000| PB 0x00000000ff200000| Untracked 
|2035|0x00000000ff300000, 0x00000000ff400000, 0x00000000ff400000|100%| O|  |TAMS 0x00000000ff400000| PB 0x00000000ff300000| Untracked 
|2036|0x00000000ff400000, 0x00000000ff500000, 0x00000000ff500000|100%| O|  |TAMS 0x00000000ff500000| PB 0x00000000ff400000| Untracked 
|2037|0x00000000ff500000, 0x00000000ff600000, 0x00000000ff600000|100%| O|  |TAMS 0x00000000ff600000| PB 0x00000000ff500000| Untracked 
|2038|0x00000000ff600000, 0x00000000ff700000, 0x00000000ff700000|100%| O|  |TAMS 0x00000000ff700000| PB 0x00000000ff600000| Updating 
|2039|0x00000000ff700000, 0x00000000ff800000, 0x00000000ff800000|100%| E|CS|TAMS 0x00000000ff700000| PB 0x00000000ff700000| Complete 
|2040|0x00000000ff800000, 0x00000000ff900000, 0x00000000ff900000|100%| E|CS|TAMS 0x00000000ff800000| PB 0x00000000ff800000| Complete 
|2041|0x00000000ff900000, 0x00000000ffa00000, 0x00000000ffa00000|100%| E|CS|TAMS 0x00000000ff900000| PB 0x00000000ff900000| Complete 
|2042|0x00000000ffa00000, 0x00000000ffb00000, 0x00000000ffb00000|100%| O|  |TAMS 0x00000000ffb00000| PB 0x00000000ffa00000| Updating 
|2043|0x00000000ffb00000, 0x00000000ffc00000, 0x00000000ffc00000|100%| O|  |TAMS 0x00000000ffc00000| PB 0x00000000ffb00000| Untracked 
|2044|0x00000000ffc00000, 0x00000000ffd00000, 0x00000000ffd00000|100%| E|CS|TAMS 0x00000000ffc00000| PB 0x00000000ffc00000| Complete 
|2045|0x00000000ffd00000, 0x00000000ffe00000, 0x00000000ffe00000|100%| O|  |TAMS 0x00000000ffe00000| PB 0x00000000ffd00000| Updating 
|2046|0x00000000ffe00000, 0x00000000fff00000, 0x00000000fff00000|100%| O|  |TAMS 0x00000000fff00000| PB 0x00000000ffe00000| Updating 
|2047|0x00000000fff00000, 0x0000000100000000, 0x0000000100000000|100%| O|  |TAMS 0x0000000100000000| PB 0x00000000fff00000| Untracked 

Card table byte_map: [0x00000178fc160000,0x00000178fc560000] _byte_map_base: 0x00000178fbd60000

Marking Bits: (CMBitMap*) 0x00000178f6bc49e0
 Bits: [0x00000178fc560000, 0x00000178fe560000)

Polling page: 0x00000178f6910000

Metaspace:

Usage:
  Non-class:     98.17 MB used.
      Class:     15.10 MB used.
       Both:    113.27 MB used.

Virtual space:
  Non-class space:      128.00 MB reserved,      99.25 MB ( 78%) committed,  2 nodes.
      Class space:        1.00 GB reserved,      16.25 MB (  2%) committed,  1 nodes.
             Both:        1.12 GB reserved,     115.50 MB ( 10%) committed. 

Chunk freelists:
   Non-Class:  12.48 MB
       Class:  15.56 MB
        Both:  28.05 MB

MaxMetaspaceSize: unlimited
CompressedClassSpaceSize: 1.00 GB
Initial GC threshold: 21.00 MB
Current GC threshold: 192.50 MB
CDS: off
 - commit_granule_bytes: 65536.
 - commit_granule_words: 8192.
 - virtual_space_node_default_size: 8388608.
 - enlarge_chunks_in_place: 1.
 - use_allocation_guard: 0.


Internal statistics:

num_allocs_failed_limit: 6.
num_arena_births: 4390.
num_arena_deaths: 4.
num_vsnodes_births: 3.
num_vsnodes_deaths: 0.
num_space_committed: 1846.
num_space_uncommitted: 0.
num_chunks_returned_to_freelist: 12.
num_chunks_taken_from_freelist: 9212.
num_chunk_merges: 6.
num_chunk_splits: 6249.
num_chunks_enlarged: 4085.
num_inconsistent_stats: 0.

CodeHeap 'non-profiled nmethods': size=120000Kb used=6845Kb max_used=7355Kb free=113155Kb
 bounds [0x0000017887ad0000, 0x0000017888200000, 0x000001788f000000]
CodeHeap 'profiled nmethods': size=120000Kb used=20254Kb max_used=21787Kb free=99745Kb
 bounds [0x0000017880000000, 0x0000017881550000, 0x0000017887530000]
CodeHeap 'non-nmethods': size=5760Kb used=2902Kb max_used=2973Kb free=2857Kb
 bounds [0x0000017887530000, 0x0000017887830000, 0x0000017887ad0000]
 total_blobs=11741 nmethods=10729 adapters=916
 compilation: enabled
              stopped_count=0, restarted_count=0
 full_count=0

Compilation events (20 events):
Event: 18.841 Thread 0x00000178ff24e3e0 nmethod 12877 0x0000017888006d90 code [0x0000017888006f20, 0x0000017888006fe8]
Event: 18.845 Thread 0x00000178ff24e3e0 12878       1       org.jetbrains.kotlin.util.AttributeArrayOwner::getArrayMap (5 bytes)
Event: 18.845 Thread 0x00000178ff24e3e0 nmethod 12878 0x0000017887af2010 code [0x0000017887af21a0, 0x0000017887af2268]
Event: 18.845 Thread 0x00000178ff24e3e0 12879       3       org.jetbrains.kotlin.types.UnwrappedType::unwrap (2 bytes)
Event: 18.845 Thread 0x00000178ff24e3e0 nmethod 12879 0x0000017880309810 code [0x00000178803099a0, 0x0000017880309ab0]
Event: 18.845 Thread 0x00000178ff24e3e0 12880       1       org.jetbrains.kotlin.types.SimpleTypeImpl::getArguments (5 bytes)
Event: 18.845 Thread 0x00000178ff24e3e0 nmethod 12880 0x0000017887ef4e10 code [0x0000017887ef4fa0, 0x0000017887ef5068]
Event: 18.845 Thread 0x00000178ff24e3e0 12881       1       org.jetbrains.kotlin.resolve.calls.model.MutableResolvedCallAtom::getAtom (5 bytes)
Event: 18.845 Thread 0x00000178ff24e3e0 nmethod 12881 0x0000017887ef4b10 code [0x0000017887ef4ca0, 0x0000017887ef4d68]
Event: 20.702 Thread 0x00000178ff24e3e0 12882       2       java.util.stream.Collectors$$Lambda/0x000000010013bfd0::accept (14 bytes)
Event: 20.858 Thread 0x00000178ff24e3e0 nmethod 12882 0x000001788014ff10 code [0x00000178801500c0, 0x0000017880150228]
Event: 21.691 Thread 0x00000178ff24e3e0 12883       3       javax.management.ObjectName::addProperty (80 bytes)
Event: 21.864 Thread 0x00000178ff24e3e0 nmethod 12883 0x000001788008e410 code [0x000001788008e640, 0x000001788008eda0]
Event: 23.903 Thread 0x00000178ff24e3e0 12884       3       java.util.ComparableTimSort::reverseRange (32 bytes)
Event: 25.901 Thread 0x00000178ff24e3e0 nmethod 12884 0x000001788017b490 code [0x000001788017b660, 0x000001788017bb18]
Event: 25.901 Thread 0x00000178ff24e3e0 12885       3       java.lang.invoke.DirectMethodHandle$Holder::invokeStatic (21 bytes)
Event: 25.902 Thread 0x00000178ff24e3e0 nmethod 12885 0x000001788005d490 code [0x000001788005d660, 0x000001788005db00]
Event: 25.902 Thread 0x00000178ff24e3e0 12886       3       java.lang.StringConcatHelper::prepend (22 bytes)
Event: 25.902 Thread 0x00000178ff24e3e0 nmethod 12886 0x0000017880225e90 code [0x0000017880226040, 0x00000178802261c8]
Event: 26.700 Thread 0x00000178ff24e3e0 12887   !   2       java.util.stream.ReferencePipeline$7$1::accept (127 bytes)

GC Heap History (20 events):
Event: 8.847 GC heap before
{Heap before GC invocations=27 (full 0):
 garbage-first heap   total 165888K, used 147969K [0x0000000080000000, 0x0000000100000000)
  region size 1024K, 45 young (46080K), 4 survivors (4096K)
 Metaspace       used 74428K, committed 76416K, reserved 1179648K
  class space    used 10164K, committed 11136K, reserved 1048576K
}
Event: 8.859 GC heap after
{Heap after GC invocations=28 (full 0):
 garbage-first heap   total 165888K, used 115861K [0x0000000080000000, 0x0000000100000000)
  region size 1024K, 6 young (6144K), 6 survivors (6144K)
 Metaspace       used 74428K, committed 76416K, reserved 1179648K
  class space    used 10164K, committed 11136K, reserved 1048576K
}
Event: 8.993 GC heap before
{Heap before GC invocations=29 (full 0):
 garbage-first heap   total 194560K, used 148629K [0x0000000080000000, 0x0000000100000000)
  region size 1024K, 38 young (38912K), 6 survivors (6144K)
 Metaspace       used 74428K, committed 76416K, reserved 1179648K
  class space    used 10164K, committed 11136K, reserved 1048576K
}
Event: 9.013 GC heap after
{Heap after GC invocations=30 (full 0):
 garbage-first heap   total 194560K, used 134809K [0x0000000080000000, 0x0000000100000000)
  region size 1024K, 5 young (5120K), 5 survivors (5120K)
 Metaspace       used 74428K, committed 76416K, reserved 1179648K
  class space    used 10164K, committed 11136K, reserved 1048576K
}
Event: 9.229 GC heap before
{Heap before GC invocations=30 (full 0):
 garbage-first heap   total 194560K, used 166553K [0x0000000080000000, 0x0000000100000000)
  region size 1024K, 36 young (36864K), 5 survivors (5120K)
 Metaspace       used 74592K, committed 76480K, reserved 1179648K
  class space    used 10200K, committed 11136K, reserved 1048576K
}
Event: 9.248 GC heap after
{Heap after GC invocations=31 (full 0):
 garbage-first heap   total 389120K, used 150383K [0x0000000080000000, 0x0000000100000000)
  region size 1024K, 5 young (5120K), 5 survivors (5120K)
 Metaspace       used 74592K, committed 76480K, reserved 1179648K
  class space    used 10200K, committed 11136K, reserved 1048576K
}
Event: 10.378 GC heap before
{Heap before GC invocations=31 (full 0):
 garbage-first heap   total 389120K, used 280431K [0x0000000080000000, 0x0000000100000000)
  region size 1024K, 134 young (137216K), 5 survivors (5120K)
 Metaspace       used 76165K, committed 78080K, reserved 1179648K
  class space    used 10364K, committed 11328K, reserved 1048576K
}
Event: 10.409 GC heap after
{Heap after GC invocations=32 (full 0):
 garbage-first heap   total 389120K, used 177152K [0x0000000080000000, 0x0000000100000000)
  region size 1024K, 18 young (18432K), 18 survivors (18432K)
 Metaspace       used 76165K, committed 78080K, reserved 1179648K
  class space    used 10364K, committed 11328K, reserved 1048576K
}
Event: 11.586 GC heap before
{Heap before GC invocations=33 (full 0):
 garbage-first heap   total 389120K, used 310272K [0x0000000080000000, 0x0000000100000000)
  region size 1024K, 146 young (149504K), 18 survivors (18432K)
 Metaspace       used 76432K, committed 78400K, reserved 1179648K
  class space    used 10366K, committed 11328K, reserved 1048576K
}
Event: 11.618 GC heap after
{Heap after GC invocations=34 (full 0):
 garbage-first heap   total 389120K, used 192207K [0x0000000080000000, 0x0000000100000000)
  region size 1024K, 14 young (14336K), 14 survivors (14336K)
 Metaspace       used 76432K, committed 78400K, reserved 1179648K
  class space    used 10366K, committed 11328K, reserved 1048576K
}
Event: 12.651 GC heap before
{Heap before GC invocations=34 (full 0):
 garbage-first heap   total 389120K, used 320207K [0x0000000080000000, 0x0000000100000000)
  region size 1024K, 140 young (143360K), 14 survivors (14336K)
 Metaspace       used 76951K, committed 78912K, reserved 1179648K
  class space    used 10433K, committed 11392K, reserved 1048576K
}
Event: 12.669 GC heap after
{Heap after GC invocations=35 (full 0):
 garbage-first heap   total 389120K, used 194852K [0x0000000080000000, 0x0000000100000000)
  region size 1024K, 10 young (10240K), 10 survivors (10240K)
 Metaspace       used 76951K, committed 78912K, reserved 1179648K
  class space    used 10433K, committed 11392K, reserved 1048576K
}
Event: 14.121 GC heap before
{Heap before GC invocations=35 (full 0):
 garbage-first heap   total 389120K, used 311588K [0x0000000080000000, 0x0000000100000000)
  region size 1024K, 126 young (129024K), 10 survivors (10240K)
 Metaspace       used 93294K, committed 95232K, reserved 1179648K
  class space    used 12874K, committed 13824K, reserved 1048576K
}
Event: 14.131 GC heap after
{Heap after GC invocations=36 (full 0):
 garbage-first heap   total 389120K, used 198836K [0x0000000080000000, 0x0000000100000000)
  region size 1024K, 14 young (14336K), 14 survivors (14336K)
 Metaspace       used 93294K, committed 95232K, reserved 1179648K
  class space    used 12874K, committed 13824K, reserved 1048576K
}
Event: 15.438 GC heap before
{Heap before GC invocations=37 (full 0):
 garbage-first heap   total 389120K, used 358580K [0x0000000080000000, 0x0000000100000000)
  region size 1024K, 148 young (151552K), 14 survivors (14336K)
 Metaspace       used 97776K, committed 99840K, reserved 1179648K
  class space    used 13367K, committed 14400K, reserved 1048576K
}
Event: 15.473 GC heap after
{Heap after GC invocations=38 (full 0):
 garbage-first heap   total 404480K, used 236271K [0x0000000080000000, 0x0000000100000000)
  region size 1024K, 19 young (19456K), 19 survivors (19456K)
 Metaspace       used 97776K, committed 99840K, reserved 1179648K
  class space    used 13367K, committed 14400K, reserved 1048576K
}
Event: 18.014 GC heap before
{Heap before GC invocations=38 (full 0):
 garbage-first heap   total 404480K, used 357103K [0x0000000080000000, 0x0000000100000000)
  region size 1024K, 132 young (135168K), 19 survivors (19456K)
 Metaspace       used 110936K, committed 113344K, reserved 1179648K
  class space    used 14847K, committed 16064K, reserved 1048576K
}
Event: 18.044 GC heap after
{Heap after GC invocations=39 (full 0):
 garbage-first heap   total 404480K, used 233281K [0x0000000080000000, 0x0000000100000000)
  region size 1024K, 10 young (10240K), 10 survivors (10240K)
 Metaspace       used 110936K, committed 113344K, reserved 1179648K
  class space    used 14847K, committed 16064K, reserved 1048576K
}
Event: 18.529 GC heap before
{Heap before GC invocations=39 (full 0):
 garbage-first heap   total 404480K, used 270145K [0x0000000080000000, 0x0000000100000000)
  region size 1024K, 47 young (48128K), 10 survivors (10240K)
 Metaspace       used 115716K, committed 118080K, reserved 1179648K
  class space    used 15441K, committed 16640K, reserved 1048576K
}
Event: 18.539 GC heap after
{Heap after GC invocations=40 (full 0):
 garbage-first heap   total 404480K, used 234737K [0x0000000080000000, 0x0000000100000000)
  region size 1024K, 12 young (12288K), 12 survivors (12288K)
 Metaspace       used 115716K, committed 118080K, reserved 1179648K
  class space    used 15441K, committed 16640K, reserved 1048576K
}

Dll operation events (3 events):
Event: 0.007 Loaded shared library C:\Program Files\Android\Android Studio\jbr\bin\java.dll
Event: 0.012 Loaded shared library C:\Program Files\Android\Android Studio\jbr\bin\zip.dll
Event: 0.554 Loaded shared library C:\Program Files\Android\Android Studio\jbr\bin\verify.dll

Deoptimization events (20 events):
Event: 18.715 Thread 0x00000178ff5a9f90 DEOPT PACKING pc=0x00000178881e4dec sp=0x0000006c305ee6a0
Event: 18.715 Thread 0x00000178ff5a9f90 DEOPT UNPACKING pc=0x00000178875846a2 sp=0x0000006c305ee5f0 mode 2
Event: 18.715 Thread 0x00000178ff5a9f90 Uncommon trap: trap_request=0xffffff45 fr.pc=0x00000178881dd364 relative=0x00000000000008c4
Event: 18.715 Thread 0x00000178ff5a9f90 Uncommon trap: reason=unstable_if action=reinterpret pc=0x00000178881dd364 method=org.jetbrains.kotlin.metadata.ProtoBuf$Type.getSerializedSize()I @ 108 c2
Event: 18.715 Thread 0x00000178ff5a9f90 DEOPT PACKING pc=0x00000178881dd364 sp=0x0000006c305ee2a0
Event: 18.716 Thread 0x00000178ff5a9f90 DEOPT UNPACKING pc=0x00000178875846a2 sp=0x0000006c305ee240 mode 2
Event: 18.784 Thread 0x00000178ff5a9f90 DEOPT PACKING pc=0x00000178814e62c8 sp=0x0000006c305ee900
Event: 18.784 Thread 0x00000178ff5a9f90 DEOPT UNPACKING pc=0x0000017887584e42 sp=0x0000006c305eddd8 mode 0
Event: 18.799 Thread 0x00000178ff5a9f90 DEOPT PACKING pc=0x00000178814e62c8 sp=0x0000006c305ee900
Event: 18.799 Thread 0x00000178ff5a9f90 DEOPT UNPACKING pc=0x0000017887584e42 sp=0x0000006c305eddd8 mode 0
Event: 18.800 Thread 0x00000178ff5a9f90 Uncommon trap: trap_request=0xffffff3d fr.pc=0x00000178881fa31c relative=0x00000000000030fc
Event: 18.800 Thread 0x00000178ff5a9f90 Uncommon trap: reason=unstable_fused_if action=reinterpret pc=0x00000178881fa31c method=org.jetbrains.kotlin.metadata.ProtoBuf$Type.<init>(Lorg/jetbrains/kotlin/protobuf/CodedInputStream;Lorg/jetbrains/kotlin/protobuf/ExtensionRegistryLite;)V @ 49 c2
Event: 18.800 Thread 0x00000178ff5a9f90 DEOPT PACKING pc=0x00000178881fa31c sp=0x0000006c305ede00
Event: 18.800 Thread 0x00000178ff5a9f90 DEOPT UNPACKING pc=0x00000178875846a2 sp=0x0000006c305eddb8 mode 2
Event: 18.800 Thread 0x00000178ff5a9f90 Uncommon trap: trap_request=0xffffff45 fr.pc=0x00000178881eb264 relative=0x0000000000001344
Event: 18.800 Thread 0x00000178ff5a9f90 Uncommon trap: reason=unstable_if action=reinterpret pc=0x00000178881eb264 method=org.jetbrains.kotlin.metadata.ProtoBuf$Type.writeTo(Lorg/jetbrains/kotlin/protobuf/CodedOutputStream;)V @ 98 c2
Event: 18.800 Thread 0x00000178ff5a9f90 DEOPT PACKING pc=0x00000178881eb264 sp=0x0000006c305ee1e0
Event: 18.800 Thread 0x00000178ff5a9f90 DEOPT UNPACKING pc=0x00000178875846a2 sp=0x0000006c305ee1d8 mode 2
Event: 18.811 Thread 0x00000178ff5a9f90 DEOPT PACKING pc=0x00000178814e62c8 sp=0x0000006c305ee900
Event: 18.811 Thread 0x00000178ff5a9f90 DEOPT UNPACKING pc=0x0000017887584e42 sp=0x0000006c305eddd8 mode 0

Classes loaded (20 events):
Event: 16.671 Loading class java/io/NotSerializableException
Event: 16.671 Loading class java/io/NotSerializableException done
Event: 17.777 Loading class java/util/AbstractList$ListItr
Event: 17.777 Loading class java/util/AbstractList$ListItr done
Event: 17.926 Loading class java/util/function/IntUnaryOperator
Event: 17.926 Loading class java/util/function/IntUnaryOperator done
Event: 18.104 Loading class java/util/AbstractList$RandomAccessSubList
Event: 18.104 Loading class java/util/AbstractList$SubList
Event: 18.104 Loading class java/util/AbstractList$SubList done
Event: 18.104 Loading class java/util/AbstractList$RandomAccessSubList done
Event: 18.347 Loading class java/util/AbstractList$SubList$1
Event: 18.347 Loading class java/util/AbstractList$SubList$1 done
Event: 18.459 Loading class java/util/EnumMap$EntrySet
Event: 18.459 Loading class java/util/EnumMap$EntrySet done
Event: 18.459 Loading class java/util/EnumMap$EntryIterator
Event: 18.459 Loading class java/util/EnumMap$EnumMapIterator
Event: 18.459 Loading class java/util/EnumMap$EnumMapIterator done
Event: 18.459 Loading class java/util/EnumMap$EntryIterator done
Event: 18.459 Loading class java/util/EnumMap$EntryIterator$Entry
Event: 18.459 Loading class java/util/EnumMap$EntryIterator$Entry done

Classes unloaded (2 events):
Event: 10.547 Thread 0x00000178ff1b8380 Unloading class 0x0000000100ad0000 'java/lang/invoke/LambdaForm$DMH+0x0000000100ad0000'
Event: 14.254 Thread 0x00000178ff1b8380 Unloading class 0x0000000100aec400 'java/lang/invoke/LambdaForm$DMH+0x0000000100aec400'

Classes redefined (0 events):
No events

Internal exceptions (20 events):
Event: 13.404 Thread 0x00000178ff5a9f90 Exception <a 'java/lang/NoSuchMethodError'{0x0000000093e2cd20}: 'int java.lang.invoke.DelegatingMethodHandle$Holder.reinvoke_L(java.lang.Object, java.lang.Object, java.lang.Object, long, int)'> (0x0000000093e2cd20) 
thrown [s\src\hotspot\share\interpreter\linkResolver.cpp, line 784]
Event: 13.405 Thread 0x00000178ff5a9f90 Exception <a 'java/lang/NoSuchMethodError'{0x0000000093e42d40}: 'void java.lang.invoke.DelegatingMethodHandle$Holder.reinvoke_L(java.lang.Object, java.lang.Object, java.lang.Object, long, java.lang.Object, long, long)'> (0x0000000093e42d40) 
thrown [s\src\hotspot\share\interpreter\linkResolver.cpp, line 784]
Event: 13.806 Thread 0x00000178ff5a9f90 Exception <a 'java/lang/NoSuchMethodError'{0x0000000091da3788}: 'java.lang.Object java.lang.invoke.DirectMethodHandle$Holder.invokeStatic(java.lang.Object, java.lang.Object, java.lang.Object, java.lang.Object, int, java.lang.Object)'> (0x0000000091da3788) 
thrown [s\src\hotspot\share\interpreter\linkResolver.cpp, line 784]
Event: 13.824 Thread 0x00000178ff5a9f90 Exception <a 'java/lang/NoSuchMethodError'{0x0000000091ca4a58}: 'long java.lang.invoke.DirectMethodHandle$Holder.invokeStatic(java.lang.Object, java.lang.Object, int)'> (0x0000000091ca4a58) 
thrown [s\src\hotspot\share\interpreter\linkResolver.cpp, line 784]
Event: 13.824 Thread 0x00000178ff5a9f90 Exception <a 'java/lang/NoSuchMethodError'{0x0000000091cb11a0}: 'java.lang.Object java.lang.invoke.DelegatingMethodHandle$Holder.reinvoke_L(java.lang.Object, int, long, java.lang.Object, java.lang.Object, int, java.lang.Object)'> (0x0000000091cb11a0) 
thrown [s\src\hotspot\share\interpreter\linkResolver.cpp, line 784]
Event: 14.063 Thread 0x00000178ff5a9f90 Exception <a 'java/lang/NoSuchMethodError'{0x0000000090927638}: 'java.lang.Object java.lang.invoke.Invokers$Holder.invokeExact_MT(java.lang.Object, java.lang.Object, long, java.lang.Object)'> (0x0000000090927638) 
thrown [s\src\hotspot\share\interpreter\linkResolver.cpp, line 784]
Event: 14.410 Thread 0x00000178ff5a9f90 Implicit null exception at 0x0000017887ca2a65 to 0x0000017887ca4b78
Event: 14.410 Thread 0x00000178ff5a9f90 Implicit null exception at 0x0000017887d2d8a7 to 0x0000017887d2df6c
Event: 16.318 Thread 0x00000178ff5a9f90 Exception <a 'java/lang/NoSuchMethodError'{0x0000000093668228}: 'java.lang.Object java.lang.invoke.DirectMethodHandle$Holder.newInvokeSpecial(java.lang.Object, java.lang.Object, java.lang.Object, java.lang.Object, java.lang.Object, java.lang.Object, java.lang.Object, java.lang.Object, java.lang.Object, java.lang.Object, java.lang.Object, java.lang.Object, java.lang.Object, java.lang.Object)'> (0x0000000093668228) 
thrown [s\src\hotspot\share\interpreter\linkResolver.cpp, line 784]
Event: 16.328 Thread 0x00000178ff5a9f90 Exception <a 'java/lang/NoSuchMethodError'{0x00000000935860f0}: 'java.lang.Object java.lang.invoke.DirectMethodHandle$Holder.newInvokeSpecial(java.lang.Object, java.lang.Object, java.lang.Object, java.lang.Object, java.lang.Object, java.lang.Object, java.lang.Object, java.lang.Object, java.lang.Object, java.lang.Object, java.lang.Object, java.lang.Object, java.lang.Object, java.lang.Object, java.lang.Object, java.lang.Object, java.lang.Object, java.lang.Object, java.lang.Object, java.lang.Object, java.lang
Event: 16.345 Thread 0x00000178ff5a9f90 Exception <a 'java/lang/NoSuchMethodError'{0x00000000933b07a0}: 'java.lang.Object java.lang.invoke.DirectMethodHandle$Holder.newInvokeSpecial(java.lang.Object, java.lang.Object, java.lang.Object, java.lang.Object, java.lang.Object, java.lang.Object, java.lang.Object, java.lang.Object, java.lang.Object, java.lang.Object, java.lang.Object, java.lang.Object, java.lang.Object, java.lang.Object, java.lang.Object, java.lang.Object, java.lang.Object, java.lang.Object, java.lang.Object, java.lang.Object)'> (0x0000
Event: 16.345 Thread 0x00000178ff5a9f90 Exception <a 'java/lang/NoSuchMethodError'{0x00000000933b83f0}: 'java.lang.Object java.lang.invoke.DirectMethodHandle$Holder.invokeSpecial(java.lang.Object, java.lang.Object, java.lang.Object, java.lang.Object, java.lang.Object, java.lang.Object, java.lang.Object, java.lang.Object, java.lang.Object, java.lang.Object, java.lang.Object, java.lang.Object, java.lang.Object, java.lang.Object, java.lang.Object, java.lang.Object, java.lang.Object, java.lang.Object, java.lang.Object, java.lang.Object, java.lang.Ob
Event: 16.346 Thread 0x00000178ff5a9f90 Exception <a 'java/lang/NoSuchMethodError'{0x00000000933bebb0}: 'java.lang.Object java.lang.invoke.DelegatingMethodHandle$Holder.reinvoke_L(java.lang.Object, java.lang.Object, java.lang.Object, java.lang.Object, java.lang.Object, java.lang.Object, java.lang.Object, java.lang.Object, java.lang.Object, java.lang.Object, java.lang.Object, java.lang.Object, java.lang.Object, java.lang.Object, java.lang.Object, java.lang.Object, java.lang.Object, java.lang.Object, java.lang.Object, java.lang.Object)'> (0x000000
Event: 16.365 Thread 0x00000178ff5a9f90 Exception <a 'java/lang/NoSuchMethodError'{0x00000000931d2340}: 'java.lang.Object java.lang.invoke.DirectMethodHandle$Holder.newInvokeSpecial(java.lang.Object, java.lang.Object, java.lang.Object, java.lang.Object, java.lang.Object, java.lang.Object, java.lang.Object, java.lang.Object, java.lang.Object, java.lang.Object, java.lang.Object, java.lang.Object, java.lang.Object, java.lang.Object, java.lang.Object, java.lang.Object)'> (0x00000000931d2340) 
thrown [s\src\hotspot\share\interpreter\linkResolver.cpp,
Event: 16.366 Thread 0x00000178ff5a9f90 Exception <a 'java/lang/NoSuchMethodError'{0x00000000931d9508}: 'java.lang.Object java.lang.invoke.DirectMethodHandle$Holder.invokeSpecial(java.lang.Object, java.lang.Object, java.lang.Object, java.lang.Object, java.lang.Object, java.lang.Object, java.lang.Object, java.lang.Object, java.lang.Object, java.lang.Object, java.lang.Object, java.lang.Object, java.lang.Object, java.lang.Object, java.lang.Object, java.lang.Object, java.lang.Object)'> (0x00000000931d9508) 
thrown [s\src\hotspot\share\interpreter\li
Event: 16.366 Thread 0x00000178ff5a9f90 Exception <a 'java/lang/NoSuchMethodError'{0x00000000931df8f8}: 'java.lang.Object java.lang.invoke.DelegatingMethodHandle$Holder.reinvoke_L(java.lang.Object, java.lang.Object, java.lang.Object, java.lang.Object, java.lang.Object, java.lang.Object, java.lang.Object, java.lang.Object, java.lang.Object, java.lang.Object, java.lang.Object, java.lang.Object, java.lang.Object, java.lang.Object, java.lang.Object, java.lang.Object)'> (0x00000000931df8f8) 
thrown [s\src\hotspot\share\interpreter\linkResolver.cpp, l
Event: 17.926 Thread 0x00000178ff5a9f90 Exception <a 'java/lang/NoSuchMethodError'{0x0000000090bf38a0}: 'int java.lang.invoke.DirectMethodHandle$Holder.invokeSpecial(java.lang.Object, java.lang.Object, int, int)'> (0x0000000090bf38a0) 
thrown [s\src\hotspot\share\interpreter\linkResolver.cpp, line 784]
Event: 18.125 Thread 0x00000178ff5a9f90 Exception <a 'java/lang/NoSuchMethodError'{0x0000000097095b40}: 'java.lang.Object java.lang.invoke.DirectMethodHandle$Holder.invokeStatic(java.lang.Object, int, java.lang.Object, java.lang.Object, java.lang.Object, java.lang.Object, java.lang.Object, java.lang.Object)'> (0x0000000097095b40) 
thrown [s\src\hotspot\share\interpreter\linkResolver.cpp, line 784]
Event: 18.125 Thread 0x00000178ff5a9f90 Exception <a 'java/lang/NoSuchMethodError'{0x00000000970a1158}: 'java.lang.Object java.lang.invoke.DirectMethodHandle$Holder.newInvokeSpecial(java.lang.Object, int, java.lang.Object, java.lang.Object, java.lang.Object, java.lang.Object, java.lang.Object)'> (0x00000000970a1158) 
thrown [s\src\hotspot\share\interpreter\linkResolver.cpp, line 784]
Event: 18.125 Thread 0x00000178ff5a9f90 Exception <a 'java/lang/NoSuchMethodError'{0x00000000970a6fc0}: 'java.lang.Object java.lang.invoke.DirectMethodHandle$Holder.invokeSpecial(java.lang.Object, java.lang.Object, int, java.lang.Object, java.lang.Object, java.lang.Object, java.lang.Object, java.lang.Object)'> (0x00000000970a6fc0) 
thrown [s\src\hotspot\share\interpreter\linkResolver.cpp, line 784]

ZGC Phase Switch (0 events):
No events

VM Operations (20 events):
Event: 17.613 Executing VM operation: Cleanup
Event: 17.613 Executing VM operation: Cleanup done
Event: 17.778 Executing VM operation: HandshakeAllThreads (Deoptimize)
Event: 17.779 Executing VM operation: HandshakeAllThreads (Deoptimize) done
Event: 18.014 Executing VM operation: G1CollectForAllocation (G1 Evacuation Pause)
Event: 18.044 Executing VM operation: G1CollectForAllocation (G1 Evacuation Pause) done
Event: 18.310 Executing VM operation: HandshakeAllThreads (Deoptimize)
Event: 18.311 Executing VM operation: HandshakeAllThreads (Deoptimize) done
Event: 18.327 Executing VM operation: HandshakeAllThreads (Deoptimize)
Event: 18.327 Executing VM operation: HandshakeAllThreads (Deoptimize) done
Event: 18.399 Executing VM operation: HandshakeAllThreads (Deoptimize)
Event: 18.399 Executing VM operation: HandshakeAllThreads (Deoptimize) done
Event: 18.529 Executing VM operation: G1TryInitiateConcMark (G1 Humongous Allocation)
Event: 18.539 Executing VM operation: G1TryInitiateConcMark (G1 Humongous Allocation) done
Event: 18.769 Executing VM operation: G1PauseRemark
Event: 18.775 Executing VM operation: G1PauseRemark done
Event: 20.779 Executing VM operation: Cleanup
Event: 20.859 Executing VM operation: Cleanup done
Event: 22.875 Executing VM operation: Cleanup
Event: 23.902 Executing VM operation: Cleanup done

Memory protections (0 events):
No events

Nmethod flushes (20 events):
Event: 18.774 Thread 0x00000178ff1b8380 flushing  nmethod 0x000001788098f390
Event: 18.774 Thread 0x00000178ff1b8380 flushing  nmethod 0x0000017880ac1710
Event: 18.774 Thread 0x00000178ff1b8380 flushing  nmethod 0x0000017880ac7590
Event: 18.774 Thread 0x00000178ff1b8380 flushing  nmethod 0x0000017880acc310
Event: 18.774 Thread 0x00000178ff1b8380 flushing  nmethod 0x0000017880bab210
Event: 18.774 Thread 0x00000178ff1b8380 flushing  nmethod 0x0000017880ce5290
Event: 18.774 Thread 0x00000178ff1b8380 flushing  nmethod 0x0000017880ce7310
Event: 18.774 Thread 0x00000178ff1b8380 flushing  nmethod 0x0000017880ce7e90
Event: 18.774 Thread 0x00000178ff1b8380 flushing  nmethod 0x0000017880cea810
Event: 18.774 Thread 0x00000178ff1b8380 flushing  nmethod 0x0000017880d3b610
Event: 18.774 Thread 0x00000178ff1b8380 flushing  nmethod 0x0000017880d3c810
Event: 18.774 Thread 0x00000178ff1b8380 flushing  nmethod 0x0000017880d98710
Event: 18.774 Thread 0x00000178ff1b8380 flushing  nmethod 0x0000017880da0310
Event: 18.774 Thread 0x00000178ff1b8380 flushing  nmethod 0x0000017880de4410
Event: 18.774 Thread 0x00000178ff1b8380 flushing  nmethod 0x0000017880e43790
Event: 18.774 Thread 0x00000178ff1b8380 flushing  nmethod 0x0000017880e45190
Event: 18.774 Thread 0x00000178ff1b8380 flushing  nmethod 0x0000017880faac10
Event: 18.774 Thread 0x00000178ff1b8380 flushing  nmethod 0x0000017881142f90
Event: 18.774 Thread 0x00000178ff1b8380 flushing  nmethod 0x0000017881143510
Event: 18.774 Thread 0x00000178ff1b8380 flushing  nmethod 0x0000017881145790

Events (20 events):
Event: 8.599 Thread 0x00000178ff5a9f90 Thread added: 0x0000017897dc92a0
Event: 8.599 Thread 0x00000178ff5a9f90 Thread added: 0x0000017897dc9930
Event: 8.600 Thread 0x00000178ff5a9f90 Thread added: 0x0000017897dc64b0
Event: 8.600 Thread 0x00000178ff5a9f90 Thread added: 0x0000017897dc9fc0
Event: 8.601 Thread 0x00000178ff5a9f90 Thread added: 0x0000017897dca650
Event: 8.602 Thread 0x00000178ff5a9f90 Thread added: 0x0000017897dc71d0
Event: 8.603 Thread 0x00000178ff5a9f90 Thread added: 0x0000017897dcace0
Event: 8.616 Thread 0x00000178ff24e3e0 Thread added: 0x000001789a3f32e0
Event: 13.221 Thread 0x000001789a3f39b0 Thread exited: 0x000001789a3f39b0
Event: 13.221 Thread 0x000001789a3f32e0 Thread exited: 0x000001789a3f32e0
Event: 13.897 Thread 0x00000178ff24e3e0 Thread added: 0x000001789a3f7dd0
Event: 14.047 Thread 0x000001789a3f7dd0 Thread exited: 0x000001789a3f7dd0
Event: 14.222 Thread 0x00000178ff242300 Thread added: 0x000001789a3f9fe0
Event: 14.222 Thread 0x00000178ff242300 Thread added: 0x000001789a3f7dd0
Event: 15.078 Thread 0x000001789a3f7dd0 Thread exited: 0x000001789a3f7dd0
Event: 15.080 Thread 0x000001789a3f9fe0 Thread exited: 0x000001789a3f9fe0
Event: 16.220 Thread 0x00000178ff24e3e0 Thread added: 0x0000017896f3b0f0
Event: 16.221 Thread 0x00000178ff24e3e0 Thread added: 0x0000017896f38140
Event: 17.692 Thread 0x0000017896f38140 Thread exited: 0x0000017896f38140
Event: 18.584 Thread 0x00000178ff24e3e0 Thread added: 0x0000017896f395b0


Dynamic libraries:
0x00007ff627080000 - 0x00007ff62708a000 	C:\Program Files\Android\Android Studio\jbr\bin\java.exe
0x00007ff9cc1c0000 - 0x00007ff9cc427000 	C:\WINDOWS\SYSTEM32\ntdll.dll
0x00007ff9cb6e0000 - 0x00007ff9cb7a9000 	C:\WINDOWS\System32\KERNEL32.DLL
0x00007ff9c94f0000 - 0x00007ff9c98df000 	C:\WINDOWS\System32\KERNELBASE.dll
0x00007ff9c9ca0000 - 0x00007ff9c9deb000 	C:\WINDOWS\System32\ucrtbase.dll
0x00007ff9bdc10000 - 0x00007ff9bdc28000 	C:\Program Files\Android\Android Studio\jbr\bin\jli.dll
0x00007ff9b00a0000 - 0x00007ff9b00bb000 	C:\Program Files\Android\Android Studio\jbr\bin\VCRUNTIME140.dll
0x00007ff9cbb70000 - 0x00007ff9cbd35000 	C:\WINDOWS\System32\USER32.dll
0x00007ff9b24e0000 - 0x00007ff9b2773000 	C:\WINDOWS\WinSxS\amd64_microsoft.windows.common-controls_6595b64144ccf1df_6.0.26100.7309_none_3e05feeae336a044\COMCTL32.dll
0x00007ff9c9bc0000 - 0x00007ff9c9be7000 	C:\WINDOWS\System32\win32u.dll
0x00007ff9cb7b0000 - 0x00007ff9cb7db000 	C:\WINDOWS\System32\GDI32.dll
0x00007ff9caed0000 - 0x00007ff9caf79000 	C:\WINDOWS\System32\msvcrt.dll
0x00007ff9c93c0000 - 0x00007ff9c94ec000 	C:\WINDOWS\System32\gdi32full.dll
0x00007ff9c9310000 - 0x00007ff9c93b3000 	C:\WINDOWS\System32\msvcp_win.dll
0x00007ff9cab50000 - 0x00007ff9cab81000 	C:\WINDOWS\System32\IMM32.DLL
0x00007ff9b8b70000 - 0x00007ff9b8b7c000 	C:\Program Files\Android\Android Studio\jbr\bin\vcruntime140_1.dll
0x00007ff99c930000 - 0x00007ff99c9bd000 	C:\Program Files\Android\Android Studio\jbr\bin\msvcp140.dll
0x00007ff93c780000 - 0x00007ff93d40b000 	C:\Program Files\Android\Android Studio\jbr\bin\server\jvm.dll
0x00007ff9ca2a0000 - 0x00007ff9ca354000 	C:\WINDOWS\System32\ADVAPI32.dll
0x00007ff9cb1a0000 - 0x00007ff9cb246000 	C:\WINDOWS\System32\sechost.dll
0x00007ff9cacd0000 - 0x00007ff9cade8000 	C:\WINDOWS\System32\RPCRT4.dll
0x00007ff9caf80000 - 0x00007ff9caff4000 	C:\WINDOWS\System32\WS2_32.dll
0x00007ff9c9170000 - 0x00007ff9c91ce000 	C:\WINDOWS\SYSTEM32\POWRPROF.dll
0x00007ff9b8520000 - 0x00007ff9b852b000 	C:\WINDOWS\SYSTEM32\VERSION.dll
0x00007ff9aacc0000 - 0x00007ff9aacf5000 	C:\WINDOWS\SYSTEM32\WINMM.dll
0x00007ff9c9150000 - 0x00007ff9c9164000 	C:\WINDOWS\SYSTEM32\UMPDC.dll
0x00007ff9c80c0000 - 0x00007ff9c80db000 	C:\WINDOWS\SYSTEM32\kernel.appcore.dll
0x00007ff9b8620000 - 0x00007ff9b862a000 	C:\Program Files\Android\Android Studio\jbr\bin\jimage.dll
0x00007ff9c3960000 - 0x00007ff9c3ba2000 	C:\WINDOWS\SYSTEM32\DBGHELP.DLL
0x00007ff9cb7e0000 - 0x00007ff9cbb66000 	C:\WINDOWS\System32\combase.dll
0x00007ff9cab90000 - 0x00007ff9cac66000 	C:\WINDOWS\System32\OLEAUT32.dll
0x00007ff999590000 - 0x00007ff9995cc000 	C:\WINDOWS\SYSTEM32\dbgcore.DLL
0x00007ff9c9bf0000 - 0x00007ff9c9c95000 	C:\WINDOWS\System32\bcryptPrimitives.dll
0x00007ff9bdbd0000 - 0x00007ff9bdbde000 	C:\Program Files\Android\Android Studio\jbr\bin\instrument.dll
0x00007ff9b0080000 - 0x00007ff9b00a0000 	C:\Program Files\Android\Android Studio\jbr\bin\java.dll
0x00007ff9b0060000 - 0x00007ff9b0078000 	C:\Program Files\Android\Android Studio\jbr\bin\zip.dll
0x00007ff9ca360000 - 0x00007ff9caab3000 	C:\WINDOWS\System32\SHELL32.dll
0x00007ff9c9df0000 - 0x00007ff9c9f5a000 	C:\WINDOWS\System32\wintypes.dll
0x00007ff9c6ee0000 - 0x00007ff9c773e000 	C:\WINDOWS\SYSTEM32\windows.storage.dll
0x00007ff9cbd70000 - 0x00007ff9cbe65000 	C:\WINDOWS\System32\SHCORE.dll
0x00007ff9c9f60000 - 0x00007ff9c9fc6000 	C:\WINDOWS\System32\shlwapi.dll
0x00007ff9c9230000 - 0x00007ff9c9259000 	C:\WINDOWS\SYSTEM32\profapi.dll
0x00007ff9b0050000 - 0x00007ff9b0060000 	C:\Program Files\Android\Android Studio\jbr\bin\net.dll
0x00007ff9ba390000 - 0x00007ff9ba4b8000 	C:\WINDOWS\SYSTEM32\WINHTTP.dll
0x00007ff9c8630000 - 0x00007ff9c869b000 	C:\WINDOWS\system32\mswsock.dll
0x00007ff9b0030000 - 0x00007ff9b0046000 	C:\Program Files\Android\Android Studio\jbr\bin\nio.dll
0x00007ff95bf20000 - 0x00007ff95bf30000 	C:\Program Files\Android\Android Studio\jbr\bin\verify.dll
0x00007ff9b7ac0000 - 0x00007ff9b7ae7000 	C:\Users\Asus\.gradle\native\1def1411415f61bf3af743bc5b6707747c0891f09f0c88961ee8f79bc544acac\windows-amd64\native-platform.dll
0x00007ff9b7a40000 - 0x00007ff9b7ab8000 	C:\Users\Asus\.gradle\native\0.2.7\x86_64-windows-gnu\gradle-fileevents.dll
0x00007ff9b0010000 - 0x00007ff9b0019000 	C:\Program Files\Android\Android Studio\jbr\bin\management.dll
0x00007ff977ab0000 - 0x00007ff977abb000 	C:\Program Files\Android\Android Studio\jbr\bin\management_ext.dll
0x00007ff9c9fd0000 - 0x00007ff9c9fd8000 	C:\WINDOWS\System32\PSAPI.DLL
0x00007ff9c7b40000 - 0x00007ff9c7b74000 	C:\WINDOWS\SYSTEM32\IPHLPAPI.DLL
0x00007ff9cbef0000 - 0x00007ff9cbefa000 	C:\WINDOWS\System32\NSI.dll
0x00007ff9b0020000 - 0x00007ff9b0029000 	C:\Program Files\Android\Android Studio\jbr\bin\extnet.dll
0x00007ff9c88f0000 - 0x00007ff9c890b000 	C:\WINDOWS\SYSTEM32\CRYPTSP.dll
0x00007ff9c8020000 - 0x00007ff9c805a000 	C:\WINDOWS\system32\rsaenh.dll
0x00007ff9c86e0000 - 0x00007ff9c870b000 	C:\WINDOWS\SYSTEM32\USERENV.dll
0x00007ff9c9200000 - 0x00007ff9c922a000 	C:\WINDOWS\SYSTEM32\bcrypt.dll
0x00007ff9c8910000 - 0x00007ff9c891c000 	C:\WINDOWS\SYSTEM32\CRYPTBASE.dll
0x00007ff9a0c80000 - 0x00007ff9a0c88000 	C:\WINDOWS\system32\wshunix.dll

dbghelp: loaded successfully - version: 4.0.5 - missing functions: none
symbol engine: initialized successfully - sym options: 0x614 - pdb path: .;C:\Program Files\Android\Android Studio\jbr\bin;C:\WINDOWS\SYSTEM32;C:\WINDOWS\WinSxS\amd64_microsoft.windows.common-controls_6595b64144ccf1df_6.0.26100.7309_none_3e05feeae336a044;C:\Program Files\Android\Android Studio\jbr\bin\server;C:\Users\Asus\.gradle\native\1def1411415f61bf3af743bc5b6707747c0891f09f0c88961ee8f79bc544acac\windows-amd64;C:\Users\Asus\.gradle\native\0.2.7\x86_64-windows-gnu

VM Arguments:
jvm_args: --add-opens=java.base/java.lang=ALL-UNNAMED --add-opens=java.base/java.lang.invoke=ALL-UNNAMED --add-opens=java.base/java.util=ALL-UNNAMED --add-opens=java.prefs/java.util.prefs=ALL-UNNAMED --add-exports=jdk.compiler/com.sun.tools.javac.api=ALL-UNNAMED --add-exports=jdk.compiler/com.sun.tools.javac.util=ALL-UNNAMED --add-opens=java.base/java.util=ALL-UNNAMED --add-opens=java.prefs/java.util.prefs=ALL-UNNAMED --add-opens=java.base/java.nio.charset=ALL-UNNAMED --add-opens=java.base/java.net=ALL-UNNAMED --add-opens=java.base/java.util.concurrent.atomic=ALL-UNNAMED --add-opens=java.xml/javax.xml.namespace=ALL-UNNAMED -Xmx2048m -Dfile.encoding=UTF-8 -Duser.country=US -Duser.language=en -Duser.variant -javaagent:C:\Users\Asus\.gradle\wrapper\dists\gradle-8.13-bin\5xuhj0ry160q40clulazy9h7d\gradle-8.13\lib\agents\gradle-instrumentation-agent-8.13.jar 
java_command: org.gradle.launcher.daemon.bootstrap.GradleDaemon 8.13
java_class_path (initial): C:\Users\Asus\.gradle\wrapper\dists\gradle-8.13-bin\5xuhj0ry160q40clulazy9h7d\gradle-8.13\lib\gradle-daemon-main-8.13.jar
Launcher Type: SUN_STANDARD

[Global flags]
     intx CICompilerCount                          = 4                                         {product} {ergonomic}
     uint ConcGCThreads                            = 2                                         {product} {ergonomic}
     uint G1ConcRefinementThreads                  = 8                                         {product} {ergonomic}
   size_t G1HeapRegionSize                         = 1048576                                   {product} {ergonomic}
    uintx GCDrainStackTargetSize                   = 64                                        {product} {ergonomic}
   size_t InitialHeapSize                          = 132120576                                 {product} {ergonomic}
   size_t MarkStackSize                            = 4194304                                   {product} {ergonomic}
   size_t MaxHeapSize                              = 2147483648                                {product} {command line}
   size_t MaxNewSize                               = 1287651328                                {product} {ergonomic}
   size_t MinHeapDeltaBytes                        = 1048576                                   {product} {ergonomic}
   size_t MinHeapSize                              = 8388608                                   {product} {ergonomic}
    uintx NonNMethodCodeHeapSize                   = 5839372                                {pd product} {ergonomic}
    uintx NonProfiledCodeHeapSize                  = 122909434                              {pd product} {ergonomic}
    uintx ProfiledCodeHeapSize                     = 122909434                              {pd product} {ergonomic}
    uintx ReservedCodeCacheSize                    = 251658240                              {pd product} {ergonomic}
     bool SegmentedCodeCache                       = true                                      {product} {ergonomic}
   size_t SoftMaxHeapSize                          = 2147483648                             {manageable} {ergonomic}
     bool UseCompressedOops                        = true                           {product lp64_product} {ergonomic}
     bool UseG1GC                                  = true                                      {product} {ergonomic}
     bool UseLargePagesIndividualAllocation        = false                                  {pd product} {ergonomic}

Logging:
Log output configuration:
 #0: stdout all=warning uptime,level,tags foldmultilines=false
 #1: stderr all=off uptime,level,tags foldmultilines=false

Environment Variables:
PATH=C:\Program Files\Common Files\Oracle\Java\javapath;C:\Python312\Scripts\;C:\Python312\;C:\Windows\system32;C:\Windows;C:\Windows\System32\Wbem;C:\Windows\System32\WindowsPowerShell\v1.0\;C:\Windows\System32\OpenSSH\;C:\Program Files (x86)\NVIDIA Corporation\PhysX\Common;C:\WINDOWS\system32;C:\WINDOWS;C:\WINDOWS\System32\Wbem;C:\WINDOWS\System32\WindowsPowerShell\v1.0\;C:\WINDOWS\System32\OpenSSH\;C:\php-8.3.9;C:\Program Files\nodejs\;C:\laragon\bin\nodejs\node-v20.15.1-win-x64;C:\ProgramData\chocolatey\bin;C:\composer;C:\Program Files\Git\cmd;C:\Program Files\Java\jdk-22\bin;C:\Program Files\Dart\dart-sdk\bin;C:\src\flutter\bin;C:\Dart\dart-sdk\bin;C:\gradle-9.0.0\bin;C:\Users\Asus\AppData\Local\Microsoft\WindowsApps;C:\Users\Asus\AppData\Local\Programs\Microsoft VS Code\bin;C:\Users\Asus\AppData\Roaming\npm;C:\Users\Asus\AppData\Roaming\Composer\vendor\bin;C:\src\flutter\bin;C:\Dart\dart-sdk\bin;
USERNAME=Asus
OS=Windows_NT
PROCESSOR_IDENTIFIER=Intel64 Family 6 Model 142 Stepping 12, GenuineIntel
TMP=C:\Users\Asus\AppData\Local\Temp
TEMP=C:\Users\Asus\AppData\Local\Temp




Periodic native trim disabled

JNI global refs:
JNI global refs: 30, weak refs: 9

JNI global refs memory usage: 835, weak refs: 833

Process memory usage:
Resident Set Size: 656292K (8% of 8182576K total physical memory with 562308K free physical memory)

OOME stack traces (most recent first):
Classloader memory used:
