#
# There is insufficient memory for the Java Runtime Environment to continue.
# Native memory allocation (mmap) failed to map 159383552 bytes. Error detail: G1 virtual space
# Possible reasons:
#   The system is out of physical RAM or swap space
#   This process is running with CompressedOops enabled, and the Java Heap may be blocking the growth of the native heap
# Possible solutions:
#   Reduce memory load on the system
#   Increase physical memory or swap space
#   Check if swap backing store is full
#   Decrease Java heap size (-Xmx/-Xms)
#   Decrease number of Java threads
#   Decrease Java thread stack sizes (-Xss)
#   Set larger code cache with -XX:ReservedCodeCacheSize=
#   JVM is running with Unscaled Compressed Oops mode in which the Java heap is
#     placed in the first 4GB address space. The Java Heap base address is the
#     maximum limit for the native heap growth. Please use -XX:HeapBaseMinAddress
#     to set the Java Heap base and to place the Java Heap above 4GB virtual address.
# This output file may be truncated or incomplete.
#
#  Out of Memory Error (os_windows.cpp:3898), pid=18712, tid=8240
#
# JRE version: OpenJDK Runtime Environment (21.0.6) (build 21.0.6+-13391695-b895.109)
# Java VM: OpenJDK 64-Bit Server VM (21.0.6+-13391695-b895.109, mixed mode, tiered, compressed oops, compressed class ptrs, g1 gc, windows-amd64)
# No core dump will be written. Minidumps are not enabled by default on client versions of Windows
#

---------------  S U M M A R Y ------------

Command Line: --add-opens=java.base/java.lang=ALL-UNNAMED --add-opens=java.base/java.lang.invoke=ALL-UNNAMED --add-opens=java.base/java.util=ALL-UNNAMED --add-opens=java.prefs/java.util.prefs=ALL-UNNAMED --add-exports=jdk.compiler/com.sun.tools.javac.api=ALL-UNNAMED --add-exports=jdk.compiler/com.sun.tools.javac.util=ALL-UNNAMED --add-opens=java.base/java.util=ALL-UNNAMED --add-opens=java.prefs/java.util.prefs=ALL-UNNAMED --add-opens=java.base/java.nio.charset=ALL-UNNAMED --add-opens=java.base/java.net=ALL-UNNAMED --add-opens=java.base/java.util.concurrent.atomic=ALL-UNNAMED --add-opens=java.xml/javax.xml.namespace=ALL-UNNAMED -Xmx2048m -Dfile.encoding=UTF-8 -Duser.country=US -Duser.language=en -Duser.variant -javaagent:C:\Users\Asus\Downloads\gradle\gradle-9.0.0\wrapper\dists\gradle-8.13-bin\5xuhj0ry160q40clulazy9h7d\gradle-8.13\lib\agents\gradle-instrumentation-agent-8.13.jar org.gradle.launcher.daemon.bootstrap.GradleDaemon 8.13

Host: Intel(R) Core(TM) i7-10510U CPU @ 1.80GHz, 8 cores, 7G,  Windows 11 , 64 bit Build 26100 (10.0.26100.7309)
Time: Sun Dec 21 19:45:34 2025 SE Asia Standard Time elapsed time: 12.409473 seconds (0d 0h 0m 12s)

---------------  T H R E A D  ---------------

Current thread (0x000001e5b52c1770):  VMThread "VM Thread"          [id=8240, stack(0x000000ddd2200000,0x000000ddd2300000) (1024K)]

Stack: [0x000000ddd2200000,0x000000ddd2300000]
Native frames: (J=compiled Java code, j=interpreted, Vv=VM code, C=native code)
V  [jvm.dll+0x6d0639]
V  [jvm.dll+0x85eb03]
V  [jvm.dll+0x86105e]
V  [jvm.dll+0x861743]
V  [jvm.dll+0x27e6e6]
V  [jvm.dll+0x6ccfd5]
V  [jvm.dll+0x6c0a8a]
V  [jvm.dll+0x35537b]
V  [jvm.dll+0x35cfd6]
V  [jvm.dll+0x3aef86]
V  [jvm.dll+0x3af258]
V  [jvm.dll+0x327a2c]
V  [jvm.dll+0x327ab7]
V  [jvm.dll+0x36d93c]
V  [jvm.dll+0x36c0ee]
V  [jvm.dll+0x327181]
V  [jvm.dll+0x36b7f0]
V  [jvm.dll+0x8674c8]
V  [jvm.dll+0x868844]
V  [jvm.dll+0x868d80]
V  [jvm.dll+0x869013]
V  [jvm.dll+0x806ed8]
V  [jvm.dll+0x6cef0d]
C  [ucrtbase.dll+0x37b0]
C  [KERNEL32.DLL+0x2e8d7]
C  [ntdll.dll+0x8c53c]

VM_Operation (0x000000ddd39f0750): G1CollectForAllocation, mode: safepoint, requested by thread 0x000001e5bb0eca00


---------------  P R O C E S S  ---------------

Threads class SMR info:
_java_thread_list=0x000001e5bf495220, length=80, elements={
0x000001e59b7c79a0, 0x000001e5b52e7cb0, 0x000001e5b5319f10, 0x000001e5b531b0a0,
0x000001e5b531baf0, 0x000001e5b533cb50, 0x000001e5b533d5a0, 0x000001e5b534dd40,
0x000001e5b5359fe0, 0x000001e5b54b9ab0, 0x000001e5b5661580, 0x000001e5bb0b1a80,
0x000001e5bb055f60, 0x000001e5bb189010, 0x000001e5bb11ad70, 0x000001e5bb1303b0,
0x000001e5bb1f1f40, 0x000001e5bb0eca00, 0x000001e5bb0eead0, 0x000001e5bb0ee440,
0x000001e5bb0eb650, 0x000001e5bb0ed090, 0x000001e5bb0ec370, 0x000001e5bb0ebce0,
0x000001e5bbee55c0, 0x000001e5bbee7690, 0x000001e5bbee4f30, 0x000001e5bbee48a0,
0x000001e5bbee7d20, 0x000001e5bbee6970, 0x000001e5bbee5c50, 0x000001e5bbee7000,
0x000001e5bbee62e0, 0x000001e5bbee9df0, 0x000001e5bbeea480, 0x000001e5bbeeab10,
0x000001e5bbee83b0, 0x000001e5bbeebec0, 0x000001e5bbee8a40, 0x000001e5bb441320,
0x000001e5bb442040, 0x000001e5bb440600, 0x000001e5bb440c90, 0x000001e5bb43ebc0,
0x000001e5bb43f250, 0x000001e5bb442d60, 0x000001e5bb43f8e0, 0x000001e5bb443a80,
0x000001e5bb4447a0, 0x000001e5bb4433f0, 0x000001e5bb445b50, 0x000001e5bb444e30,
0x000001e5bb4461e0, 0x000001e5bb444110, 0x000001e5bb4454c0, 0x000001e5bd0f6fe0,
0x000001e5bd0faaf0, 0x000001e5bd0f7670, 0x000001e5bd0f7d00, 0x000001e5bd0fbea0,
0x000001e5bd0fb810, 0x000001e5bd0f9740, 0x000001e5bd0f8a20, 0x000001e5bd0fcbc0,
0x000001e5bd0fd8e0, 0x000001e5bd0fc530, 0x000001e5bd0fd250, 0x000001e5bd0fdf70,
0x000001e5bd0fe600, 0x000001e5bce8b2a0, 0x000001e5bce8ac10, 0x000001e5bce8bfc0,
0x000001e5bce8c650, 0x000001e5bce8b930, 0x000001e5bce891d0, 0x000001e5bce89ef0,
0x000001e5bce8cce0, 0x000001e5bce89860, 0x000001e5bce8d370, 0x000001e5be1f90b0
}

Java Threads: ( => current thread )
  0x000001e59b7c79a0 JavaThread "main"                              [_thread_blocked, id=19112, stack(0x000000ddd1b00000,0x000000ddd1c00000) (1024K)]
  0x000001e5b52e7cb0 JavaThread "Reference Handler"          daemon [_thread_blocked, id=1196, stack(0x000000ddd2300000,0x000000ddd2400000) (1024K)]
  0x000001e5b5319f10 JavaThread "Finalizer"                  daemon [_thread_blocked, id=15044, stack(0x000000ddd2400000,0x000000ddd2500000) (1024K)]
  0x000001e5b531b0a0 JavaThread "Signal Dispatcher"          daemon [_thread_blocked, id=15292, stack(0x000000ddd2500000,0x000000ddd2600000) (1024K)]
  0x000001e5b531baf0 JavaThread "Attach Listener"            daemon [_thread_blocked, id=16660, stack(0x000000ddd2600000,0x000000ddd2700000) (1024K)]
  0x000001e5b533cb50 JavaThread "Service Thread"             daemon [_thread_blocked, id=18832, stack(0x000000ddd2700000,0x000000ddd2800000) (1024K)]
  0x000001e5b533d5a0 JavaThread "Monitor Deflation Thread"   daemon [_thread_blocked, id=8744, stack(0x000000ddd2800000,0x000000ddd2900000) (1024K)]
  0x000001e5b534dd40 JavaThread "C2 CompilerThread0"         daemon [_thread_blocked, id=17244, stack(0x000000ddd2900000,0x000000ddd2a00000) (1024K)]
  0x000001e5b5359fe0 JavaThread "C1 CompilerThread0"         daemon [_thread_blocked, id=12044, stack(0x000000ddd2a00000,0x000000ddd2b00000) (1024K)]
  0x000001e5b54b9ab0 JavaThread "Common-Cleaner"             daemon [_thread_blocked, id=13056, stack(0x000000ddd2b00000,0x000000ddd2c00000) (1024K)]
  0x000001e5b5661580 JavaThread "Notification Thread"        daemon [_thread_blocked, id=16744, stack(0x000000ddd2c00000,0x000000ddd2d00000) (1024K)]
  0x000001e5bb0b1a80 JavaThread "Daemon health stats"               [_thread_blocked, id=13124, stack(0x000000ddd3300000,0x000000ddd3400000) (1024K)]
  0x000001e5bb055f60 JavaThread "Incoming local TCP Connector on port 56303"        [_thread_in_native, id=16676, stack(0x000000ddd3400000,0x000000ddd3500000) (1024K)]
  0x000001e5bb189010 JavaThread "Daemon periodic checks"            [_thread_blocked, id=19280, stack(0x000000ddd3500000,0x000000ddd3600000) (1024K)]
  0x000001e5bb11ad70 JavaThread "Daemon"                            [_thread_blocked, id=2468, stack(0x000000ddd3600000,0x000000ddd3700000) (1024K)]
  0x000001e5bb1303b0 JavaThread "Handler for socket connection from /127.0.0.1:56303 to /127.0.0.1:56304"        [_thread_in_native, id=17368, stack(0x000000ddd3700000,0x000000ddd3800000) (1024K)]
  0x000001e5bb1f1f40 JavaThread "Cancel handler"                    [_thread_blocked, id=11448, stack(0x000000ddd3800000,0x000000ddd3900000) (1024K)]
  0x000001e5bb0eca00 JavaThread "Daemon worker"                     [_thread_blocked, id=15892, stack(0x000000ddd3900000,0x000000ddd3a00000) (1024K)]
  0x000001e5bb0eead0 JavaThread "Asynchronous log dispatcher for DefaultDaemonConnection: socket connection from /127.0.0.1:56303 to /127.0.0.1:56304"        [_thread_blocked, id=4848, stack(0x000000ddd3a00000,0x000000ddd3b00000) (1024K)]
  0x000001e5bb0ee440 JavaThread "Stdin handler"                     [_thread_blocked, id=5316, stack(0x000000ddd3b00000,0x000000ddd3c00000) (1024K)]
  0x000001e5bb0eb650 JavaThread "Daemon client event forwarder"        [_thread_blocked, id=4460, stack(0x000000ddd3c00000,0x000000ddd3d00000) (1024K)]
  0x000001e5bb0ed090 JavaThread "Cache worker for journal cache (C:\Users\Asus\Downloads\gradle\gradle-9.0.0\caches\journal-1)"        [_thread_blocked, id=18524, stack(0x000000ddd4000000,0x000000ddd4100000) (1024K)]
  0x000001e5bb0ec370 JavaThread "File lock request listener"        [_thread_in_native, id=15508, stack(0x000000ddd4100000,0x000000ddd4200000) (1024K)]
  0x000001e5bb0ebce0 JavaThread "Cache worker for file hash cache (C:\Users\Asus\Downloads\gradle\gradle-9.0.0\caches\8.13\fileHashes)"        [_thread_blocked, id=9472, stack(0x000000ddd4200000,0x000000ddd4300000) (1024K)]
  0x000001e5bbee55c0 JavaThread "Cache worker for file hash cache (D:\Dicoding\Belajar Membuat Aplikasi Android Untuk Pemula\UI GPT\1. Step 1 - LinearLayout\.gradle\8.13\fileHashes)"        [_thread_blocked, id=5440, stack(0x000000ddd4300000,0x000000ddd4400000) (1024K)]
  0x000001e5bbee7690 JavaThread "Cache worker for Build Output Cleanup Cache (D:\Dicoding\Belajar Membuat Aplikasi Android Untuk Pemula\UI GPT\1. Step 1 - LinearLayout\.gradle\buildOutputCleanup)"        [_thread_blocked, id=19232, stack(0x000000ddd4400000,0x000000ddd4500000) (1024K)]
  0x000001e5bbee4f30 JavaThread "File watcher server"        daemon [_thread_in_native, id=3424, stack(0x000000ddd4500000,0x000000ddd4600000) (1024K)]
  0x000001e5bbee48a0 JavaThread "File watcher consumer"      daemon [_thread_blocked, id=8500, stack(0x000000ddd4600000,0x000000ddd4700000) (1024K)]
  0x000001e5bbee7d20 JavaThread "jar transforms"                    [_thread_blocked, id=18836, stack(0x000000ddd4700000,0x000000ddd4800000) (1024K)]
  0x000001e5bbee6970 JavaThread "jar transforms Thread 2"           [_thread_blocked, id=18996, stack(0x000000ddd4800000,0x000000ddd4900000) (1024K)]
  0x000001e5bbee5c50 JavaThread "jar transforms Thread 3"           [_thread_blocked, id=17380, stack(0x000000ddd4900000,0x000000ddd4a00000) (1024K)]
  0x000001e5bbee7000 JavaThread "jar transforms Thread 4"           [_thread_blocked, id=17076, stack(0x000000ddd4a00000,0x000000ddd4b00000) (1024K)]
  0x000001e5bbee62e0 JavaThread "jar transforms Thread 5"           [_thread_blocked, id=5776, stack(0x000000ddd4b00000,0x000000ddd4c00000) (1024K)]
  0x000001e5bbee9df0 JavaThread "jar transforms Thread 6"           [_thread_blocked, id=19448, stack(0x000000ddd4c00000,0x000000ddd4d00000) (1024K)]
  0x000001e5bbeea480 JavaThread "jar transforms Thread 7"           [_thread_blocked, id=16136, stack(0x000000ddd4d00000,0x000000ddd4e00000) (1024K)]
  0x000001e5bbeeab10 JavaThread "jar transforms Thread 8"           [_thread_blocked, id=5488, stack(0x000000ddd4e00000,0x000000ddd4f00000) (1024K)]
  0x000001e5bbee83b0 JavaThread "Cache worker for checksums cache (D:\Dicoding\Belajar Membuat Aplikasi Android Untuk Pemula\UI GPT\1. Step 1 - LinearLayout\.gradle\8.13\checksums)"        [_thread_blocked, id=19384, stack(0x000000ddd5000000,0x000000ddd5100000) (1024K)]
  0x000001e5bbeebec0 JavaThread "Cache worker for file content cache (C:\Users\Asus\Downloads\gradle\gradle-9.0.0\caches\8.13\fileContent)"        [_thread_blocked, id=15056, stack(0x000000ddd5100000,0x000000ddd5200000) (1024K)]
  0x000001e5bbee8a40 JavaThread "Cache worker for cache directory md-supplier (C:\Users\Asus\Downloads\gradle\gradle-9.0.0\caches\8.13\md-supplier)"        [_thread_blocked, id=3188, stack(0x000000ddd5200000,0x000000ddd5300000) (1024K)]
  0x000001e5bb441320 JavaThread "Cache worker for cache directory md-rule (C:\Users\Asus\Downloads\gradle\gradle-9.0.0\caches\8.13\md-rule)"        [_thread_blocked, id=14524, stack(0x000000ddd5300000,0x000000ddd5400000) (1024K)]
  0x000001e5bb442040 JavaThread "Unconstrained build operations"        [_thread_blocked, id=18136, stack(0x000000ddd5400000,0x000000ddd5500000) (1024K)]
  0x000001e5bb440600 JavaThread "Unconstrained build operations Thread 2"        [_thread_blocked, id=2680, stack(0x000000ddd5500000,0x000000ddd5600000) (1024K)]
  0x000001e5bb440c90 JavaThread "Unconstrained build operations Thread 3"        [_thread_blocked, id=12072, stack(0x000000ddd5600000,0x000000ddd5700000) (1024K)]
  0x000001e5bb43ebc0 JavaThread "Unconstrained build operations Thread 4"        [_thread_blocked, id=17392, stack(0x000000ddd5700000,0x000000ddd5800000) (1024K)]
  0x000001e5bb43f250 JavaThread "Unconstrained build operations Thread 5"        [_thread_blocked, id=13308, stack(0x000000ddd5800000,0x000000ddd5900000) (1024K)]
  0x000001e5bb442d60 JavaThread "Unconstrained build operations Thread 6"        [_thread_blocked, id=3524, stack(0x000000ddd5900000,0x000000ddd5a00000) (1024K)]
  0x000001e5bb43f8e0 JavaThread "Unconstrained build operations Thread 7"        [_thread_blocked, id=15496, stack(0x000000ddd5a00000,0x000000ddd5b00000) (1024K)]
  0x000001e5bb443a80 JavaThread "Unconstrained build operations Thread 8"        [_thread_blocked, id=16568, stack(0x000000ddd5b00000,0x000000ddd5c00000) (1024K)]
  0x000001e5bb4447a0 JavaThread "Unconstrained build operations Thread 9"        [_thread_blocked, id=6636, stack(0x000000ddd5c00000,0x000000ddd5d00000) (1024K)]
  0x000001e5bb4433f0 JavaThread "Unconstrained build operations Thread 10"        [_thread_blocked, id=14820, stack(0x000000ddd5d00000,0x000000ddd5e00000) (1024K)]
  0x000001e5bb445b50 JavaThread "Unconstrained build operations Thread 11"        [_thread_blocked, id=17176, stack(0x000000ddd5e00000,0x000000ddd5f00000) (1024K)]
  0x000001e5bb444e30 JavaThread "Unconstrained build operations Thread 12"        [_thread_blocked, id=732, stack(0x000000ddd5f00000,0x000000ddd6000000) (1024K)]
  0x000001e5bb4461e0 JavaThread "Unconstrained build operations Thread 13"        [_thread_blocked, id=8088, stack(0x000000ddd6000000,0x000000ddd6100000) (1024K)]
  0x000001e5bb444110 JavaThread "Unconstrained build operations Thread 14"        [_thread_blocked, id=2136, stack(0x000000ddd6100000,0x000000ddd6200000) (1024K)]
  0x000001e5bb4454c0 JavaThread "Unconstrained build operations Thread 15"        [_thread_blocked, id=8996, stack(0x000000ddd6200000,0x000000ddd6300000) (1024K)]
  0x000001e5bd0f6fe0 JavaThread "Unconstrained build operations Thread 16"        [_thread_blocked, id=8196, stack(0x000000ddd6300000,0x000000ddd6400000) (1024K)]
  0x000001e5bd0faaf0 JavaThread "Unconstrained build operations Thread 17"        [_thread_blocked, id=17444, stack(0x000000ddd6400000,0x000000ddd6500000) (1024K)]
  0x000001e5bd0f7670 JavaThread "Unconstrained build operations Thread 18"        [_thread_blocked, id=7760, stack(0x000000ddd6500000,0x000000ddd6600000) (1024K)]
  0x000001e5bd0f7d00 JavaThread "Unconstrained build operations Thread 19"        [_thread_blocked, id=16912, stack(0x000000ddd4f00000,0x000000ddd5000000) (1024K)]
  0x000001e5bd0fbea0 JavaThread "Unconstrained build operations Thread 20"        [_thread_blocked, id=7560, stack(0x000000ddd6600000,0x000000ddd6700000) (1024K)]
  0x000001e5bd0fb810 JavaThread "Unconstrained build operations Thread 21"        [_thread_blocked, id=19380, stack(0x000000ddd6700000,0x000000ddd6800000) (1024K)]
  0x000001e5bd0f9740 JavaThread "Unconstrained build operations Thread 22"        [_thread_blocked, id=18348, stack(0x000000ddd6800000,0x000000ddd6900000) (1024K)]
  0x000001e5bd0f8a20 JavaThread "Unconstrained build operations Thread 23"        [_thread_blocked, id=15616, stack(0x000000ddd6900000,0x000000ddd6a00000) (1024K)]
  0x000001e5bd0fcbc0 JavaThread "Unconstrained build operations Thread 24"        [_thread_blocked, id=16824, stack(0x000000ddd6a00000,0x000000ddd6b00000) (1024K)]
  0x000001e5bd0fd8e0 JavaThread "Unconstrained build operations Thread 25"        [_thread_blocked, id=11572, stack(0x000000ddd6b00000,0x000000ddd6c00000) (1024K)]
  0x000001e5bd0fc530 JavaThread "Unconstrained build operations Thread 26"        [_thread_blocked, id=16204, stack(0x000000ddd6c00000,0x000000ddd6d00000) (1024K)]
  0x000001e5bd0fd250 JavaThread "Unconstrained build operations Thread 27"        [_thread_blocked, id=16448, stack(0x000000ddd6d00000,0x000000ddd6e00000) (1024K)]
  0x000001e5bd0fdf70 JavaThread "Unconstrained build operations Thread 28"        [_thread_blocked, id=16948, stack(0x000000ddd6e00000,0x000000ddd6f00000) (1024K)]
  0x000001e5bd0fe600 JavaThread "Unconstrained build operations Thread 29"        [_thread_blocked, id=18212, stack(0x000000ddd6f00000,0x000000ddd7000000) (1024K)]
  0x000001e5bce8b2a0 JavaThread "Unconstrained build operations Thread 30"        [_thread_blocked, id=4520, stack(0x000000ddd7000000,0x000000ddd7100000) (1024K)]
  0x000001e5bce8ac10 JavaThread "Unconstrained build operations Thread 31"        [_thread_blocked, id=3472, stack(0x000000ddd7100000,0x000000ddd7200000) (1024K)]
  0x000001e5bce8bfc0 JavaThread "Unconstrained build operations Thread 32"        [_thread_blocked, id=11440, stack(0x000000ddd7200000,0x000000ddd7300000) (1024K)]
  0x000001e5bce8c650 JavaThread "Unconstrained build operations Thread 33"        [_thread_blocked, id=16584, stack(0x000000ddd7300000,0x000000ddd7400000) (1024K)]
  0x000001e5bce8b930 JavaThread "Unconstrained build operations Thread 34"        [_thread_blocked, id=16168, stack(0x000000ddd7400000,0x000000ddd7500000) (1024K)]
  0x000001e5bce891d0 JavaThread "Unconstrained build operations Thread 35"        [_thread_blocked, id=5508, stack(0x000000ddd7500000,0x000000ddd7600000) (1024K)]
  0x000001e5bce89ef0 JavaThread "Unconstrained build operations Thread 36"        [_thread_blocked, id=17820, stack(0x000000ddd7600000,0x000000ddd7700000) (1024K)]
  0x000001e5bce8cce0 JavaThread "Unconstrained build operations Thread 37"        [_thread_blocked, id=18028, stack(0x000000ddd7700000,0x000000ddd7800000) (1024K)]
  0x000001e5bce89860 JavaThread "Unconstrained build operations Thread 38"        [_thread_blocked, id=17644, stack(0x000000ddd7800000,0x000000ddd7900000) (1024K)]
  0x000001e5bce8d370 JavaThread "Unconstrained build operations Thread 39"        [_thread_blocked, id=9228, stack(0x000000ddd7900000,0x000000ddd7a00000) (1024K)]
  0x000001e5be1f90b0 JavaThread "C2 CompilerThread1"         daemon [_thread_blocked, id=17160, stack(0x000000ddd2d00000,0x000000ddd2e00000) (1024K)]
Total: 80

Other Threads:
=>0x000001e5b52c1770 VMThread "VM Thread"                           [id=8240, stack(0x000000ddd2200000,0x000000ddd2300000) (1024K)]
  0x000001e5b510bef0 WatcherThread "VM Periodic Task Thread"        [id=18436, stack(0x000000ddd2100000,0x000000ddd2200000) (1024K)]
  0x000001e59dac4730 WorkerThread "GC Thread#0"                     [id=12940, stack(0x000000ddd1c00000,0x000000ddd1d00000) (1024K)]
  0x000001e5b5a14e50 WorkerThread "GC Thread#1"                     [id=11360, stack(0x000000ddd2e00000,0x000000ddd2f00000) (1024K)]
  0x000001e5b584dc80 WorkerThread "GC Thread#2"                     [id=9256, stack(0x000000ddd2f00000,0x000000ddd3000000) (1024K)]
  0x000001e5ba2e9050 WorkerThread "GC Thread#3"                     [id=12292, stack(0x000000ddd3000000,0x000000ddd3100000) (1024K)]
  0x000001e5ba2ea070 WorkerThread "GC Thread#4"                     [id=5456, stack(0x000000ddd3100000,0x000000ddd3200000) (1024K)]
  0x000001e5ba417c50 WorkerThread "GC Thread#5"                     [id=6572, stack(0x000000ddd3200000,0x000000ddd3300000) (1024K)]
  0x000001e5bb3d1f70 WorkerThread "GC Thread#6"                     [id=1476, stack(0x000000ddd3d00000,0x000000ddd3e00000) (1024K)]
  0x000001e5bb3d38d0 WorkerThread "GC Thread#7"                     [id=17124, stack(0x000000ddd3e00000,0x000000ddd3f00000) (1024K)]
  0x000001e59dad5620 ConcurrentGCThread "G1 Main Marker"            [id=17592, stack(0x000000ddd1d00000,0x000000ddd1e00000) (1024K)]
  0x000001e59dad6e70 WorkerThread "G1 Conc#0"                       [id=9180, stack(0x000000ddd1e00000,0x000000ddd1f00000) (1024K)]
  0x000001e5bb3d3530 WorkerThread "G1 Conc#1"                       [id=16832, stack(0x000000ddd3f00000,0x000000ddd4000000) (1024K)]
  0x000001e5b4fdc940 ConcurrentGCThread "G1 Refine#0"               [id=9352, stack(0x000000ddd1f00000,0x000000ddd2000000) (1024K)]
  0x000001e5b4fdf170 ConcurrentGCThread "G1 Service"                [id=1764, stack(0x000000ddd2000000,0x000000ddd2100000) (1024K)]
Total: 15

Threads with active compile tasks:
Total: 0

VM state: at safepoint (normal execution)

VM Mutex/Monitor currently owned by a thread:  ([mutex/lock_event])
[0x00007ffa56c2e3a0] Threads_lock - owner thread: 0x000001e5b52c1770
[0x00007ffa56c2e4a0] Heap_lock - owner thread: 0x000001e5bb0eca00

Heap address: 0x0000000080000000, size: 2048 MB, Compressed Oops mode: 32-bit

CDS archive(s) not mapped
Compressed class space mapped at: 0x0000000100000000-0x0000000140000000, reserved size: 1073741824
Narrow klass base: 0x0000000000000000, Narrow klass shift: 3, Narrow klass range: 0x140000000

GC Precious Log:
 CardTable entry size: 512
 Card Set container configuration: InlinePtr #cards 5 size 8 Array Of Cards #cards 12 size 40 Howl #buckets 4 coarsen threshold 1843 Howl Bitmap #cards 512 size 80 coarsen threshold 460 Card regions per heap region 1 cards per card region 2048
 CPUs: 8 total, 8 available
 Memory: 7990M
 Large Page Support: Disabled
 NUMA Support: Disabled
 Compressed Oops: Enabled (32-bit)
 Heap Region Size: 1M
 Heap Min Capacity: 8M
 Heap Initial Capacity: 126M
 Heap Max Capacity: 2G
 Pre-touch: Disabled
 Parallel Workers: 8
 Concurrent Workers: 2
 Concurrent Refinement Workers: 8
 Periodic GC: Disabled

Heap:
 garbage-first heap   total 185344K, used 130714K [0x0000000080000000, 0x0000000100000000)
  region size 1024K, 2 young (2048K), 2 survivors (2048K)
 Metaspace       used 78423K, committed 80384K, reserved 1179648K
  class space    used 10524K, committed 11520K, reserved 1048576K

Heap Regions: E=young(eden), S=young(survivor), O=old, HS=humongous(starts), HC=humongous(continues), CS=collection set, F=free, TAMS=top-at-mark-start, PB=parsable bottom
|   0|0x0000000080000000, 0x0000000080100000, 0x0000000080100000|100%|HS|  |TAMS 0x0000000080000000| PB 0x0000000080000000| Complete 
|   1|0x0000000080100000, 0x0000000080200000, 0x0000000080200000|100%|HC|  |TAMS 0x0000000080100000| PB 0x0000000080100000| Complete 
|   2|0x0000000080200000, 0x0000000080300000, 0x0000000080300000|100%|HC|  |TAMS 0x0000000080200000| PB 0x0000000080200000| Complete 
|   3|0x0000000080300000, 0x0000000080400000, 0x0000000080400000|100%| O|  |TAMS 0x0000000080300000| PB 0x0000000080300000| Untracked 
|   4|0x0000000080400000, 0x0000000080500000, 0x0000000080500000|100%| O|  |TAMS 0x0000000080400000| PB 0x0000000080400000| Untracked 
|   5|0x0000000080500000, 0x0000000080600000, 0x0000000080600000|100%| O|  |TAMS 0x0000000080500000| PB 0x0000000080500000| Untracked 
|   6|0x0000000080600000, 0x0000000080700000, 0x0000000080700000|100%|HS|  |TAMS 0x0000000080600000| PB 0x0000000080600000| Complete 
|   7|0x0000000080700000, 0x0000000080800000, 0x0000000080800000|100%| O|  |TAMS 0x0000000080700000| PB 0x0000000080700000| Untracked 
|   8|0x0000000080800000, 0x0000000080900000, 0x0000000080900000|100%| O|  |TAMS 0x0000000080800000| PB 0x0000000080800000| Untracked 
|   9|0x0000000080900000, 0x0000000080a00000, 0x0000000080a00000|100%| O|  |TAMS 0x0000000080900000| PB 0x0000000080900000| Untracked 
|  10|0x0000000080a00000, 0x0000000080b00000, 0x0000000080b00000|100%| O|  |TAMS 0x0000000080a00000| PB 0x0000000080a00000| Untracked 
|  11|0x0000000080b00000, 0x0000000080c00000, 0x0000000080c00000|100%| O|  |TAMS 0x0000000080b00000| PB 0x0000000080b00000| Untracked 
|  12|0x0000000080c00000, 0x0000000080d00000, 0x0000000080d00000|100%| O|  |TAMS 0x0000000080c00000| PB 0x0000000080c00000| Untracked 
|  13|0x0000000080d00000, 0x0000000080e00000, 0x0000000080e00000|100%| O|  |TAMS 0x0000000080d00000| PB 0x0000000080d00000| Untracked 
|  14|0x0000000080e00000, 0x0000000080f00000, 0x0000000080f00000|100%| O|  |TAMS 0x0000000080e00000| PB 0x0000000080e00000| Untracked 
|  15|0x0000000080f00000, 0x0000000081000000, 0x0000000081000000|100%| O|  |TAMS 0x0000000080f00000| PB 0x0000000080f00000| Untracked 
|  16|0x0000000081000000, 0x0000000081100000, 0x0000000081100000|100%| O|  |TAMS 0x0000000081000000| PB 0x0000000081000000| Untracked 
|  17|0x0000000081100000, 0x0000000081200000, 0x0000000081200000|100%| O|  |TAMS 0x0000000081100000| PB 0x0000000081100000| Untracked 
|  18|0x0000000081200000, 0x0000000081300000, 0x0000000081300000|100%| O|  |TAMS 0x0000000081200000| PB 0x0000000081200000| Untracked 
|  19|0x0000000081300000, 0x0000000081400000, 0x0000000081400000|100%| O|  |TAMS 0x0000000081300000| PB 0x0000000081300000| Untracked 
|  20|0x0000000081400000, 0x0000000081500000, 0x0000000081500000|100%| O|  |TAMS 0x0000000081400000| PB 0x0000000081400000| Untracked 
|  21|0x0000000081500000, 0x0000000081600000, 0x0000000081600000|100%| O|  |TAMS 0x0000000081500000| PB 0x0000000081500000| Untracked 
|  22|0x0000000081600000, 0x0000000081700000, 0x0000000081700000|100%|HS|  |TAMS 0x0000000081600000| PB 0x0000000081600000| Complete 
|  23|0x0000000081700000, 0x0000000081800000, 0x0000000081800000|100%|HC|  |TAMS 0x0000000081700000| PB 0x0000000081700000| Complete 
|  24|0x0000000081800000, 0x0000000081900000, 0x0000000081900000|100%|HC|  |TAMS 0x0000000081800000| PB 0x0000000081800000| Complete 
|  25|0x0000000081900000, 0x0000000081a00000, 0x0000000081a00000|100%|HC|  |TAMS 0x0000000081900000| PB 0x0000000081900000| Complete 
|  26|0x0000000081a00000, 0x0000000081b00000, 0x0000000081b00000|100%|HC|  |TAMS 0x0000000081a00000| PB 0x0000000081a00000| Complete 
|  27|0x0000000081b00000, 0x0000000081c00000, 0x0000000081c00000|100%|HC|  |TAMS 0x0000000081b00000| PB 0x0000000081b00000| Complete 
|  28|0x0000000081c00000, 0x0000000081d00000, 0x0000000081d00000|100%|HS|  |TAMS 0x0000000081c00000| PB 0x0000000081c00000| Complete 
|  29|0x0000000081d00000, 0x0000000081e00000, 0x0000000081e00000|100%|HS|  |TAMS 0x0000000081d00000| PB 0x0000000081d00000| Complete 
|  30|0x0000000081e00000, 0x0000000081f00000, 0x0000000081f00000|100%|HC|  |TAMS 0x0000000081e00000| PB 0x0000000081e00000| Complete 
|  31|0x0000000081f00000, 0x0000000082000000, 0x0000000082000000|100%|HC|  |TAMS 0x0000000081f00000| PB 0x0000000081f00000| Complete 
|  32|0x0000000082000000, 0x0000000082100000, 0x0000000082100000|100%|HC|  |TAMS 0x0000000082000000| PB 0x0000000082000000| Complete 
|  33|0x0000000082100000, 0x0000000082200000, 0x0000000082200000|100%|HS|  |TAMS 0x0000000082100000| PB 0x0000000082100000| Complete 
|  34|0x0000000082200000, 0x0000000082300000, 0x0000000082300000|100%|HC|  |TAMS 0x0000000082200000| PB 0x0000000082200000| Complete 
|  35|0x0000000082300000, 0x0000000082400000, 0x0000000082400000|100%|HS|  |TAMS 0x0000000082300000| PB 0x0000000082300000| Complete 
|  36|0x0000000082400000, 0x0000000082500000, 0x0000000082500000|100%|HS|  |TAMS 0x0000000082400000| PB 0x0000000082400000| Complete 
|  37|0x0000000082500000, 0x0000000082600000, 0x0000000082600000|100%|HS|  |TAMS 0x0000000082500000| PB 0x0000000082500000| Complete 
|  38|0x0000000082600000, 0x0000000082700000, 0x0000000082700000|100%|HC|  |TAMS 0x0000000082600000| PB 0x0000000082600000| Complete 
|  39|0x0000000082700000, 0x0000000082800000, 0x0000000082800000|100%| O|  |TAMS 0x0000000082700000| PB 0x0000000082700000| Untracked 
|  40|0x0000000082800000, 0x0000000082800000, 0x0000000082900000|  0%| F|  |TAMS 0x0000000082800000| PB 0x0000000082800000| Untracked 
|  41|0x0000000082900000, 0x0000000082a00000, 0x0000000082a00000|100%| O|  |TAMS 0x0000000082900000| PB 0x0000000082900000| Untracked 
|  42|0x0000000082a00000, 0x0000000082b00000, 0x0000000082b00000|100%| O|  |TAMS 0x0000000082a00000| PB 0x0000000082a00000| Untracked 
|  43|0x0000000082b00000, 0x0000000082c00000, 0x0000000082c00000|100%|HS|  |TAMS 0x0000000082b00000| PB 0x0000000082b00000| Complete 
|  44|0x0000000082c00000, 0x0000000082d00000, 0x0000000082d00000|100%|HC|  |TAMS 0x0000000082c00000| PB 0x0000000082c00000| Complete 
|  45|0x0000000082d00000, 0x0000000082e00000, 0x0000000082e00000|100%|HC|  |TAMS 0x0000000082d00000| PB 0x0000000082d00000| Complete 
|  46|0x0000000082e00000, 0x0000000082f00000, 0x0000000082f00000|100%|HC|  |TAMS 0x0000000082e00000| PB 0x0000000082e00000| Complete 
|  47|0x0000000082f00000, 0x0000000083000000, 0x0000000083000000|100%|HC|  |TAMS 0x0000000082f00000| PB 0x0000000082f00000| Complete 
|  48|0x0000000083000000, 0x0000000083100000, 0x0000000083100000|100%|HC|  |TAMS 0x0000000083000000| PB 0x0000000083000000| Complete 
|  49|0x0000000083100000, 0x0000000083200000, 0x0000000083200000|100%|HS|  |TAMS 0x0000000083100000| PB 0x0000000083100000| Complete 
|  50|0x0000000083200000, 0x0000000083300000, 0x0000000083300000|100%|HC|  |TAMS 0x0000000083200000| PB 0x0000000083200000| Complete 
|  51|0x0000000083300000, 0x0000000083400000, 0x0000000083400000|100%|HC|  |TAMS 0x0000000083300000| PB 0x0000000083300000| Complete 
|  52|0x0000000083400000, 0x0000000083500000, 0x0000000083500000|100%|HC|  |TAMS 0x0000000083400000| PB 0x0000000083400000| Complete 
|  53|0x0000000083500000, 0x0000000083600000, 0x0000000083600000|100%|HS|  |TAMS 0x0000000083500000| PB 0x0000000083500000| Complete 
|  54|0x0000000083600000, 0x0000000083700000, 0x0000000083700000|100%| O|  |TAMS 0x0000000083600000| PB 0x0000000083600000| Untracked 
|  55|0x0000000083700000, 0x0000000083800000, 0x0000000083800000|100%| O|  |TAMS 0x0000000083700000| PB 0x0000000083700000| Untracked 
|  56|0x0000000083800000, 0x0000000083900000, 0x0000000083900000|100%| O|  |TAMS 0x0000000083800000| PB 0x0000000083800000| Untracked 
|  57|0x0000000083900000, 0x0000000083a00000, 0x0000000083a00000|100%| O|  |TAMS 0x0000000083900000| PB 0x0000000083900000| Untracked 
|  58|0x0000000083a00000, 0x0000000083b00000, 0x0000000083b00000|100%| O|  |TAMS 0x0000000083a00000| PB 0x0000000083a00000| Untracked 
|  59|0x0000000083b00000, 0x0000000083c00000, 0x0000000083c00000|100%|HS|  |TAMS 0x0000000083b00000| PB 0x0000000083b00000| Complete 
|  60|0x0000000083c00000, 0x0000000083d00000, 0x0000000083d00000|100%|HC|  |TAMS 0x0000000083c00000| PB 0x0000000083c00000| Complete 
|  61|0x0000000083d00000, 0x0000000083e00000, 0x0000000083e00000|100%| O|  |TAMS 0x0000000083d00000| PB 0x0000000083d00000| Untracked 
|  62|0x0000000083e00000, 0x0000000083f00000, 0x0000000083f00000|100%| O|  |TAMS 0x0000000083e00000| PB 0x0000000083e00000| Untracked 
|  63|0x0000000083f00000, 0x0000000084000000, 0x0000000084000000|100%| O|  |TAMS 0x0000000083f00000| PB 0x0000000083f00000| Untracked 
|  64|0x0000000084000000, 0x0000000084100000, 0x0000000084100000|100%| O|  |TAMS 0x0000000084000000| PB 0x0000000084000000| Untracked 
|  65|0x0000000084100000, 0x0000000084200000, 0x0000000084200000|100%|HS|  |TAMS 0x0000000084100000| PB 0x0000000084100000| Complete 
|  66|0x0000000084200000, 0x0000000084300000, 0x0000000084300000|100%|HC|  |TAMS 0x0000000084200000| PB 0x0000000084200000| Complete 
|  67|0x0000000084300000, 0x0000000084400000, 0x0000000084400000|100%|HC|  |TAMS 0x0000000084300000| PB 0x0000000084300000| Complete 
|  68|0x0000000084400000, 0x0000000084500000, 0x0000000084500000|100%|HC|  |TAMS 0x0000000084400000| PB 0x0000000084400000| Complete 
|  69|0x0000000084500000, 0x0000000084600000, 0x0000000084600000|100%|HC|  |TAMS 0x0000000084500000| PB 0x0000000084500000| Complete 
|  70|0x0000000084600000, 0x0000000084700000, 0x0000000084700000|100%|HC|  |TAMS 0x0000000084600000| PB 0x0000000084600000| Complete 
|  71|0x0000000084700000, 0x0000000084800000, 0x0000000084800000|100%|HS|  |TAMS 0x0000000084700000| PB 0x0000000084700000| Complete 
|  72|0x0000000084800000, 0x0000000084900000, 0x0000000084900000|100%|HS|  |TAMS 0x0000000084800000| PB 0x0000000084800000| Complete 
|  73|0x0000000084900000, 0x0000000084a00000, 0x0000000084a00000|100%| O|  |TAMS 0x0000000084900000| PB 0x0000000084900000| Untracked 
|  74|0x0000000084a00000, 0x0000000084b00000, 0x0000000084b00000|100%| O|  |TAMS 0x0000000084a00000| PB 0x0000000084a00000| Untracked 
|  75|0x0000000084b00000, 0x0000000084c00000, 0x0000000084c00000|100%| O|  |TAMS 0x0000000084b00000| PB 0x0000000084b00000| Untracked 
|  76|0x0000000084c00000, 0x0000000084d00000, 0x0000000084d00000|100%| O|  |TAMS 0x0000000084c00000| PB 0x0000000084c00000| Untracked 
|  77|0x0000000084d00000, 0x0000000084d00000, 0x0000000084e00000|  0%| F|  |TAMS 0x0000000084d00000| PB 0x0000000084d00000| Untracked 
|  78|0x0000000084e00000, 0x0000000084f00000, 0x0000000084f00000|100%| O|  |TAMS 0x0000000084e00000| PB 0x0000000084e00000| Untracked 
|  79|0x0000000084f00000, 0x0000000084f00000, 0x0000000085000000|  0%| F|  |TAMS 0x0000000084f00000| PB 0x0000000084f00000| Untracked 
|  80|0x0000000085000000, 0x0000000085100000, 0x0000000085100000|100%| O|  |TAMS 0x0000000085000000| PB 0x0000000085000000| Untracked 
|  81|0x0000000085100000, 0x0000000085200000, 0x0000000085200000|100%| O|  |TAMS 0x0000000085100000| PB 0x0000000085100000| Untracked 
|  82|0x0000000085200000, 0x0000000085300000, 0x0000000085300000|100%|HS|  |TAMS 0x0000000085200000| PB 0x0000000085200000| Complete 
|  83|0x0000000085300000, 0x0000000085400000, 0x0000000085400000|100%|HC|  |TAMS 0x0000000085300000| PB 0x0000000085300000| Complete 
|  84|0x0000000085400000, 0x0000000085500000, 0x0000000085500000|100%|HC|  |TAMS 0x0000000085400000| PB 0x0000000085400000| Complete 
|  85|0x0000000085500000, 0x0000000085600000, 0x0000000085600000|100%|HC|  |TAMS 0x0000000085500000| PB 0x0000000085500000| Complete 
|  86|0x0000000085600000, 0x0000000085700000, 0x0000000085700000|100%|HC|  |TAMS 0x0000000085600000| PB 0x0000000085600000| Complete 
|  87|0x0000000085700000, 0x0000000085800000, 0x0000000085800000|100%|HC|  |TAMS 0x0000000085700000| PB 0x0000000085700000| Complete 
|  88|0x0000000085800000, 0x0000000085900000, 0x0000000085900000|100%| O|  |TAMS 0x0000000085800000| PB 0x0000000085800000| Untracked 
|  89|0x0000000085900000, 0x0000000085a00000, 0x0000000085a00000|100%| O|  |TAMS 0x0000000085900000| PB 0x0000000085900000| Untracked 
|  90|0x0000000085a00000, 0x0000000085b00000, 0x0000000085b00000|100%| O|  |TAMS 0x0000000085a00000| PB 0x0000000085a00000| Untracked 
|  91|0x0000000085b00000, 0x0000000085c00000, 0x0000000085c00000|100%| O|  |TAMS 0x0000000085b00000| PB 0x0000000085b00000| Untracked 
|  92|0x0000000085c00000, 0x0000000085d00000, 0x0000000085d00000|100%| O|  |TAMS 0x0000000085c00000| PB 0x0000000085c00000| Untracked 
|  93|0x0000000085d00000, 0x0000000085e00000, 0x0000000085e00000|100%| O|  |TAMS 0x0000000085d00000| PB 0x0000000085d00000| Untracked 
|  94|0x0000000085e00000, 0x0000000085f00000, 0x0000000085f00000|100%| O|  |TAMS 0x0000000085e00000| PB 0x0000000085e00000| Untracked 
|  95|0x0000000085f00000, 0x0000000086000000, 0x0000000086000000|100%| O|  |TAMS 0x0000000085f00000| PB 0x0000000085f00000| Untracked 
|  96|0x0000000086000000, 0x0000000086100000, 0x0000000086100000|100%|HS|  |TAMS 0x0000000086000000| PB 0x0000000086000000| Complete 
|  97|0x0000000086100000, 0x0000000086200000, 0x0000000086200000|100%|HS|  |TAMS 0x0000000086100000| PB 0x0000000086100000| Complete 
|  98|0x0000000086200000, 0x0000000086300000, 0x0000000086300000|100%|HS|  |TAMS 0x0000000086200000| PB 0x0000000086200000| Complete 
|  99|0x0000000086300000, 0x0000000086400000, 0x0000000086400000|100%|HC|  |TAMS 0x0000000086300000| PB 0x0000000086300000| Complete 
| 100|0x0000000086400000, 0x0000000086500000, 0x0000000086500000|100%|HS|  |TAMS 0x0000000086400000| PB 0x0000000086400000| Complete 
| 101|0x0000000086500000, 0x0000000086600000, 0x0000000086600000|100%|HC|  |TAMS 0x0000000086500000| PB 0x0000000086500000| Complete 
| 102|0x0000000086600000, 0x0000000086700000, 0x0000000086700000|100%|HS|  |TAMS 0x0000000086600000| PB 0x0000000086600000| Complete 
| 103|0x0000000086700000, 0x0000000086800000, 0x0000000086800000|100%|HS|  |TAMS 0x0000000086700000| PB 0x0000000086700000| Complete 
| 104|0x0000000086800000, 0x0000000086900000, 0x0000000086900000|100%|HC|  |TAMS 0x0000000086800000| PB 0x0000000086800000| Complete 
| 105|0x0000000086900000, 0x0000000086a00000, 0x0000000086a00000|100%|HC|  |TAMS 0x0000000086900000| PB 0x0000000086900000| Complete 
| 106|0x0000000086a00000, 0x0000000086b00000, 0x0000000086b00000|100%|HS|  |TAMS 0x0000000086a00000| PB 0x0000000086a00000| Complete 
| 107|0x0000000086b00000, 0x0000000086c00000, 0x0000000086c00000|100%|HS|  |TAMS 0x0000000086b00000| PB 0x0000000086b00000| Complete 
| 108|0x0000000086c00000, 0x0000000086d00000, 0x0000000086d00000|100%| O|  |TAMS 0x0000000086c00000| PB 0x0000000086c00000| Untracked 
| 109|0x0000000086d00000, 0x0000000086e00000, 0x0000000086e00000|100%| O|  |TAMS 0x0000000086d00000| PB 0x0000000086d00000| Untracked 
| 110|0x0000000086e00000, 0x0000000086f00000, 0x0000000086f00000|100%| O|  |TAMS 0x0000000086e00000| PB 0x0000000086e00000| Untracked 
| 111|0x0000000086f00000, 0x0000000087000000, 0x0000000087000000|100%| O|  |TAMS 0x0000000086f00000| PB 0x0000000086f00000| Untracked 
| 112|0x0000000087000000, 0x0000000087100000, 0x0000000087100000|100%| O|  |TAMS 0x0000000087000000| PB 0x0000000087000000| Untracked 
| 113|0x0000000087100000, 0x0000000087200000, 0x0000000087200000|100%| O|  |TAMS 0x0000000087100000| PB 0x0000000087100000| Untracked 
| 114|0x0000000087200000, 0x0000000087300000, 0x0000000087300000|100%|HS|  |TAMS 0x0000000087200000| PB 0x0000000087200000| Complete 
| 115|0x0000000087300000, 0x0000000087400000, 0x0000000087400000|100%| O|  |TAMS 0x0000000087300000| PB 0x0000000087300000| Untracked 
| 116|0x0000000087400000, 0x0000000087500000, 0x0000000087500000|100%| O|  |TAMS 0x0000000087400000| PB 0x0000000087400000| Untracked 
| 117|0x0000000087500000, 0x0000000087600000, 0x0000000087600000|100%| O|  |TAMS 0x0000000087500000| PB 0x0000000087500000| Untracked 
| 118|0x0000000087600000, 0x0000000087600000, 0x0000000087700000|  0%| F|  |TAMS 0x0000000087600000| PB 0x0000000087600000| Untracked 
| 119|0x0000000087700000, 0x0000000087700000, 0x0000000087800000|  0%| F|  |TAMS 0x0000000087700000| PB 0x0000000087700000| Untracked 
| 120|0x0000000087800000, 0x0000000087800000, 0x0000000087900000|  0%| F|  |TAMS 0x0000000087800000| PB 0x0000000087800000| Untracked 
| 121|0x0000000087900000, 0x0000000087900000, 0x0000000087a00000|  0%| F|  |TAMS 0x0000000087900000| PB 0x0000000087900000| Untracked 
| 122|0x0000000087a00000, 0x0000000087a00000, 0x0000000087b00000|  0%| F|  |TAMS 0x0000000087a00000| PB 0x0000000087a00000| Untracked 
| 123|0x0000000087b00000, 0x0000000087b00000, 0x0000000087c00000|  0%| F|  |TAMS 0x0000000087b00000| PB 0x0000000087b00000| Untracked 
| 124|0x0000000087c00000, 0x0000000087c00000, 0x0000000087d00000|  0%| F|  |TAMS 0x0000000087c00000| PB 0x0000000087c00000| Untracked 
| 125|0x0000000087d00000, 0x0000000087e00000, 0x0000000087e00000|100%| O|  |TAMS 0x0000000087d00000| PB 0x0000000087d00000| Untracked 
| 126|0x0000000087e00000, 0x0000000087f00000, 0x0000000087f00000|100%| O|  |TAMS 0x0000000087e00000| PB 0x0000000087e00000| Untracked 
| 127|0x0000000087f00000, 0x0000000087fe1ea8, 0x0000000088000000| 88%| O|  |TAMS 0x0000000087f00000| PB 0x0000000087f00000| Untracked 
| 128|0x0000000088000000, 0x0000000088000000, 0x0000000088100000|  0%| F|  |TAMS 0x0000000088000000| PB 0x0000000088000000| Untracked 
| 129|0x0000000088100000, 0x0000000088100000, 0x0000000088200000|  0%| F|  |TAMS 0x0000000088100000| PB 0x0000000088100000| Untracked 
| 130|0x0000000088200000, 0x0000000088200000, 0x0000000088300000|  0%| F|  |TAMS 0x0000000088200000| PB 0x0000000088200000| Untracked 
| 131|0x0000000088300000, 0x0000000088300000, 0x0000000088400000|  0%| F|  |TAMS 0x0000000088300000| PB 0x0000000088300000| Untracked 
| 132|0x0000000088400000, 0x0000000088400000, 0x0000000088500000|  0%| F|  |TAMS 0x0000000088400000| PB 0x0000000088400000| Untracked 
| 133|0x0000000088500000, 0x0000000088500000, 0x0000000088600000|  0%| F|  |TAMS 0x0000000088500000| PB 0x0000000088500000| Untracked 
| 134|0x0000000088600000, 0x00000000886c4c08, 0x0000000088700000| 76%| S|CS|TAMS 0x0000000088600000| PB 0x0000000088600000| Complete 
| 135|0x0000000088700000, 0x0000000088800000, 0x0000000088800000|100%| S|CS|TAMS 0x0000000088700000| PB 0x0000000088700000| Complete 
| 136|0x0000000088800000, 0x0000000088800000, 0x0000000088900000|  0%| F|  |TAMS 0x0000000088800000| PB 0x0000000088800000| Untracked 
| 137|0x0000000088900000, 0x0000000088900000, 0x0000000088a00000|  0%| F|  |TAMS 0x0000000088900000| PB 0x0000000088900000| Untracked 
| 138|0x0000000088a00000, 0x0000000088a00000, 0x0000000088b00000|  0%| F|  |TAMS 0x0000000088a00000| PB 0x0000000088a00000| Untracked 
| 139|0x0000000088b00000, 0x0000000088b00000, 0x0000000088c00000|  0%| F|  |TAMS 0x0000000088b00000| PB 0x0000000088b00000| Untracked 
| 140|0x0000000088c00000, 0x0000000088c00000, 0x0000000088d00000|  0%| F|  |TAMS 0x0000000088c00000| PB 0x0000000088c00000| Untracked 
| 141|0x0000000088d00000, 0x0000000088d00000, 0x0000000088e00000|  0%| F|  |TAMS 0x0000000088d00000| PB 0x0000000088d00000| Untracked 
| 142|0x0000000088e00000, 0x0000000088e00000, 0x0000000088f00000|  0%| F|  |TAMS 0x0000000088e00000| PB 0x0000000088e00000| Untracked 
| 143|0x0000000088f00000, 0x0000000088f00000, 0x0000000089000000|  0%| F|  |TAMS 0x0000000088f00000| PB 0x0000000088f00000| Untracked 
| 144|0x0000000089000000, 0x0000000089000000, 0x0000000089100000|  0%| F|  |TAMS 0x0000000089000000| PB 0x0000000089000000| Untracked 
| 145|0x0000000089100000, 0x0000000089100000, 0x0000000089200000|  0%| F|  |TAMS 0x0000000089100000| PB 0x0000000089100000| Untracked 
| 146|0x0000000089200000, 0x0000000089200000, 0x0000000089300000|  0%| F|  |TAMS 0x0000000089200000| PB 0x0000000089200000| Untracked 
| 147|0x0000000089300000, 0x0000000089300000, 0x0000000089400000|  0%| F|  |TAMS 0x0000000089300000| PB 0x0000000089300000| Untracked 
| 148|0x0000000089400000, 0x0000000089400000, 0x0000000089500000|  0%| F|  |TAMS 0x0000000089400000| PB 0x0000000089400000| Untracked 
| 149|0x0000000089500000, 0x0000000089500000, 0x0000000089600000|  0%| F|  |TAMS 0x0000000089500000| PB 0x0000000089500000| Untracked 
| 150|0x0000000089600000, 0x0000000089600000, 0x0000000089700000|  0%| F|  |TAMS 0x0000000089600000| PB 0x0000000089600000| Untracked 
| 151|0x0000000089700000, 0x0000000089700000, 0x0000000089800000|  0%| F|  |TAMS 0x0000000089700000| PB 0x0000000089700000| Untracked 
| 152|0x0000000089800000, 0x0000000089800000, 0x0000000089900000|  0%| F|  |TAMS 0x0000000089800000| PB 0x0000000089800000| Untracked 
| 153|0x0000000089900000, 0x0000000089900000, 0x0000000089a00000|  0%| F|  |TAMS 0x0000000089900000| PB 0x0000000089900000| Untracked 
| 154|0x0000000089a00000, 0x0000000089a00000, 0x0000000089b00000|  0%| F|  |TAMS 0x0000000089a00000| PB 0x0000000089a00000| Untracked 
| 155|0x0000000089b00000, 0x0000000089b00000, 0x0000000089c00000|  0%| F|  |TAMS 0x0000000089b00000| PB 0x0000000089b00000| Untracked 
| 156|0x0000000089c00000, 0x0000000089c00000, 0x0000000089d00000|  0%| F|  |TAMS 0x0000000089c00000| PB 0x0000000089c00000| Untracked 
| 157|0x0000000089d00000, 0x0000000089d00000, 0x0000000089e00000|  0%| F|  |TAMS 0x0000000089d00000| PB 0x0000000089d00000| Untracked 
| 158|0x0000000089e00000, 0x0000000089e00000, 0x0000000089f00000|  0%| F|  |TAMS 0x0000000089e00000| PB 0x0000000089e00000| Untracked 
| 159|0x0000000089f00000, 0x0000000089f00000, 0x000000008a000000|  0%| F|  |TAMS 0x0000000089f00000| PB 0x0000000089f00000| Untracked 
| 160|0x000000008a000000, 0x000000008a000000, 0x000000008a100000|  0%| F|  |TAMS 0x000000008a000000| PB 0x000000008a000000| Untracked 
| 161|0x000000008a100000, 0x000000008a100000, 0x000000008a200000|  0%| F|  |TAMS 0x000000008a100000| PB 0x000000008a100000| Untracked 
| 162|0x000000008a200000, 0x000000008a200000, 0x000000008a300000|  0%| F|  |TAMS 0x000000008a200000| PB 0x000000008a200000| Untracked 
| 163|0x000000008a300000, 0x000000008a300000, 0x000000008a400000|  0%| F|  |TAMS 0x000000008a300000| PB 0x000000008a300000| Untracked 
| 164|0x000000008a400000, 0x000000008a400000, 0x000000008a500000|  0%| F|  |TAMS 0x000000008a400000| PB 0x000000008a400000| Untracked 
| 165|0x000000008a500000, 0x000000008a500000, 0x000000008a600000|  0%| F|  |TAMS 0x000000008a500000| PB 0x000000008a500000| Untracked 
| 166|0x000000008a600000, 0x000000008a600000, 0x000000008a700000|  0%| F|  |TAMS 0x000000008a600000| PB 0x000000008a600000| Untracked 
| 167|0x000000008a700000, 0x000000008a700000, 0x000000008a800000|  0%| F|  |TAMS 0x000000008a700000| PB 0x000000008a700000| Untracked 
| 168|0x000000008a800000, 0x000000008a800000, 0x000000008a900000|  0%| F|  |TAMS 0x000000008a800000| PB 0x000000008a800000| Untracked 
| 169|0x000000008a900000, 0x000000008a900000, 0x000000008aa00000|  0%| F|  |TAMS 0x000000008a900000| PB 0x000000008a900000| Untracked 
|2037|0x00000000ff500000, 0x00000000ff600000, 0x00000000ff600000|100%| O|  |TAMS 0x00000000ff500000| PB 0x00000000ff500000| Untracked 
|2038|0x00000000ff600000, 0x00000000ff700000, 0x00000000ff700000|100%| O|  |TAMS 0x00000000ff600000| PB 0x00000000ff600000| Untracked 
|2039|0x00000000ff700000, 0x00000000ff700000, 0x00000000ff800000|  0%| F|  |TAMS 0x00000000ff700000| PB 0x00000000ff700000| Untracked 
|2040|0x00000000ff800000, 0x00000000ff800000, 0x00000000ff900000|  0%| F|  |TAMS 0x00000000ff800000| PB 0x00000000ff800000| Untracked 
|2041|0x00000000ff900000, 0x00000000ffa00000, 0x00000000ffa00000|100%| O|  |TAMS 0x00000000ff900000| PB 0x00000000ff900000| Untracked 
|2042|0x00000000ffa00000, 0x00000000ffb00000, 0x00000000ffb00000|100%| O|  |TAMS 0x00000000ffa00000| PB 0x00000000ffa00000| Untracked 
|2043|0x00000000ffb00000, 0x00000000ffc00000, 0x00000000ffc00000|100%| O|  |TAMS 0x00000000ffb00000| PB 0x00000000ffb00000| Untracked 
|2044|0x00000000ffc00000, 0x00000000ffc00000, 0x00000000ffd00000|  0%| F|  |TAMS 0x00000000ffc00000| PB 0x00000000ffc00000| Untracked 
|2045|0x00000000ffd00000, 0x00000000ffe00000, 0x00000000ffe00000|100%| O|  |TAMS 0x00000000ffd00000| PB 0x00000000ffd00000| Untracked 
|2046|0x00000000ffe00000, 0x00000000fff00000, 0x00000000fff00000|100%| O|  |TAMS 0x00000000ffe00000| PB 0x00000000ffe00000| Untracked 
|2047|0x00000000fff00000, 0x0000000100000000, 0x0000000100000000|100%| O|  |TAMS 0x00000000fff00000| PB 0x00000000fff00000| Untracked 

Card table byte_map: [0x000001e5b0300000,0x000001e5b0700000] _byte_map_base: 0x000001e5aff00000

Marking Bits: (CMBitMap*) 0x000001e59dac4d40
 Bits: [0x000001e5b0700000, 0x000001e5b2700000)

Polling page: 0x000001e59b8c0000

Metaspace:

Usage:
  Non-class:     66.31 MB used.
      Class:     10.28 MB used.
       Both:     76.59 MB used.

Virtual space:
  Non-class space:      128.00 MB reserved,      67.25 MB ( 53%) committed,  2 nodes.
      Class space:        1.00 GB reserved,      11.25 MB (  1%) committed,  1 nodes.
             Both:        1.12 GB reserved,      78.50 MB (  7%) committed. 

Chunk freelists:
   Non-Class:  12.02 MB
       Class:  4.80 MB
        Both:  16.81 MB

MaxMetaspaceSize: unlimited
CompressedClassSpaceSize: 1.00 GB
Initial GC threshold: 21.00 MB
Current GC threshold: 123.69 MB
CDS: off
 - commit_granule_bytes: 65536.
 - commit_granule_words: 8192.
 - virtual_space_node_default_size: 8388608.
 - enlarge_chunks_in_place: 1.
 - use_allocation_guard: 0.


Internal statistics:

num_allocs_failed_limit: 6.
num_arena_births: 3534.
num_arena_deaths: 0.
num_vsnodes_births: 3.
num_vsnodes_deaths: 0.
num_space_committed: 1256.
num_space_uncommitted: 0.
num_chunks_returned_to_freelist: 6.
num_chunks_taken_from_freelist: 6929.
num_chunk_merges: 3.
num_chunk_splits: 4430.
num_chunks_enlarged: 2684.
num_inconsistent_stats: 0.

CodeHeap 'non-profiled nmethods': size=120000Kb used=4388Kb max_used=4388Kb free=115611Kb
 bounds [0x000001e5a8690000, 0x000001e5a8ae0000, 0x000001e5afbc0000]
CodeHeap 'profiled nmethods': size=120000Kb used=14561Kb max_used=14561Kb free=105438Kb
 bounds [0x000001e5a0bc0000, 0x000001e5a1a00000, 0x000001e5a80f0000]
CodeHeap 'non-nmethods': size=5760Kb used=2775Kb max_used=2841Kb free=2984Kb
 bounds [0x000001e5a80f0000, 0x000001e5a83c0000, 0x000001e5a8690000]
 total_blobs=8764 nmethods=7852 adapters=815
 compilation: enabled
              stopped_count=0, restarted_count=0
 full_count=0

Compilation events (20 events):
Event: 10.318 Thread 0x000001e5b5359fe0 9046       3       it.unimi.dsi.fastutil.objects.ReferenceArrayList::add (55 bytes)
Event: 10.318 Thread 0x000001e5b5359fe0 nmethod 9046 0x000001e5a19fa410 code [0x000001e5a19fa5e0, 0x000001e5a19fa8e8]
Event: 10.318 Thread 0x000001e5b5359fe0 9047       3       org.gradle.internal.evaluation.EvaluationContext$PerThreadContext::pop (36 bytes)
Event: 10.318 Thread 0x000001e5b5359fe0 nmethod 9047 0x000001e5a19faa10 code [0x000001e5a19fac00, 0x000001e5a19fb058]
Event: 10.320 Thread 0x000001e5b5359fe0 9049       3       org.objectweb.asm.AnnotationWriter::<init> (60 bytes)
Event: 10.320 Thread 0x000001e5b5359fe0 nmethod 9049 0x000001e5a19fb190 code [0x000001e5a19fb360, 0x000001e5a19fb748]
Event: 10.320 Thread 0x000001e5b5359fe0 9048       1       org.gradle.model.internal.asm.AsmClassGenerator::getVisitor (5 bytes)
Event: 10.320 Thread 0x000001e5b5359fe0 nmethod 9048 0x000001e5a8ad6310 code [0x000001e5a8ad64a0, 0x000001e5a8ad6568]
Event: 10.320 Thread 0x000001e5b5359fe0 9050       3       java.lang.invoke.MethodHandles$Lookup$ClassFile::readUnsignedShort (39 bytes)
Event: 10.320 Thread 0x000001e5b5359fe0 nmethod 9050 0x000001e5a19fb890 code [0x000001e5a19fba40, 0x000001e5a19fbc98]
Event: 10.320 Thread 0x000001e5b5359fe0 9051       1       jdk.internal.org.objectweb.asm.ClassReader::getMaxStringLength (5 bytes)
Event: 10.320 Thread 0x000001e5b5359fe0 nmethod 9051 0x000001e5a8ad6610 code [0x000001e5a8ad67a0, 0x000001e5a8ad6868]
Event: 10.321 Thread 0x000001e5b5359fe0 9052       3       org.objectweb.asm.ByteVector::put112 (80 bytes)
Event: 10.321 Thread 0x000001e5b5359fe0 nmethod 9052 0x000001e5a19fbe10 code [0x000001e5a19fbfc0, 0x000001e5a19fc210]
Event: 10.373 Thread 0x000001e5b534dd40 9053  s    4       java.util.jar.JarFile::getInputStream (88 bytes)
Event: 10.373 Thread 0x000001e5be1f90b0 9054       4       java.net.URLStreamHandler::setURL (156 bytes)
Event: 10.375 Thread 0x000001e5b534dd40 nmethod 9053 0x000001e5a8ad6910 code [0x000001e5a8ad6ac0, 0x000001e5a8ad6ee0]
Event: 10.375 Thread 0x000001e5b534dd40 9055   !   4       java.net.URL::set (114 bytes)
Event: 10.380 Thread 0x000001e5b534dd40 nmethod 9055 0x000001e5a8ad7190 code [0x000001e5a8ad7340, 0x000001e5a8ad7d28]
Event: 10.384 Thread 0x000001e5be1f90b0 nmethod 9054 0x000001e5a8ad7e10 code [0x000001e5a8ad8020, 0x000001e5a8ad8d40]

GC Heap History (20 events):
Event: 6.022 GC heap after
{Heap after GC invocations=18 (full 0):
 garbage-first heap   total 131072K, used 73250K [0x0000000080000000, 0x0000000100000000)
  region size 1024K, 5 young (5120K), 5 survivors (5120K)
 Metaspace       used 56146K, committed 57728K, reserved 1114112K
  class space    used 7604K, committed 8384K, reserved 1048576K
}
Event: 6.570 GC heap before
{Heap before GC invocations=18 (full 0):
 garbage-first heap   total 131072K, used 128546K [0x0000000080000000, 0x0000000100000000)
  region size 1024K, 42 young (43008K), 5 survivors (5120K)
 Metaspace       used 58802K, committed 60352K, reserved 1114112K
  class space    used 7863K, committed 8640K, reserved 1048576K
}
Event: 6.577 GC heap after
{Heap after GC invocations=19 (full 0):
 garbage-first heap   total 141312K, used 96118K [0x0000000080000000, 0x0000000100000000)
  region size 1024K, 6 young (6144K), 6 survivors (6144K)
 Metaspace       used 58802K, committed 60352K, reserved 1114112K
  class space    used 7863K, committed 8640K, reserved 1048576K
}
Event: 6.720 GC heap before
{Heap before GC invocations=19 (full 0):
 garbage-first heap   total 141312K, used 126838K [0x0000000080000000, 0x0000000100000000)
  region size 1024K, 36 young (36864K), 6 survivors (6144K)
 Metaspace       used 59936K, committed 61632K, reserved 1114112K
  class space    used 8017K, committed 8832K, reserved 1048576K
}
Event: 6.724 GC heap after
{Heap after GC invocations=20 (full 0):
 garbage-first heap   total 141312K, used 96389K [0x0000000080000000, 0x0000000100000000)
  region size 1024K, 1 young (1024K), 1 survivors (1024K)
 Metaspace       used 59936K, committed 61632K, reserved 1114112K
  class space    used 8017K, committed 8832K, reserved 1048576K
}
Event: 7.126 GC heap before
{Heap before GC invocations=21 (full 0):
 garbage-first heap   total 162816K, used 129157K [0x0000000080000000, 0x0000000100000000)
  region size 1024K, 33 young (33792K), 1 survivors (1024K)
 Metaspace       used 63650K, committed 65280K, reserved 1114112K
  class space    used 8546K, committed 9344K, reserved 1048576K
}
Event: 7.129 GC heap after
{Heap after GC invocations=22 (full 0):
 garbage-first heap   total 162816K, used 97857K [0x0000000080000000, 0x0000000100000000)
  region size 1024K, 3 young (3072K), 3 survivors (3072K)
 Metaspace       used 63650K, committed 65280K, reserved 1114112K
  class space    used 8546K, committed 9344K, reserved 1048576K
}
Event: 7.723 GC heap before
{Heap before GC invocations=22 (full 0):
 garbage-first heap   total 162816K, used 148033K [0x0000000080000000, 0x0000000100000000)
  region size 1024K, 52 young (53248K), 3 survivors (3072K)
 Metaspace       used 69860K, committed 71680K, reserved 1114112K
  class space    used 9499K, committed 10432K, reserved 1048576K
}
Event: 7.728 GC heap after
{Heap after GC invocations=23 (full 0):
 garbage-first heap   total 162816K, used 99551K [0x0000000080000000, 0x0000000100000000)
  region size 1024K, 6 young (6144K), 6 survivors (6144K)
 Metaspace       used 69860K, committed 71680K, reserved 1114112K
  class space    used 9499K, committed 10432K, reserved 1048576K
}
Event: 8.624 GC heap before
{Heap before GC invocations=23 (full 0):
 garbage-first heap   total 162816K, used 145631K [0x0000000080000000, 0x0000000100000000)
  region size 1024K, 51 young (52224K), 6 survivors (6144K)
 Metaspace       used 73536K, committed 75456K, reserved 1114112K
  class space    used 10032K, committed 11008K, reserved 1048576K
}
Event: 8.631 GC heap after
{Heap after GC invocations=24 (full 0):
 garbage-first heap   total 162816K, used 104066K [0x0000000080000000, 0x0000000100000000)
  region size 1024K, 7 young (7168K), 7 survivors (7168K)
 Metaspace       used 73536K, committed 75456K, reserved 1114112K
  class space    used 10032K, committed 11008K, reserved 1048576K
}
Event: 8.849 GC heap before
{Heap before GC invocations=25 (full 0):
 garbage-first heap   total 174080K, used 145026K [0x0000000080000000, 0x0000000100000000)
  region size 1024K, 48 young (49152K), 7 survivors (7168K)
 Metaspace       used 73792K, committed 75712K, reserved 1179648K
  class space    used 10034K, committed 11008K, reserved 1048576K
}
Event: 8.855 GC heap after
{Heap after GC invocations=26 (full 0):
 garbage-first heap   total 174080K, used 107616K [0x0000000080000000, 0x0000000100000000)
  region size 1024K, 4 young (4096K), 4 survivors (4096K)
 Metaspace       used 73792K, committed 75712K, reserved 1179648K
  class space    used 10034K, committed 11008K, reserved 1048576K
}
Event: 9.019 GC heap before
{Heap before GC invocations=26 (full 0):
 garbage-first heap   total 174080K, used 157792K [0x0000000080000000, 0x0000000100000000)
  region size 1024K, 54 young (55296K), 4 survivors (4096K)
 Metaspace       used 74000K, committed 75968K, reserved 1179648K
  class space    used 10034K, committed 11008K, reserved 1048576K
}
Event: 9.022 GC heap after
{Heap after GC invocations=27 (full 0):
 garbage-first heap   total 174080K, used 108009K [0x0000000080000000, 0x0000000100000000)
  region size 1024K, 4 young (4096K), 4 survivors (4096K)
 Metaspace       used 74000K, committed 75968K, reserved 1179648K
  class space    used 10034K, committed 11008K, reserved 1048576K
}
Event: 9.203 GC heap before
{Heap before GC invocations=27 (full 0):
 garbage-first heap   total 174080K, used 159209K [0x0000000080000000, 0x0000000100000000)
  region size 1024K, 55 young (56320K), 4 survivors (4096K)
 Metaspace       used 74075K, committed 75968K, reserved 1179648K
  class space    used 10034K, committed 11008K, reserved 1048576K
}
Event: 9.207 GC heap after
{Heap after GC invocations=28 (full 0):
 garbage-first heap   total 174080K, used 109288K [0x0000000080000000, 0x0000000100000000)
  region size 1024K, 5 young (5120K), 5 survivors (5120K)
 Metaspace       used 74075K, committed 75968K, reserved 1179648K
  class space    used 10034K, committed 11008K, reserved 1048576K
}
Event: 9.726 GC heap before
{Heap before GC invocations=29 (full 0):
 garbage-first heap   total 183296K, used 171752K [0x0000000080000000, 0x0000000100000000)
  region size 1024K, 53 young (54272K), 5 survivors (5120K)
 Metaspace       used 75040K, committed 77056K, reserved 1179648K
  class space    used 10137K, committed 11136K, reserved 1048576K
}
Event: 9.864 GC heap after
{Heap after GC invocations=30 (full 0):
 garbage-first heap   total 185344K, used 129860K [0x0000000080000000, 0x0000000100000000)
  region size 1024K, 7 young (7168K), 7 survivors (7168K)
 Metaspace       used 75040K, committed 77056K, reserved 1179648K
  class space    used 10137K, committed 11136K, reserved 1048576K
}
Event: 10.385 GC heap before
{Heap before GC invocations=30 (full 0):
 garbage-first heap   total 185344K, used 166724K [0x0000000080000000, 0x0000000100000000)
  region size 1024K, 44 young (45056K), 7 survivors (7168K)
 Metaspace       used 78423K, committed 80384K, reserved 1179648K
  class space    used 10524K, committed 11520K, reserved 1048576K
}

Dll operation events (3 events):
Event: 0.010 Loaded shared library C:\Program Files\Android\Android Studio\jbr\bin\java.dll
Event: 0.014 Loaded shared library C:\Program Files\Android\Android Studio\jbr\bin\zip.dll
Event: 0.629 Loaded shared library C:\Program Files\Android\Android Studio\jbr\bin\verify.dll

Deoptimization events (20 events):
Event: 9.978 Thread 0x000001e5bb0eca00 Uncommon trap: trap_request=0xffffffc6 fr.pc=0x000001e5a88d15a4 relative=0x0000000000000424
Event: 9.978 Thread 0x000001e5bb0eca00 Uncommon trap: reason=bimorphic_or_optimized_type_check action=maybe_recompile pc=0x000001e5a88d15a4 method=com.google.common.cache.LocalCache$Segment.getEntry(Ljava/lang/Object;I)Lcom/google/common/cache/ReferenceEntry; @ 24 c2
Event: 9.978 Thread 0x000001e5bb0eca00 DEOPT PACKING pc=0x000001e5a88d15a4 sp=0x000000ddd39f5b30
Event: 9.978 Thread 0x000001e5bb0eca00 DEOPT UNPACKING pc=0x000001e5a81446a2 sp=0x000000ddd39f5ac8 mode 2
Event: 9.980 Thread 0x000001e5bb0eca00 Uncommon trap: trap_request=0xffffffc6 fr.pc=0x000001e5a88d15a4 relative=0x0000000000000424
Event: 9.980 Thread 0x000001e5bb0eca00 Uncommon trap: reason=bimorphic_or_optimized_type_check action=maybe_recompile pc=0x000001e5a88d15a4 method=com.google.common.cache.LocalCache$Segment.getEntry(Ljava/lang/Object;I)Lcom/google/common/cache/ReferenceEntry; @ 24 c2
Event: 9.980 Thread 0x000001e5bb0eca00 DEOPT PACKING pc=0x000001e5a88d15a4 sp=0x000000ddd39f5b30
Event: 9.980 Thread 0x000001e5bb0eca00 DEOPT UNPACKING pc=0x000001e5a81446a2 sp=0x000000ddd39f5ac8 mode 2
Event: 10.078 Thread 0x000001e5bb0eca00 Uncommon trap: trap_request=0xffffff45 fr.pc=0x000001e5a892208c relative=0x00000000000001ec
Event: 10.078 Thread 0x000001e5bb0eca00 Uncommon trap: reason=unstable_if action=reinterpret pc=0x000001e5a892208c method=java.lang.invoke.LambdaFormBuffer.changeName(ILjava/lang/invoke/LambdaForm$Name;)V @ 140 c2
Event: 10.078 Thread 0x000001e5bb0eca00 DEOPT PACKING pc=0x000001e5a892208c sp=0x000000ddd39f22d0
Event: 10.078 Thread 0x000001e5bb0eca00 DEOPT UNPACKING pc=0x000001e5a81446a2 sp=0x000000ddd39f2278 mode 2
Event: 10.140 Thread 0x000001e5bb0eca00 Uncommon trap: trap_request=0xffffff45 fr.pc=0x000001e5a87c2e90 relative=0x0000000000001f90
Event: 10.140 Thread 0x000001e5bb0eca00 Uncommon trap: reason=unstable_if action=reinterpret pc=0x000001e5a87c2e90 method=java.util.zip.InflaterInputStream.read([BII)I @ 94 c2
Event: 10.140 Thread 0x000001e5bb0eca00 DEOPT PACKING pc=0x000001e5a87c2e90 sp=0x000000ddd39f3cb0
Event: 10.140 Thread 0x000001e5bb0eca00 DEOPT UNPACKING pc=0x000001e5a81446a2 sp=0x000000ddd39f3d00 mode 2
Event: 10.292 Thread 0x000001e5bb0eca00 Uncommon trap: trap_request=0xffffffcc fr.pc=0x000001e5a8ad3e00 relative=0x0000000000000240
Event: 10.292 Thread 0x000001e5bb0eca00 Uncommon trap: reason=intrinsic_or_type_checked_inlining action=make_not_entrant pc=0x000001e5a8ad3e00 method=java.util.ArrayList.toArray([Ljava/lang/Object;)[Ljava/lang/Object; @ 36 c2
Event: 10.292 Thread 0x000001e5bb0eca00 DEOPT PACKING pc=0x000001e5a8ad3e00 sp=0x000000ddd39f6180
Event: 10.292 Thread 0x000001e5bb0eca00 DEOPT UNPACKING pc=0x000001e5a81446a2 sp=0x000000ddd39f6130 mode 2

Classes loaded (20 events):
Event: 7.770 Loading class org/xml/sax/Attributes
Event: 7.770 Loading class org/xml/sax/Attributes done
Event: 7.845 Loading class java/util/DualPivotQuicksort
Event: 7.846 Loading class java/util/DualPivotQuicksort done
Event: 7.924 Loading class java/util/function/LongUnaryOperator
Event: 7.924 Loading class java/util/function/LongUnaryOperator done
Event: 8.485 Loading class java/util/Collections$ReverseComparator
Event: 8.485 Loading class java/util/Collections$ReverseComparator done
Event: 8.485 Loading class java/util/Collections$ReverseComparator2
Event: 8.486 Loading class java/util/Collections$ReverseComparator2 done
Event: 9.190 Loading class java/lang/foreign/MemorySegment
Event: 9.191 Loading class java/lang/foreign/MemorySegment done
Event: 10.188 Loading class java/util/concurrent/atomic/AtomicIntegerArray
Event: 10.189 Loading class java/util/concurrent/atomic/AtomicIntegerArray done
Event: 10.191 Loading class java/util/Currency
Event: 10.191 Loading class java/util/Currency done
Event: 10.206 Loading class java/util/concurrent/atomic/AtomicLongArray
Event: 10.207 Loading class java/util/concurrent/atomic/AtomicLongArray done
Event: 10.273 Loading class java/util/Comparators$NullComparator
Event: 10.273 Loading class java/util/Comparators$NullComparator done

Classes unloaded (0 events):
No events

Classes redefined (0 events):
No events

Internal exceptions (20 events):
Event: 7.760 Thread 0x000001e5bb0eca00 Exception <a 'java/lang/ClassNotFoundException'{0x0000000089594ff8}: org/gradle/api/internal/project/DefaultProjectCustomizer> (0x0000000089594ff8) 
thrown [s\src\hotspot\share\classfile\systemDictionary.cpp, line 312]
Event: 7.765 Thread 0x000001e5bb0eca00 Exception <a 'java/lang/ClassNotFoundException'{0x00000000894532c0}: org/gradle/api/internal/project/DefaultProject_DecoratedCustomizer> (0x00000000894532c0) 
thrown [s\src\hotspot\share\classfile\systemDictionary.cpp, line 312]
Event: 7.924 Thread 0x000001e5bb0eca00 Exception <a 'java/lang/NoSuchMethodError'{0x0000000088b28078}: 'long java.lang.invoke.DirectMethodHandle$Holder.invokeStatic(java.lang.Object, long)'> (0x0000000088b28078) 
thrown [s\src\hotspot\share\interpreter\linkResolver.cpp, line 784]
Event: 7.994 Thread 0x000001e5bb0eca00 Exception <a 'java/lang/NoSuchMethodError'{0x00000000887a5ba0}: 'java.lang.Object java.lang.invoke.DirectMethodHandle$Holder.invokeVirtual(java.lang.Object, java.lang.Object, java.lang.Object, java.lang.Object, java.lang.Object, java.lang.Object, java.lang.Object, java.lang.Object, java.lang.Object, java.lang.Object, java.lang.Object, java.lang.Object, java.lang.Object, java.lang.Object, java.lang.Object, java.lang.Object, java.lang.Object)'> (0x00000000887a5ba0) 
thrown [s\src\hotspot\share\interpreter\li
Event: 7.995 Thread 0x000001e5bb0eca00 Exception <a 'java/lang/NoSuchMethodError'{0x00000000887abd20}: 'java.lang.Object java.lang.invoke.DirectMethodHandle$Holder.invokeSpecial(java.lang.Object, java.lang.Object, java.lang.Object, java.lang.Object, java.lang.Object, java.lang.Object, java.lang.Object, java.lang.Object, java.lang.Object, java.lang.Object, java.lang.Object, java.lang.Object, java.lang.Object, java.lang.Object, java.lang.Object, java.lang.Object, java.lang.Object, java.lang.Object)'> (0x00000000887abd20) 
thrown [s\src\hotspot\sh
Event: 7.995 Thread 0x000001e5bb0eca00 Exception <a 'java/lang/NoSuchMethodError'{0x00000000887b1528}: 'java.lang.Object java.lang.invoke.DelegatingMethodHandle$Holder.reinvoke_L(java.lang.Object, java.lang.Object, java.lang.Object, java.lang.Object, java.lang.Object, java.lang.Object, java.lang.Object, java.lang.Object, java.lang.Object, java.lang.Object, java.lang.Object, java.lang.Object, java.lang.Object, java.lang.Object, java.lang.Object, java.lang.Object, java.lang.Object)'> (0x00000000887b1528) 
thrown [s\src\hotspot\share\interpreter\l
Event: 8.075 Thread 0x000001e5bb0eca00 Exception <a 'java/lang/NoSuchMethodError'{0x000000008821b930}: static Lorg/gradle/api/internal/catalog/DefaultVersionCatalog;.<clinit>()V> (0x000000008821b930) 
thrown [s\src\hotspot\share\prims\jni.cpp, line 1139]
Event: 8.078 Thread 0x000001e5bb0eca00 Exception <a 'java/lang/NoSuchMethodError'{0x00000000882591a0}: static [Ljava/lang/Object;.<clinit>()V> (0x00000000882591a0) 
thrown [s\src\hotspot\share\prims\jni.cpp, line 1139]
Event: 8.081 Thread 0x000001e5bb0eca00 Exception <a 'java/lang/NoSuchMethodError'{0x0000000088284330}: static Lorg/gradle/api/internal/catalog/DependencyModel;.<clinit>()V> (0x0000000088284330) 
thrown [s\src\hotspot\share\prims\jni.cpp, line 1139]
Event: 8.081 Thread 0x000001e5bb0eca00 Exception <a 'java/lang/NoSuchMethodError'{0x0000000088288578}: static Lorg/gradle/api/internal/catalog/AbstractContextAwareModel;.<clinit>()V> (0x0000000088288578) 
thrown [s\src\hotspot\share\prims\jni.cpp, line 1139]
Event: 8.082 Thread 0x000001e5bb0eca00 Exception <a 'java/lang/NoSuchMethodError'{0x00000000882a40a0}: static Lorg/gradle/api/internal/artifacts/dependencies/AbstractVersionConstraint;.<clinit>()V> (0x00000000882a40a0) 
thrown [s\src\hotspot\share\prims\jni.cpp, line 1139]
Event: 8.086 Thread 0x000001e5bb0eca00 Exception <a 'java/lang/NoSuchMethodError'{0x00000000882faf38}: static Lorg/gradle/api/internal/catalog/PluginModel;.<clinit>()V> (0x00000000882faf38) 
thrown [s\src\hotspot\share\prims\jni.cpp, line 1139]
Event: 8.088 Thread 0x000001e5bb0eca00 Exception <a 'java/lang/NoSuchMethodError'{0x00000000881147d0}: static Lorg/gradle/api/internal/catalog/VersionModel;.<clinit>()V> (0x00000000881147d0) 
thrown [s\src\hotspot\share\prims\jni.cpp, line 1139]
Event: 8.153 Thread 0x000001e5bb0eca00 Exception <a 'java/lang/NoSuchMethodError'{0x0000000087ef5608}: 'int java.lang.invoke.DirectMethodHandle$Holder.invokeSpecialIFC(java.lang.Object, java.lang.Object, java.lang.Object)'> (0x0000000087ef5608) 
thrown [s\src\hotspot\share\interpreter\linkResolver.cpp, line 784]
Event: 8.205 Thread 0x000001e5bb0eca00 Exception <a 'java/lang/NoSuchMethodError'{0x0000000087a8a8e8}: 'void java.lang.invoke.DirectMethodHandle$Holder.invokeStatic(java.lang.Object, java.lang.Object, java.lang.Object, int, java.lang.Object)'> (0x0000000087a8a8e8) 
thrown [s\src\hotspot\share\interpreter\linkResolver.cpp, line 784]
Event: 8.211 Thread 0x000001e5bb0eca00 Implicit null exception at 0x000001e5a88089a0 to 0x000001e5a8808c0c
Event: 9.297 Thread 0x000001e5bce8c650 Implicit null exception at 0x000001e5a89e446f to 0x000001e5a89e4510
Event: 9.386 Thread 0x000001e5bb0eca00 Implicit null exception at 0x000001e5a8a461e0 to 0x000001e5a8a466ac
Event: 9.386 Thread 0x000001e5bb0eca00 Implicit null exception at 0x000001e5a8a44f60 to 0x000001e5a8a45414
Event: 10.273 Thread 0x000001e5bb0eca00 Exception <a 'java/lang/NoSuchMethodError'{0x00000000890ee1a0}: 'int java.lang.invoke.DirectMethodHandle$Holder.invokeSpecialIFC(java.lang.Object, java.lang.Object, java.lang.Object, java.lang.Object, java.lang.Object)'> (0x00000000890ee1a0) 
thrown [s\src\hotspot\share\interpreter\linkResolver.cpp, line 784]

ZGC Phase Switch (0 events):
No events

VM Operations (20 events):
Event: 8.695 Executing VM operation: G1PauseCleanup done
Event: 8.840 Executing VM operation: ICBufferFull
Event: 8.840 Executing VM operation: ICBufferFull done
Event: 8.849 Executing VM operation: G1CollectForAllocation (G1 Evacuation Pause)
Event: 8.855 Executing VM operation: G1CollectForAllocation (G1 Evacuation Pause) done
Event: 9.018 Executing VM operation: G1CollectForAllocation (G1 Evacuation Pause)
Event: 9.022 Executing VM operation: G1CollectForAllocation (G1 Evacuation Pause) done
Event: 9.203 Executing VM operation: G1CollectForAllocation (G1 Evacuation Pause)
Event: 9.207 Executing VM operation: G1CollectForAllocation (G1 Evacuation Pause) done
Event: 9.265 Executing VM operation: G1PauseRemark
Event: 9.269 Executing VM operation: G1PauseRemark done
Event: 9.294 Executing VM operation: G1PauseCleanup
Event: 9.294 Executing VM operation: G1PauseCleanup done
Event: 9.478 Executing VM operation: ICBufferFull
Event: 9.478 Executing VM operation: ICBufferFull done
Event: 9.497 Executing VM operation: HandshakeAllThreads (Deoptimize)
Event: 9.498 Executing VM operation: HandshakeAllThreads (Deoptimize) done
Event: 9.726 Executing VM operation: G1CollectForAllocation (G1 Evacuation Pause)
Event: 9.864 Executing VM operation: G1CollectForAllocation (G1 Evacuation Pause) done
Event: 10.385 Executing VM operation: G1CollectForAllocation (G1 Evacuation Pause)

Memory protections (0 events):
No events

Nmethod flushes (20 events):
Event: 9.268 Thread 0x000001e5b52c1770 flushing  nmethod 0x000001e5a89e4290
Event: 9.268 Thread 0x000001e5b52c1770 flushing  nmethod 0x000001e5a0c0ea10
Event: 9.268 Thread 0x000001e5b52c1770 flushing  nmethod 0x000001e5a0c8c810
Event: 9.268 Thread 0x000001e5b52c1770 flushing  nmethod 0x000001e5a0c8e690
Event: 9.268 Thread 0x000001e5b52c1770 flushing  nmethod 0x000001e5a0cfdc10
Event: 9.268 Thread 0x000001e5b52c1770 flushing  nmethod 0x000001e5a0cfe010
Event: 9.268 Thread 0x000001e5b52c1770 flushing  nmethod 0x000001e5a0d9bd10
Event: 9.268 Thread 0x000001e5b52c1770 flushing  nmethod 0x000001e5a0f06190
Event: 9.268 Thread 0x000001e5b52c1770 flushing  nmethod 0x000001e5a10dde10
Event: 9.268 Thread 0x000001e5b52c1770 flushing  nmethod 0x000001e5a10de490
Event: 9.268 Thread 0x000001e5b52c1770 flushing  nmethod 0x000001e5a117f690
Event: 9.268 Thread 0x000001e5b52c1770 flushing  nmethod 0x000001e5a1185610
Event: 9.268 Thread 0x000001e5b52c1770 flushing  nmethod 0x000001e5a1204290
Event: 9.268 Thread 0x000001e5b52c1770 flushing  nmethod 0x000001e5a142bc90
Event: 9.268 Thread 0x000001e5b52c1770 flushing  nmethod 0x000001e5a1433290
Event: 9.268 Thread 0x000001e5b52c1770 flushing  nmethod 0x000001e5a1464c90
Event: 9.268 Thread 0x000001e5b52c1770 flushing  nmethod 0x000001e5a16f6f10
Event: 9.268 Thread 0x000001e5b52c1770 flushing  nmethod 0x000001e5a16fa910
Event: 9.268 Thread 0x000001e5b52c1770 flushing  nmethod 0x000001e5a16fb790
Event: 9.268 Thread 0x000001e5b52c1770 flushing  nmethod 0x000001e5a1722310

Events (20 events):
Event: 8.612 Thread 0x000001e5bb0eca00 Thread added: 0x000001e5bd0f9740
Event: 8.612 Thread 0x000001e5bb0eca00 Thread added: 0x000001e5bd0f8a20
Event: 8.612 Thread 0x000001e5bb0eca00 Thread added: 0x000001e5bd0fcbc0
Event: 8.612 Thread 0x000001e5bb0eca00 Thread added: 0x000001e5bd0fd8e0
Event: 8.684 Thread 0x000001e5bb0eca00 Thread added: 0x000001e5bd0fc530
Event: 8.686 Thread 0x000001e5bb0eca00 Thread added: 0x000001e5bd0fd250
Event: 8.687 Thread 0x000001e5bb0eca00 Thread added: 0x000001e5bd0fdf70
Event: 8.688 Thread 0x000001e5bb0eca00 Thread added: 0x000001e5bd0fe600
Event: 8.690 Thread 0x000001e5bb0eca00 Thread added: 0x000001e5bce8b2a0
Event: 8.692 Thread 0x000001e5bb0eca00 Thread added: 0x000001e5bce8ac10
Event: 8.694 Thread 0x000001e5bb0eca00 Thread added: 0x000001e5bce8bfc0
Event: 8.860 Thread 0x000001e5bb0eca00 Thread added: 0x000001e5bce8c650
Event: 8.861 Thread 0x000001e5bb0eca00 Thread added: 0x000001e5bce8b930
Event: 8.861 Thread 0x000001e5bb0eca00 Thread added: 0x000001e5bce891d0
Event: 8.862 Thread 0x000001e5bb0eca00 Thread added: 0x000001e5bce89ef0
Event: 8.862 Thread 0x000001e5bb0eca00 Thread added: 0x000001e5bce8cce0
Event: 8.862 Thread 0x000001e5bb0eca00 Thread added: 0x000001e5bce89860
Event: 8.863 Thread 0x000001e5bb0eca00 Thread added: 0x000001e5bce8d370
Event: 9.877 Thread 0x000001e5b5357dd0 Thread exited: 0x000001e5b5357dd0
Event: 10.131 Thread 0x000001e5b534dd40 Thread added: 0x000001e5be1f90b0


Dynamic libraries:
0x00007ff618a70000 - 0x00007ff618a7a000 	C:\Program Files\Android\Android Studio\jbr\bin\java.exe
0x00007ffae2ea0000 - 0x00007ffae3107000 	C:\WINDOWS\SYSTEM32\ntdll.dll
0x00007ffae0d30000 - 0x00007ffae0df9000 	C:\WINDOWS\System32\KERNEL32.DLL
0x00007ffae06f0000 - 0x00007ffae0adf000 	C:\WINDOWS\System32\KERNELBASE.dll
0x00007ffae0180000 - 0x00007ffae02cb000 	C:\WINDOWS\System32\ucrtbase.dll
0x00007ffad7600000 - 0x00007ffad761b000 	C:\Program Files\Android\Android Studio\jbr\bin\VCRUNTIME140.dll
0x00007ffab2b40000 - 0x00007ffab2b58000 	C:\Program Files\Android\Android Studio\jbr\bin\jli.dll
0x00007ffae2890000 - 0x00007ffae2a55000 	C:\WINDOWS\System32\USER32.dll
0x00007ffac8990000 - 0x00007ffac8c23000 	C:\WINDOWS\WinSxS\amd64_microsoft.windows.common-controls_6595b64144ccf1df_6.0.26100.7309_none_3e05feeae336a044\COMCTL32.dll
0x00007ffae00a0000 - 0x00007ffae00c7000 	C:\WINDOWS\System32\win32u.dll
0x00007ffae2a60000 - 0x00007ffae2b09000 	C:\WINDOWS\System32\msvcrt.dll
0x00007ffae0c40000 - 0x00007ffae0c6b000 	C:\WINDOWS\System32\GDI32.dll
0x00007ffae02d0000 - 0x00007ffae03fc000 	C:\WINDOWS\System32\gdi32full.dll
0x00007ffadfff0000 - 0x00007ffae0093000 	C:\WINDOWS\System32\msvcp_win.dll
0x00007ffae0e00000 - 0x00007ffae0e31000 	C:\WINDOWS\System32\IMM32.DLL
0x00007ffaceca0000 - 0x00007ffacecac000 	C:\Program Files\Android\Android Studio\jbr\bin\vcruntime140_1.dll
0x00007ffa68640000 - 0x00007ffa686cd000 	C:\Program Files\Android\Android Studio\jbr\bin\msvcp140.dll
0x00007ffa56080000 - 0x00007ffa56d0b000 	C:\Program Files\Android\Android Studio\jbr\bin\server\jvm.dll
0x00007ffae0c70000 - 0x00007ffae0d24000 	C:\WINDOWS\System32\ADVAPI32.dll
0x00007ffae15a0000 - 0x00007ffae1646000 	C:\WINDOWS\System32\sechost.dll
0x00007ffae2660000 - 0x00007ffae2778000 	C:\WINDOWS\System32\RPCRT4.dll
0x00007ffae1f20000 - 0x00007ffae1f94000 	C:\WINDOWS\System32\WS2_32.dll
0x00007ffadfe50000 - 0x00007ffadfeae000 	C:\WINDOWS\SYSTEM32\POWRPROF.dll
0x00007ffad0950000 - 0x00007ffad095b000 	C:\WINDOWS\SYSTEM32\VERSION.dll
0x00007ffac3d60000 - 0x00007ffac3d95000 	C:\WINDOWS\SYSTEM32\WINMM.dll
0x00007ffadfe30000 - 0x00007ffadfe44000 	C:\WINDOWS\SYSTEM32\UMPDC.dll
0x00007ffadeda0000 - 0x00007ffadedbb000 	C:\WINDOWS\SYSTEM32\kernel.appcore.dll
0x00007ffac9e60000 - 0x00007ffac9e6a000 	C:\Program Files\Android\Android Studio\jbr\bin\jimage.dll
0x00007ffada650000 - 0x00007ffada892000 	C:\WINDOWS\SYSTEM32\DBGHELP.DLL
0x00007ffae1ff0000 - 0x00007ffae2375000 	C:\WINDOWS\System32\combase.dll
0x00007ffae18e0000 - 0x00007ffae19b6000 	C:\WINDOWS\System32\OLEAUT32.dll
0x00007ffab7170000 - 0x00007ffab71ac000 	C:\WINDOWS\SYSTEM32\dbgcore.DLL
0x00007ffae00d0000 - 0x00007ffae0175000 	C:\WINDOWS\System32\bcryptPrimitives.dll
0x00007ffad9860000 - 0x00007ffad986e000 	C:\Program Files\Android\Android Studio\jbr\bin\instrument.dll
0x00007ffac9b50000 - 0x00007ffac9b70000 	C:\Program Files\Android\Android Studio\jbr\bin\java.dll
0x00007ffac7570000 - 0x00007ffac7588000 	C:\Program Files\Android\Android Studio\jbr\bin\zip.dll
0x00007ffae0e40000 - 0x00007ffae1593000 	C:\WINDOWS\System32\SHELL32.dll
0x00007ffae0400000 - 0x00007ffae056a000 	C:\WINDOWS\System32\wintypes.dll
0x00007ffaddbc0000 - 0x00007ffade41e000 	C:\WINDOWS\SYSTEM32\windows.storage.dll
0x00007ffae17d0000 - 0x00007ffae18c5000 	C:\WINDOWS\System32\SHCORE.dll
0x00007ffae2560000 - 0x00007ffae25c6000 	C:\WINDOWS\System32\shlwapi.dll
0x00007ffadff10000 - 0x00007ffadff39000 	C:\WINDOWS\SYSTEM32\profapi.dll
0x00007ffac7560000 - 0x00007ffac7570000 	C:\Program Files\Android\Android Studio\jbr\bin\net.dll
0x00007ffad1150000 - 0x00007ffad1278000 	C:\WINDOWS\SYSTEM32\WINHTTP.dll
0x00007ffadf310000 - 0x00007ffadf37b000 	C:\WINDOWS\system32\mswsock.dll
0x00007ffac73f0000 - 0x00007ffac7406000 	C:\Program Files\Android\Android Studio\jbr\bin\nio.dll
0x00007ffac4b30000 - 0x00007ffac4b40000 	C:\Program Files\Android\Android Studio\jbr\bin\verify.dll
0x00007ffac9b80000 - 0x00007ffac9ba7000 	C:\Users\Asus\Downloads\gradle\gradle-9.0.0\native\1def1411415f61bf3af743bc5b6707747c0891f09f0c88961ee8f79bc544acac\windows-amd64\native-platform.dll
0x00007ffac4e70000 - 0x00007ffac4ee8000 	C:\Users\Asus\Downloads\gradle\gradle-9.0.0\native\0.2.7\x86_64-windows-gnu\gradle-fileevents.dll
0x00007ffac5590000 - 0x00007ffac5599000 	C:\Program Files\Android\Android Studio\jbr\bin\management.dll
0x00007ffac54e0000 - 0x00007ffac54eb000 	C:\Program Files\Android\Android Studio\jbr\bin\management_ext.dll
0x00007ffae1650000 - 0x00007ffae1658000 	C:\WINDOWS\System32\PSAPI.DLL
0x00007ffade820000 - 0x00007ffade854000 	C:\WINDOWS\SYSTEM32\IPHLPAPI.DLL
0x00007ffae25f0000 - 0x00007ffae25fa000 	C:\WINDOWS\System32\NSI.dll
0x00007ffac5e20000 - 0x00007ffac5e29000 	C:\Program Files\Android\Android Studio\jbr\bin\extnet.dll
0x00007ffadf5d0000 - 0x00007ffadf5eb000 	C:\WINDOWS\SYSTEM32\CRYPTSP.dll
0x00007ffaded00000 - 0x00007ffaded3a000 	C:\WINDOWS\system32\rsaenh.dll
0x00007ffadf3c0000 - 0x00007ffadf3eb000 	C:\WINDOWS\SYSTEM32\USERENV.dll
0x00007ffadfee0000 - 0x00007ffadff0a000 	C:\WINDOWS\SYSTEM32\bcrypt.dll
0x00007ffadf5f0000 - 0x00007ffadf5fc000 	C:\WINDOWS\SYSTEM32\CRYPTBASE.dll
0x00007ffa76600000 - 0x00007ffa76608000 	C:\WINDOWS\system32\wshunix.dll

dbghelp: loaded successfully - version: 4.0.5 - missing functions: none
symbol engine: initialized successfully - sym options: 0x614 - pdb path: .;C:\Program Files\Android\Android Studio\jbr\bin;C:\WINDOWS\SYSTEM32;C:\WINDOWS\WinSxS\amd64_microsoft.windows.common-controls_6595b64144ccf1df_6.0.26100.7309_none_3e05feeae336a044;C:\Program Files\Android\Android Studio\jbr\bin\server;C:\Users\Asus\Downloads\gradle\gradle-9.0.0\native\1def1411415f61bf3af743bc5b6707747c0891f09f0c88961ee8f79bc544acac\windows-amd64;C:\Users\Asus\Downloads\gradle\gradle-9.0.0\native\0.2.7\x86_64-windows-gnu

VM Arguments:
jvm_args: --add-opens=java.base/java.lang=ALL-UNNAMED --add-opens=java.base/java.lang.invoke=ALL-UNNAMED --add-opens=java.base/java.util=ALL-UNNAMED --add-opens=java.prefs/java.util.prefs=ALL-UNNAMED --add-exports=jdk.compiler/com.sun.tools.javac.api=ALL-UNNAMED --add-exports=jdk.compiler/com.sun.tools.javac.util=ALL-UNNAMED --add-opens=java.base/java.util=ALL-UNNAMED --add-opens=java.prefs/java.util.prefs=ALL-UNNAMED --add-opens=java.base/java.nio.charset=ALL-UNNAMED --add-opens=java.base/java.net=ALL-UNNAMED --add-opens=java.base/java.util.concurrent.atomic=ALL-UNNAMED --add-opens=java.xml/javax.xml.namespace=ALL-UNNAMED -Xmx2048m -Dfile.encoding=UTF-8 -Duser.country=US -Duser.language=en -Duser.variant -javaagent:C:\Users\Asus\Downloads\gradle\gradle-9.0.0\wrapper\dists\gradle-8.13-bin\5xuhj0ry160q40clulazy9h7d\gradle-8.13\lib\agents\gradle-instrumentation-agent-8.13.jar 
java_command: org.gradle.launcher.daemon.bootstrap.GradleDaemon 8.13
java_class_path (initial): C:\Users\Asus\Downloads\gradle\gradle-9.0.0\wrapper\dists\gradle-8.13-bin\5xuhj0ry160q40clulazy9h7d\gradle-8.13\lib\gradle-daemon-main-8.13.jar
Launcher Type: SUN_STANDARD

[Global flags]
     intx CICompilerCount                          = 4                                         {product} {ergonomic}
     uint ConcGCThreads                            = 2                                         {product} {ergonomic}
     uint G1ConcRefinementThreads                  = 8                                         {product} {ergonomic}
   size_t G1HeapRegionSize                         = 1048576                                   {product} {ergonomic}
    uintx GCDrainStackTargetSize                   = 64                                        {product} {ergonomic}
   size_t InitialHeapSize                          = 132120576                                 {product} {ergonomic}
   size_t MarkStackSize                            = 4194304                                   {product} {ergonomic}
   size_t MaxHeapSize                              = 2147483648                                {product} {command line}
   size_t MaxNewSize                               = 1287651328                                {product} {ergonomic}
   size_t MinHeapDeltaBytes                        = 1048576                                   {product} {ergonomic}
   size_t MinHeapSize                              = 8388608                                   {product} {ergonomic}
    uintx NonNMethodCodeHeapSize                   = 5839372                                {pd product} {ergonomic}
    uintx NonProfiledCodeHeapSize                  = 122909434                              {pd product} {ergonomic}
    uintx ProfiledCodeHeapSize                     = 122909434                              {pd product} {ergonomic}
    uintx ReservedCodeCacheSize                    = 251658240                              {pd product} {ergonomic}
     bool SegmentedCodeCache                       = true                                      {product} {ergonomic}
   size_t SoftMaxHeapSize                          = 2147483648                             {manageable} {ergonomic}
     bool UseCompressedOops                        = true                           {product lp64_product} {ergonomic}
     bool UseG1GC                                  = true                                      {product} {ergonomic}
     bool UseLargePagesIndividualAllocation        = false                                  {pd product} {ergonomic}

Logging:
Log output configuration:
 #0: stdout all=warning uptime,level,tags foldmultilines=false
 #1: stderr all=off uptime,level,tags foldmultilines=false

Environment Variables:
PATH=C:\Program Files\Common Files\Oracle\Java\javapath;C:\Python312\Scripts\;C:\Python312\;C:\Windows\system32;C:\Windows;C:\Windows\System32\Wbem;C:\Windows\System32\WindowsPowerShell\v1.0\;C:\Windows\System32\OpenSSH\;C:\Program Files (x86)\NVIDIA Corporation\PhysX\Common;C:\WINDOWS\system32;C:\WINDOWS;C:\WINDOWS\System32\Wbem;C:\WINDOWS\System32\WindowsPowerShell\v1.0\;C:\WINDOWS\System32\OpenSSH\;C:\php-8.3.9;C:\Program Files\nodejs\;C:\laragon\bin\nodejs\node-v20.15.1-win-x64;C:\ProgramData\chocolatey\bin;C:\composer;C:\Program Files\Git\cmd;C:\Program Files\Java\jdk-22\bin;C:\Program Files\Dart\dart-sdk\bin;C:\src\flutter\bin;C:\Dart\dart-sdk\bin;C:\gradle-9.0.0\bin;C:\Users\Asus\AppData\Local\Microsoft\WindowsApps;C:\Users\Asus\AppData\Local\Programs\Microsoft VS Code\bin;C:\Users\Asus\AppData\Roaming\npm;C:\Users\Asus\AppData\Roaming\Composer\vendor\bin;C:\src\flutter\bin;C:\Dart\dart-sdk\bin;
USERNAME=Asus
OS=Windows_NT
PROCESSOR_IDENTIFIER=Intel64 Family 6 Model 142 Stepping 12, GenuineIntel
TMP=C:\Users\Asus\AppData\Local\Temp
TEMP=C:\Users\Asus\AppData\Local\Temp




Periodic native trim disabled

JNI global refs:
JNI global refs: 27, weak refs: 0

JNI global refs memory usage: 835, weak refs: 833

Process memory usage:
Resident Set Size: 401232K (4% of 8182576K total physical memory with 804368K free physical memory)

OOME stack traces (most recent first):
Classloader memory used:
Loader org.gradle.internal.classloader.VisitableURLClassLoader                         : 37359K
Loader bootstrap                                                                       : 23605K
Loader org.gradle.initialization.MixInLegacyTypesClassLoader                           : 10879K
Loader org.gradle.internal.classloader.VisitableURLClassLoader$InstrumentingVisitableURLClassLoader: 4488K
Loader org.gradle.internal.classloader.VisitableURLClassLoader                         : 947K
Loader jdk.internal.loader.ClassLoaders$PlatformClassLoader                            : 497K
Loader jdk.internal.reflect.DelegatingClassLoader                                      : 274K
Loader jdk.internal.loader.ClassLoaders$AppClassLoader                                 : 235K
Loader org.gradle.groovy.scripts.internal.DefaultScriptCompilationHandler$ScriptClassLoader: 90792B
Loader org.codehaus.groovy.runtime.callsite.CallSiteClassLoader                        : 48680B

Classes loaded by more than one classloader:
Class Program                                                                         : loaded 4 times (x 70B)
Class org.gradle.api.GradleException                                                  : loaded 3 times (x 78B)
Class org.gradle.internal.classloader.FilteringClassLoader                            : loaded 2 times (x 101B)
Class org.gradle.internal.classloader.ClassLoaderHierarchy                            : loaded 2 times (x 66B)
Class com.google.common.collect.ImmutableList$1                                       : loaded 2 times (x 93B)
Class org.gradle.api.internal.classpath.ManifestUtil                                  : loaded 2 times (x 67B)
Class com.google.common.collect.RegularImmutableMap                                   : loaded 2 times (x 117B)
Class com.google.common.collect.ImmutableMap$MapViewOfValuesAsSingletonSets           : loaded 2 times (x 122B)
Class org.jetbrains.plugins.gradle.model.GradleExtensions                             : loaded 2 times (x 66B)
Class org.jetbrains.plugins.gradle.model.AnnotationProcessingModel                    : loaded 2 times (x 66B)
Class com.google.common.collect.UnmodifiableListIterator                              : loaded 2 times (x 91B)
Class org.gradle.internal.operations.MultipleBuildOperationFailures                   : loaded 2 times (x 91B)
Class org.gradle.internal.classloader.DefaultClassLoaderFactory                       : loaded 2 times (x 78B)
Class kotlin.collections.AbstractList$Companion                                       : loaded 2 times (x 67B)
Class org.gradle.internal.classloader.ClassLoaderVisitor                              : loaded 2 times (x 72B)
Class [Lcom.google.common.collect.ImmutableMapEntry;                                  : loaded 2 times (x 65B)
Class org.gradle.api.internal.classpath.EffectiveClassPath                            : loaded 2 times (x 86B)
Class com.google.common.collect.ImmutableEnumMap                                      : loaded 2 times (x 122B)
Class org.gradle.tooling.internal.gradle.DefaultProjectIdentifier                     : loaded 2 times (x 82B)
Class org.gradle.api.internal.DefaultClassPathProvider                                : loaded 2 times (x 72B)
Class [Lorg.gradle.api.internal.ClassPathProvider;                                    : loaded 2 times (x 65B)
Class org.gradle.api.internal.ClassPathProvider                                       : loaded 2 times (x 66B)
Class org.gradle.internal.service.UnknownServiceException                             : loaded 2 times (x 79B)
Class org.jetbrains.kotlin.idea.gradleTooling.KotlinDslScriptAdditionalTask           : loaded 2 times (x 66B)
Class com.google.common.collect.MapDifference                                         : loaded 2 times (x 66B)
Class org.gradle.internal.classpath.TransformedClassPath                              : loaded 2 times (x 92B)
Class org.gradle.internal.classloader.InstrumentingClassLoader                        : loaded 2 times (x 66B)
Class com.google.common.collect.Iterators$ArrayItr                                    : loaded 2 times (x 93B)
Class com.google.common.collect.ImmutableCollection$Builder                           : loaded 2 times (x 72B)
Class kotlin.enums.EnumEntriesList                                                    : loaded 2 times (x 219B)
Class com.google.common.collect.UnmodifiableIterator                                  : loaded 2 times (x 76B)
Class org.jetbrains.kotlin.idea.gradleTooling.KotlinSourceSetContainer                : loaded 2 times (x 66B)
Class kotlin.NotImplementedError                                                      : loaded 2 times (x 78B)
Class org.gradle.internal.service.ServiceLocator                                      : loaded 2 times (x 66B)
Class com.google.common.collect.AbstractMapEntry                                      : loaded 2 times (x 77B)
Class org.gradle.tooling.model.UnsupportedMethodException                             : loaded 2 times (x 78B)
Class com.google.common.collect.RegularImmutableAsList                                : loaded 2 times (x 213B)
Class com.google.common.collect.Iterators                                             : loaded 2 times (x 67B)
Class com.intellij.compose.ide.plugin.gradleTooling.rt.ComposeResourcesModel          : loaded 2 times (x 66B)
Class org.gradle.kotlin.dsl.VersionCatalogAccessorsKt                                 : loaded 2 times (x 67B)
Class org.gradle.internal.InternalTransformer                                         : loaded 2 times (x 66B)
Class org.gradle.internal.time.DefaultTimer                                           : loaded 2 times (x 76B)
Class org.gradle.internal.classloader.ClasspathUtil$1                                 : loaded 2 times (x 72B)
Class com.google.common.collect.IndexedImmutableSet                                   : loaded 2 times (x 148B)
Class com.google.common.collect.ImmutableMap$1                                        : loaded 2 times (x 77B)
Class com.google.common.collect.BiMap                                                 : loaded 2 times (x 66B)
Class org.gradle.api.internal.classpath.DefaultModuleRegistry$DefaultModule           : loaded 2 times (x 82B)
Class com.google.common.collect.AbstractIterator                                      : loaded 2 times (x 78B)
Class com.google.common.collect.AbstractIndexedListIterator                           : loaded 2 times (x 92B)
Class com.google.common.math.MathPreconditions                                        : loaded 2 times (x 67B)
Class org.gradle.internal.time.DefaultCountdownTimer                                  : loaded 2 times (x 84B)
Class com.google.common.collect.ImmutableMapEntrySet                                  : loaded 2 times (x 148B)
Class org.gradle.tooling.internal.gradle.DefaultBuildIdentifier                       : loaded 2 times (x 75B)
Class kotlin.Function                                                                 : loaded 2 times (x 66B)
Class org.gradle.api.internal.classpath.Module                                        : loaded 2 times (x 66B)
Class org.gradle.api.internal.classpath.UnknownModuleException                        : loaded 2 times (x 78B)
Class com.intellij.openapi.externalSystem.model.project.dependencies.ProjectDependencies: loaded 2 times (x 66B)
Class com.google.common.collect.ImmutableMap$Builder                                  : loaded 2 times (x 78B)
Class org.gradle.tooling.internal.gradle.GradleProjectIdentity                        : loaded 2 times (x 66B)
Class org.gradle.api.internal.DefaultClassPathRegistry                                : loaded 2 times (x 72B)
Class org.gradle.api.internal.ClassPathRegistry                                       : loaded 2 times (x 66B)
Class org.gradle.internal.classpath.DefaultClassPath$ImmutableUniqueList              : loaded 2 times (x 195B)
Class com.google.common.collect.SingletonImmutableList                                : loaded 2 times (x 203B)
Class org.jetbrains.plugins.gradle.model.IntelliJSettings                             : loaded 2 times (x 66B)
Class Settings_gradle$1                                                               : loaded 2 times (x 70B)
Class org.gradle.internal.classpath.ClassPath                                         : loaded 2 times (x 66B)
Class org.gradle.api.UncheckedIOException                                             : loaded 2 times (x 78B)
Class com.google.common.collect.ImmutableList$ReverseImmutableList                    : loaded 2 times (x 205B)
Class org.jetbrains.kotlin.idea.gradleTooling.KotlinGradleModel                       : loaded 2 times (x 66B)
Class com.google.common.collect.Iterators$1                                           : loaded 2 times (x 77B)
Class org.gradle.tooling.model.Model                                                  : loaded 2 times (x 66B)
Class com.google.common.collect.SingletonImmutableSet                                 : loaded 2 times (x 142B)
Class com.google.common.collect.ImmutableMap$IteratorBasedImmutableMap                : loaded 2 times (x 122B)
Class kotlin.UninitializedPropertyAccessException                                     : loaded 2 times (x 78B)
Class org.jetbrains.plugins.gradle.model.IntelliJProjectSettings                      : loaded 2 times (x 66B)
Class com.google.common.collect.Iterators$4                                           : loaded 2 times (x 78B)
Class com.google.common.collect.ImmutableBiMap                                        : loaded 2 times (x 139B)
Class org.gradle.internal.installation.GradleInstallation$1                           : loaded 2 times (x 71B)
Class org.gradle.api.internal.classpath.ModuleRegistry                                : loaded 2 times (x 66B)
Class com.google.common.collect.Iterators$5                                           : loaded 2 times (x 78B)
Class com.google.common.collect.ImmutableSet$JdkBackedSetBuilderImpl                  : loaded 2 times (x 72B)
Class org.jetbrains.plugins.gradle.model.VersionCatalogsModel                         : loaded 2 times (x 66B)
Class com.google.common.collect.ImmutableCollection                                   : loaded 2 times (x 121B)
Class org.gradle.api.internal.classpath.DefaultModuleRegistry                         : loaded 2 times (x 82B)
Class com.google.common.base.Converter                                                : loaded 2 times (x 86B)
Class com.google.common.collect.ImmutableSet$CachingAsList                            : loaded 2 times (x 144B)
Class com.google.common.collect.Iterators$9                                           : loaded 2 times (x 77B)
Class com.google.common.collect.ImmutableAsList                                       : loaded 2 times (x 205B)
Class com.google.common.collect.Maps$EntryTransformer                                 : loaded 2 times (x 66B)
Class sync_studio_tooling10_7s9exvt57ovd3xrdlxtlfncn3                                 : loaded 2 times (x 175B)
Class org.gradle.internal.time.MonotonicClock                                         : loaded 2 times (x 73B)
Class org.gradle.internal.service.ServiceLookupException                              : loaded 2 times (x 78B)
Class org.gradle.internal.classloader.ClassLoaderFactory                              : loaded 2 times (x 66B)
Class org.gradle.internal.service.CachingServiceLocator                               : loaded 2 times (x 78B)
Class com.google.common.math.IntMath                                                  : loaded 2 times (x 67B)
Class org.jetbrains.plugins.gradle.model.RepositoryModels                             : loaded 2 times (x 66B)
Class com.google.common.collect.ImmutableMapEntry                                     : loaded 2 times (x 81B)
Class org.gradle.internal.time.TimeSource                                             : loaded 2 times (x 66B)
Class com.google.common.base.Function                                                 : loaded 2 times (x 66B)
Class com.google.common.collect.ImmutableMapEntry$NonTerminalImmutableMapEntry        : loaded 2 times (x 81B)
Class org.gradle.tooling.internal.gradle.GradleBuildIdentity                          : loaded 2 times (x 66B)
Class kotlin.enums.EnumEntries                                                        : loaded 2 times (x 66B)
Class com.google.common.collect.RegularImmutableList                                  : loaded 2 times (x 209B)
Class org.gradle.internal.exceptions.ResolutionProvider                               : loaded 2 times (x 66B)
Class org.gradle.tooling.model.ProjectIdentifier                                      : loaded 2 times (x 66B)
Class org.gradle.internal.classloader.ClasspathUtil                                   : loaded 2 times (x 67B)
Class com.google.common.collect.Maps                                                  : loaded 2 times (x 67B)
Class org.gradle.internal.time.TimeSource$1                                           : loaded 2 times (x 73B)
Class kotlin.jvm.internal.DefaultConstructorMarker                                    : loaded 2 times (x 67B)
Class org.gradle.api.specs.Spec                                                       : loaded 2 times (x 66B)
Class [Lcom.google.common.collect.ImmutableEntry;                                     : loaded 2 times (x 65B)
Class Build_gradle$1                                                                  : loaded 2 times (x 74B)
Class org.gradle.internal.time.Clock                                                  : loaded 2 times (x 66B)
Class com.google.common.collect.Maps$8                                                : loaded 2 times (x 78B)
Class kotlin.collections.AbstractList                                                 : loaded 2 times (x 193B)
Class kotlin.collections.AbstractCollection                                           : loaded 2 times (x 113B)
Class org.gradle.internal.classloader.VisitableURLClassLoader$InstrumentingVisitableURLClassLoader: loaded 2 times (x 119B)
Class com.google.common.math.IntMath$1                                                : loaded 2 times (x 67B)
Class org.gradle.internal.classloader.VisitableURLClassLoader$Spec                    : loaded 2 times (x 70B)
Class org.gradle.internal.classpath.DefaultClassPath                                  : loaded 2 times (x 86B)
Class com.google.common.collect.RegularImmutableMap$Values                            : loaded 2 times (x 203B)
Class com.google.common.collect.ImmutableSet                                          : loaded 2 times (x 141B)
Class org.gradle.internal.classloader.ClassLoaderSpec                                 : loaded 2 times (x 67B)
Class Settings_gradle$1$1                                                             : loaded 2 times (x 70B)
Class kotlin.Unit                                                                     : loaded 2 times (x 67B)
Class org.gradle.internal.classloader.VisitableURLClassLoader                         : loaded 2 times (x 113B)
Class Settings_gradle                                                                 : loaded 2 times (x 124B)
Class org.gradle.internal.Cast                                                        : loaded 2 times (x 67B)
Class org.gradle.api.Action                                                           : loaded 2 times (x 66B)
Class ijInit2_dfp6dzo1uw4j32ye4gz0i92sw                                               : loaded 2 times (x 175B)
Class kotlin.jvm.functions.Function1                                                  : loaded 2 times (x 66B)
Class com.google.common.collect.ImmutableMap                                          : loaded 2 times (x 116B)
Class org.gradle.internal.classpath.DefaultClassPath$ImmutableUniqueList$Builder      : loaded 2 times (x 71B)
Class [Lcom.google.common.collect.AbstractMapEntry;                                   : loaded 2 times (x 65B)
Class com.google.common.collect.ImmutableEntry                                        : loaded 2 times (x 78B)
Class com.google.common.collect.RegularImmutableMap$KeySet                            : loaded 2 times (x 148B)
Class org.gradle.internal.exceptions.NonGradleCauseExceptionsHolder                   : loaded 2 times (x 66B)
Class com.google.common.collect.CollectPreconditions                                  : loaded 2 times (x 67B)
Class com.google.common.collect.SortedMapDifference                                   : loaded 2 times (x 66B)
Class org.jetbrains.plugins.gradle.tooling.ModelBuilderService$Parameter              : loaded 2 times (x 66B)
Class kotlin.enums.EnumEntriesKt                                                      : loaded 2 times (x 67B)
Class org.gradle.internal.IoActions                                                   : loaded 2 times (x 67B)
Class com.google.common.collect.ImmutableSet$RegularSetBuilderImpl                    : loaded 2 times (x 73B)
Class org.gradle.internal.classloader.SystemClassLoaderSpec                           : loaded 2 times (x 67B)
Class org.gradle.internal.exceptions.MultiCauseException                              : loaded 2 times (x 66B)
Class org.gradle.internal.time.CountdownTimer                                         : loaded 2 times (x 66B)
Class kotlin.jvm.internal.Intrinsics                                                  : loaded 2 times (x 67B)
Class com.google.common.collect.RegularImmutableMap$BucketOverflowException           : loaded 2 times (x 78B)
Class org.gradle.tooling.model.ProjectModel                                           : loaded 2 times (x 66B)
Class kotlin.KotlinNullPointerException                                               : loaded 2 times (x 79B)
Class org.jetbrains.plugins.gradle.model.tests.ExternalTestsModel                     : loaded 2 times (x 66B)
Class org.gradle.internal.exceptions.DefaultMultiCauseException                       : loaded 2 times (x 91B)
Class com.google.common.collect.Hashing                                               : loaded 2 times (x 67B)
Class com.google.common.base.Preconditions                                            : loaded 2 times (x 67B)
Class com.google.common.collect.PeekingIterator                                       : loaded 2 times (x 66B)
Class org.gradle.internal.time.Time                                                   : loaded 2 times (x 67B)
Class org.jetbrains.plugins.gradle.model.DependencyAccessorsModel                     : loaded 2 times (x 66B)
Class org.gradle.api.internal.classpath.GlobalCacheRootsProvider                      : loaded 2 times (x 66B)
Class com.google.common.collect.Maps$BiMapConverter                                   : loaded 2 times (x 86B)
Class com.google.common.collect.ImmutableMapEntrySet$RegularEntrySet                  : loaded 2 times (x 148B)
Class org.jetbrains.kotlin.idea.gradleTooling.KotlinMPPGradleModel                    : loaded 2 times (x 66B)
Class org.gradle.tooling.model.BuildIdentifier                                        : loaded 2 times (x 66B)
Class com.google.common.collect.ImmutableSet$Builder                                  : loaded 2 times (x 81B)
Class org.jetbrains.kotlin.idea.gradleTooling.PrepareKotlinIdeImportTaskModel         : loaded 2 times (x 66B)
Class Build_gradle                                                                    : loaded 2 times (x 68B)
Class org.gradle.internal.time.Timer                                                  : loaded 2 times (x 66B)
Class kotlin.jvm.internal.markers.KMappedMarker                                       : loaded 2 times (x 66B)
Class org.gradle.internal.installation.CurrentGradleInstallationLocator               : loaded 2 times (x 67B)
Class com.google.common.collect.ImmutableSet$EmptySetBuilderImpl                      : loaded 2 times (x 72B)
Class com.google.common.collect.ImmutableList                                         : loaded 2 times (x 202B)
Class org.gradle.internal.service.DefaultServiceLocator                               : loaded 2 times (x 79B)
Class com.google.common.collect.ImmutableSet$SetBuilderImpl                           : loaded 2 times (x 72B)
Class org.gradle.util.GradleVersion                                                   : loaded 2 times (x 75B)
Class org.gradle.internal.installation.CurrentGradleInstallation                      : loaded 2 times (x 69B)
Class com.google.common.collect.ImmutableList$SubList                                 : loaded 2 times (x 205B)
Class org.jetbrains.plugins.gradle.javaModel.JavaGradleManifestModel                  : loaded 2 times (x 66B)
Class org.gradle.util.internal.GUtil                                                  : loaded 2 times (x 67B)
Class com.google.common.collect.Iterators$MergingIterator                             : loaded 2 times (x 77B)
Class com.google.common.collect.RegularImmutableSet                                   : loaded 2 times (x 145B)
Class org.gradle.internal.installation.GradleInstallation                             : loaded 2 times (x 71B)
Class com.google.common.collect.Iterables                                             : loaded 2 times (x 67B)

---------------  S Y S T E M  ---------------

OS:
 Windows 11 , 64 bit Build 26100 (10.0.26100.7309)
OS uptime: 0 days 5:16 hours
Hyper-V role detected

CPU: total 8 (initial active 8) (4 cores per cpu, 2 threads per core) family 6 model 142 stepping 12 microcode 0xde, cx8, cmov, fxsr, ht, mmx, 3dnowpref, sse, sse2, sse3, ssse3, sse4.1, sse4.2, popcnt, lzcnt, tsc, tscinvbit, avx, avx2, aes, erms, clmul, bmi1, bmi2, adx, fma, vzeroupper, clflush, clflushopt, hv, rdtscp, f16c
Processor Information for the first 8 processors :
  Max Mhz: 2304, Current Mhz: 1803, Mhz Limit: 1797

Memory: 4k page, system-wide physical 7990M (785M free)
TotalPageFile size 16182M (AvailPageFile size 23M)
current process WorkingSet (physical memory assigned to process): 392M, peak: 406M
current process commit charge ("private bytes"): 430M, peak: 583M

vm_info: OpenJDK 64-Bit Server VM (21.0.6+-13391695-b895.109) for windows-amd64 JRE (21.0.6+-13391695-b895.109), built on 2025-04-22T21:19:17Z by "builder" with MS VC++ 16.10 / 16.11 (VS2019)

END.
