#
# There is insufficient memory for the Java Runtime Environment to continue.
# Native memory allocation (malloc) failed to allocate 1142336 bytes. Error detail: Chunk::new
# Possible reasons:
#   The system is out of physical RAM or swap space
#   This process is running with CompressedOops enabled, and the Java Heap may be blocking the growth of the native heap
# Possible solutions:
#   Reduce memory load on the system
#   Increase physical memory or swap space
#   Check if swap backing store is full
#   Decrease Java heap size (-Xmx/-Xms)
#   Decrease number of Java threads
#   Decrease Java thread stack sizes (-Xss)
#   Set larger code cache with -XX:ReservedCodeCacheSize=
#   JVM is running with Unscaled Compressed Oops mode in which the Java heap is
#     placed in the first 4GB address space. The Java Heap base address is the
#     maximum limit for the native heap growth. Please use -XX:HeapBaseMinAddress
#     to set the Java Heap base and to place the Java Heap above 4GB virtual address.
# This output file may be truncated or incomplete.
#
#  Out of Memory Error (arena.cpp:168), pid=10364, tid=2628
#
# JRE version: OpenJDK Runtime Environment (21.0.6) (build 21.0.6+-13391695-b895.109)
# Java VM: OpenJDK 64-Bit Server VM (21.0.6+-13391695-b895.109, mixed mode, tiered, compressed oops, compressed class ptrs, g1 gc, windows-amd64)
# No core dump will be written. Minidumps are not enabled by default on client versions of Windows
#

---------------  S U M M A R Y ------------

Command Line: --add-opens=java.base/java.lang=ALL-UNNAMED --add-opens=java.base/java.lang.invoke=ALL-UNNAMED --add-opens=java.base/java.util=ALL-UNNAMED --add-opens=java.prefs/java.util.prefs=ALL-UNNAMED --add-exports=jdk.compiler/com.sun.tools.javac.api=ALL-UNNAMED --add-exports=jdk.compiler/com.sun.tools.javac.util=ALL-UNNAMED --add-opens=java.base/java.util=ALL-UNNAMED --add-opens=java.prefs/java.util.prefs=ALL-UNNAMED --add-opens=java.base/java.nio.charset=ALL-UNNAMED --add-opens=java.base/java.net=ALL-UNNAMED --add-opens=java.base/java.util.concurrent.atomic=ALL-UNNAMED --add-opens=java.xml/javax.xml.namespace=ALL-UNNAMED -Xmx2048m -Dfile.encoding=UTF-8 -Duser.country=US -Duser.language=en -Duser.variant -javaagent:C:\Users\Asus\.gradle\wrapper\dists\gradle-8.13-bin\5xuhj0ry160q40clulazy9h7d\gradle-8.13\lib\agents\gradle-instrumentation-agent-8.13.jar org.gradle.launcher.daemon.bootstrap.GradleDaemon 8.13

Host: Intel(R) Core(TM) i7-10510U CPU @ 1.80GHz, 8 cores, 7G,  Windows 11 , 64 bit Build 26100 (10.0.26100.7019)
Time: Tue Dec  2 13:58:51 2025 SE Asia Standard Time elapsed time: 22.388606 seconds (0d 0h 0m 22s)

---------------  T H R E A D  ---------------

Current thread (0x000001f13b9de160):  JavaThread "C2 CompilerThread0" daemon [_thread_in_native, id=2628, stack(0x0000009709a00000,0x0000009709b00000) (1024K)]


Current CompileTask:
C2:22388 11660 %     4       org.gradle.internal.instantiation.generator.AbstractClassGenerator::inspectType @ 429 (602 bytes)

Stack: [0x0000009709a00000,0x0000009709b00000]
Native frames: (J=compiled Java code, j=interpreted, Vv=VM code, C=native code)
V  [jvm.dll+0x6d0639]
V  [jvm.dll+0x85eb03]
V  [jvm.dll+0x86105e]
V  [jvm.dll+0x861743]
V  [jvm.dll+0x27e6e6]
V  [jvm.dll+0xbff6d]
V  [jvm.dll+0xc04a3]
V  [jvm.dll+0x2f2780]
V  [jvm.dll+0x5fa409]
V  [jvm.dll+0x250d92]
V  [jvm.dll+0x2496da]
V  [jvm.dll+0x24714e]
V  [jvm.dll+0x1c5f04]
V  [jvm.dll+0x2569ac]
V  [jvm.dll+0x254ef6]
V  [jvm.dll+0x3f0e96]
V  [jvm.dll+0x806ed8]
V  [jvm.dll+0x6cef0d]
C  [ucrtbase.dll+0x37b0]
C  [KERNEL32.DLL+0x2e8d7]
C  [ntdll.dll+0x8c53c]


---------------  P R O C E S S  ---------------

Threads class SMR info:
_java_thread_list=0x000001f1474739c0, length=93, elements={
0x000001f12411ffa0, 0x000001f13b9cd7e0, 0x000001f13b9ce230, 0x000001f13b9d0270,
0x000001f13b9ee350, 0x000001f13b9ef910, 0x000001f13b9dc590, 0x000001f13b9de160,
0x000001f13b9dfb70, 0x000001f13bb32750, 0x000001f13bced990, 0x000001f14198a070,
0x000001f14180e190, 0x000001f14187fbf0, 0x000001f1418f1f00, 0x000001f1418fa620,
0x000001f141b97480, 0x000001f141b9f3a0, 0x000001f141877c20, 0x000001f141879660,
0x000001f1418782b0, 0x000001f141876f00, 0x000001f141878940, 0x000001f141877590,
0x000001f141876870, 0x000001f1433cd760, 0x000001f1433ca2e0, 0x000001f1433cddf0,
0x000001f1433ca970, 0x000001f1433cbd20, 0x000001f1433cc3b0, 0x000001f1433cb000,
0x000001f1433ce480, 0x000001f1433ceb10, 0x000001f1433cb690, 0x000001f1433cf1a0,
0x000001f1433d0550, 0x000001f1433cd0d0, 0x000001f1433d1900, 0x000001f144378c50,
0x000001f14437a000, 0x000001f14437a690, 0x000001f14437ad20, 0x000001f14437b3b0,
0x000001f14437ba40, 0x000001f1443785c0, 0x000001f14437eec0, 0x000001f14437f550,
0x000001f14437db10, 0x000001f14437e1a0, 0x000001f14437e830, 0x000001f14437c0d0,
0x000001f14437fbe0, 0x000001f14437cdf0, 0x000001f14437c760, 0x000001f14437d480,
0x000001f1453f3700, 0x000001f1453f3d90, 0x000001f141d6ae20, 0x000001f141d6c1d0,
0x000001f141d6b4b0, 0x000001f141d6a100, 0x000001f141d693e0, 0x000001f141d6a790,
0x000001f141d68d50, 0x000001f141d6c860, 0x000001f141d6cef0, 0x000001f141d69a70,
0x000001f141d6dc10, 0x000001f141d70370, 0x000001f141d6d580, 0x000001f141d6e2a0,
0x000001f141d6fce0, 0x000001f141d6e930, 0x000001f141d6efc0, 0x000001f141d6f650,
0x000001f1453f5e60, 0x000001f1452fb8b0, 0x000001f1452fb220, 0x000001f1452f9e70,
0x000001f14434bb60, 0x000001f14434efe0, 0x000001f143110210, 0x000001f143125e00,
0x000001f14312b350, 0x000001f143129fa0, 0x000001f14312c070, 0x000001f14312c700,
0x000001f14312a630, 0x000001f14312acc0, 0x000001f140ff7980, 0x000001f140ff93c0,
0x000001f140ff6c60
}

Java Threads: ( => current thread )
  0x000001f12411ffa0 JavaThread "main"                              [_thread_blocked, id=3680, stack(0x0000009708c00000,0x0000009708d00000) (1024K)]
  0x000001f13b9cd7e0 JavaThread "Reference Handler"          daemon [_thread_blocked, id=13584, stack(0x0000009709400000,0x0000009709500000) (1024K)]
  0x000001f13b9ce230 JavaThread "Finalizer"                  daemon [_thread_blocked, id=2396, stack(0x0000009709500000,0x0000009709600000) (1024K)]
  0x000001f13b9d0270 JavaThread "Signal Dispatcher"          daemon [_thread_blocked, id=2600, stack(0x0000009709600000,0x0000009709700000) (1024K)]
  0x000001f13b9ee350 JavaThread "Attach Listener"            daemon [_thread_blocked, id=7608, stack(0x0000009709700000,0x0000009709800000) (1024K)]
  0x000001f13b9ef910 JavaThread "Service Thread"             daemon [_thread_blocked, id=4616, stack(0x0000009709800000,0x0000009709900000) (1024K)]
  0x000001f13b9dc590 JavaThread "Monitor Deflation Thread"   daemon [_thread_blocked, id=21148, stack(0x0000009709900000,0x0000009709a00000) (1024K)]
=>0x000001f13b9de160 JavaThread "C2 CompilerThread0"         daemon [_thread_in_native, id=2628, stack(0x0000009709a00000,0x0000009709b00000) (1024K)]
  0x000001f13b9dfb70 JavaThread "C1 CompilerThread0"         daemon [_thread_in_vm, id=14156, stack(0x0000009709b00000,0x0000009709c00000) (1024K)]
  0x000001f13bb32750 JavaThread "Common-Cleaner"             daemon [_thread_blocked, id=1972, stack(0x0000009709c00000,0x0000009709d00000) (1024K)]
  0x000001f13bced990 JavaThread "Notification Thread"        daemon [_thread_blocked, id=5688, stack(0x0000009709d00000,0x0000009709e00000) (1024K)]
  0x000001f14198a070 JavaThread "Daemon health stats"               [_thread_blocked, id=16820, stack(0x000000970a500000,0x000000970a600000) (1024K)]
  0x000001f14180e190 JavaThread "Incoming local TCP Connector on port 54157"        [_thread_in_native, id=11736, stack(0x000000970a600000,0x000000970a700000) (1024K)]
  0x000001f14187fbf0 JavaThread "Daemon periodic checks"            [_thread_blocked, id=11256, stack(0x000000970a700000,0x000000970a800000) (1024K)]
  0x000001f1418f1f00 JavaThread "Daemon"                            [_thread_blocked, id=5656, stack(0x000000970a800000,0x000000970a900000) (1024K)]
  0x000001f1418fa620 JavaThread "Handler for socket connection from /127.0.0.1:54157 to /127.0.0.1:54158"        [_thread_in_native, id=11448, stack(0x000000970a900000,0x000000970aa00000) (1024K)]
  0x000001f141b97480 JavaThread "Cancel handler"                    [_thread_blocked, id=7196, stack(0x000000970aa00000,0x000000970ab00000) (1024K)]
  0x000001f141b9f3a0 JavaThread "Daemon worker"                     [_thread_in_Java, id=6716, stack(0x000000970ab00000,0x000000970ac00000) (1024K)]
  0x000001f141877c20 JavaThread "Asynchronous log dispatcher for DefaultDaemonConnection: socket connection from /127.0.0.1:54157 to /127.0.0.1:54158"        [_thread_blocked, id=13752, stack(0x000000970ac00000,0x000000970ad00000) (1024K)]
  0x000001f141879660 JavaThread "Stdin handler"                     [_thread_blocked, id=11060, stack(0x000000970ad00000,0x000000970ae00000) (1024K)]
  0x000001f1418782b0 JavaThread "Daemon client event forwarder"        [_thread_blocked, id=3688, stack(0x000000970ae00000,0x000000970af00000) (1024K)]
  0x000001f141876f00 JavaThread "Cache worker for journal cache (C:\Users\Asus\.gradle\caches\journal-1)"        [_thread_blocked, id=13032, stack(0x000000970b100000,0x000000970b200000) (1024K)]
  0x000001f141878940 JavaThread "File lock request listener"        [_thread_in_native, id=5660, stack(0x000000970b200000,0x000000970b300000) (1024K)]
  0x000001f141877590 JavaThread "Cache worker for file hash cache (C:\Users\Asus\.gradle\caches\8.13\fileHashes)"        [_thread_blocked, id=12700, stack(0x000000970b300000,0x000000970b400000) (1024K)]
  0x000001f141876870 JavaThread "Cache worker for file hash cache (D:\Dicoding\Belajar Membuat Aplikasi Android Untuk Pemula\INTENT GPT\2. Latihan Intent + Kirim Int\.gradle\8.13\fileHashes)"        [_thread_blocked, id=4932, stack(0x000000970b500000,0x000000970b600000) (1024K)]
  0x000001f1433cd760 JavaThread "Cache worker for Build Output Cleanup Cache (D:\Dicoding\Belajar Membuat Aplikasi Android Untuk Pemula\INTENT GPT\2. Latihan Intent + Kirim Int\.gradle\buildOutputCleanup)"        [_thread_blocked, id=16624, stack(0x000000970b600000,0x000000970b700000) (1024K)]
  0x000001f1433ca2e0 JavaThread "File watcher server"        daemon [_thread_in_native, id=19140, stack(0x000000970b700000,0x000000970b800000) (1024K)]
  0x000001f1433cddf0 JavaThread "File watcher consumer"      daemon [_thread_blocked, id=4568, stack(0x000000970b800000,0x000000970b900000) (1024K)]
  0x000001f1433ca970 JavaThread "jar transforms"                    [_thread_blocked, id=18576, stack(0x000000970b900000,0x000000970ba00000) (1024K)]
  0x000001f1433cbd20 JavaThread "jar transforms Thread 2"           [_thread_blocked, id=9184, stack(0x000000970ba00000,0x000000970bb00000) (1024K)]
  0x000001f1433cc3b0 JavaThread "jar transforms Thread 3"           [_thread_blocked, id=20512, stack(0x000000970bb00000,0x000000970bc00000) (1024K)]
  0x000001f1433cb000 JavaThread "jar transforms Thread 4"           [_thread_blocked, id=9724, stack(0x000000970bc00000,0x000000970bd00000) (1024K)]
  0x000001f1433ce480 JavaThread "jar transforms Thread 5"           [_thread_blocked, id=6220, stack(0x000000970bd00000,0x000000970be00000) (1024K)]
  0x000001f1433ceb10 JavaThread "jar transforms Thread 6"           [_thread_blocked, id=14488, stack(0x000000970be00000,0x000000970bf00000) (1024K)]
  0x000001f1433cb690 JavaThread "jar transforms Thread 7"           [_thread_blocked, id=17448, stack(0x000000970bf00000,0x000000970c000000) (1024K)]
  0x000001f1433cf1a0 JavaThread "jar transforms Thread 8"           [_thread_blocked, id=1336, stack(0x000000970c000000,0x000000970c100000) (1024K)]
  0x000001f1433d0550 JavaThread "Cache worker for checksums cache (D:\Dicoding\Belajar Membuat Aplikasi Android Untuk Pemula\INTENT GPT\2. Latihan Intent + Kirim Int\.gradle\8.13\checksums)"        [_thread_blocked, id=13052, stack(0x000000970c100000,0x000000970c200000) (1024K)]
  0x000001f1433cd0d0 JavaThread "Cache worker for file content cache (C:\Users\Asus\.gradle\caches\8.13\fileContent)"        [_thread_blocked, id=7404, stack(0x000000970c200000,0x000000970c300000) (1024K)]
  0x000001f1433d1900 JavaThread "Cache worker for cache directory md-supplier (C:\Users\Asus\.gradle\caches\8.13\md-supplier)"        [_thread_blocked, id=14772, stack(0x000000970c300000,0x000000970c400000) (1024K)]
  0x000001f144378c50 JavaThread "Cache worker for cache directory md-rule (C:\Users\Asus\.gradle\caches\8.13\md-rule)"        [_thread_blocked, id=20820, stack(0x000000970c400000,0x000000970c500000) (1024K)]
  0x000001f14437a000 JavaThread "Unconstrained build operations"        [_thread_blocked, id=8208, stack(0x000000970c500000,0x000000970c600000) (1024K)]
  0x000001f14437a690 JavaThread "Unconstrained build operations Thread 2"        [_thread_blocked, id=21060, stack(0x000000970c600000,0x000000970c700000) (1024K)]
  0x000001f14437ad20 JavaThread "Unconstrained build operations Thread 3"        [_thread_blocked, id=12596, stack(0x000000970c700000,0x000000970c800000) (1024K)]
  0x000001f14437b3b0 JavaThread "Unconstrained build operations Thread 4"        [_thread_blocked, id=3648, stack(0x000000970c800000,0x000000970c900000) (1024K)]
  0x000001f14437ba40 JavaThread "Unconstrained build operations Thread 5"        [_thread_blocked, id=3608, stack(0x000000970c900000,0x000000970ca00000) (1024K)]
  0x000001f1443785c0 JavaThread "Unconstrained build operations Thread 6"        [_thread_blocked, id=14648, stack(0x000000970ca00000,0x000000970cb00000) (1024K)]
  0x000001f14437eec0 JavaThread "Unconstrained build operations Thread 7"        [_thread_blocked, id=3600, stack(0x000000970cb00000,0x000000970cc00000) (1024K)]
  0x000001f14437f550 JavaThread "Unconstrained build operations Thread 8"        [_thread_blocked, id=7516, stack(0x000000970cc00000,0x000000970cd00000) (1024K)]
  0x000001f14437db10 JavaThread "Unconstrained build operations Thread 9"        [_thread_blocked, id=16840, stack(0x000000970cd00000,0x000000970ce00000) (1024K)]
  0x000001f14437e1a0 JavaThread "Unconstrained build operations Thread 10"        [_thread_blocked, id=19564, stack(0x000000970ce00000,0x000000970cf00000) (1024K)]
  0x000001f14437e830 JavaThread "Unconstrained build operations Thread 11"        [_thread_blocked, id=19344, stack(0x000000970cf00000,0x000000970d000000) (1024K)]
  0x000001f14437c0d0 JavaThread "Unconstrained build operations Thread 12"        [_thread_blocked, id=16208, stack(0x000000970d000000,0x000000970d100000) (1024K)]
  0x000001f14437fbe0 JavaThread "Unconstrained build operations Thread 13"        [_thread_blocked, id=10040, stack(0x000000970d100000,0x000000970d200000) (1024K)]
  0x000001f14437cdf0 JavaThread "Unconstrained build operations Thread 14"        [_thread_blocked, id=19736, stack(0x000000970d200000,0x000000970d300000) (1024K)]
  0x000001f14437c760 JavaThread "Unconstrained build operations Thread 15"        [_thread_blocked, id=13832, stack(0x000000970d300000,0x000000970d400000) (1024K)]
  0x000001f14437d480 JavaThread "Unconstrained build operations Thread 16"        [_thread_blocked, id=13804, stack(0x000000970d400000,0x000000970d500000) (1024K)]
  0x000001f1453f3700 JavaThread "Unconstrained build operations Thread 17"        [_thread_blocked, id=3420, stack(0x000000970d500000,0x000000970d600000) (1024K)]
  0x000001f1453f3d90 JavaThread "Unconstrained build operations Thread 18"        [_thread_blocked, id=13148, stack(0x000000970d600000,0x000000970d700000) (1024K)]
  0x000001f141d6ae20 JavaThread "Unconstrained build operations Thread 19"        [_thread_blocked, id=9616, stack(0x000000970b400000,0x000000970b500000) (1024K)]
  0x000001f141d6c1d0 JavaThread "Unconstrained build operations Thread 20"        [_thread_blocked, id=7604, stack(0x000000970d700000,0x000000970d800000) (1024K)]
  0x000001f141d6b4b0 JavaThread "Unconstrained build operations Thread 21"        [_thread_blocked, id=14660, stack(0x000000970d800000,0x000000970d900000) (1024K)]
  0x000001f141d6a100 JavaThread "Unconstrained build operations Thread 22"        [_thread_blocked, id=19528, stack(0x000000970d900000,0x000000970da00000) (1024K)]
  0x000001f141d693e0 JavaThread "Unconstrained build operations Thread 23"        [_thread_blocked, id=20804, stack(0x000000970da00000,0x000000970db00000) (1024K)]
  0x000001f141d6a790 JavaThread "Unconstrained build operations Thread 24"        [_thread_blocked, id=16032, stack(0x000000970db00000,0x000000970dc00000) (1024K)]
  0x000001f141d68d50 JavaThread "Unconstrained build operations Thread 25"        [_thread_blocked, id=11116, stack(0x000000970dc00000,0x000000970dd00000) (1024K)]
  0x000001f141d6c860 JavaThread "Unconstrained build operations Thread 26"        [_thread_blocked, id=5476, stack(0x000000970dd00000,0x000000970de00000) (1024K)]
  0x000001f141d6cef0 JavaThread "Unconstrained build operations Thread 27"        [_thread_blocked, id=6284, stack(0x000000970de00000,0x000000970df00000) (1024K)]
  0x000001f141d69a70 JavaThread "Unconstrained build operations Thread 28"        [_thread_blocked, id=13056, stack(0x000000970df00000,0x000000970e000000) (1024K)]
  0x000001f141d6dc10 JavaThread "Unconstrained build operations Thread 29"        [_thread_blocked, id=17336, stack(0x000000970e000000,0x000000970e100000) (1024K)]
  0x000001f141d70370 JavaThread "Unconstrained build operations Thread 30"        [_thread_blocked, id=4392, stack(0x000000970e100000,0x000000970e200000) (1024K)]
  0x000001f141d6d580 JavaThread "Unconstrained build operations Thread 31"        [_thread_blocked, id=1196, stack(0x000000970e200000,0x000000970e300000) (1024K)]
  0x000001f141d6e2a0 JavaThread "Unconstrained build operations Thread 32"        [_thread_blocked, id=12048, stack(0x000000970e300000,0x000000970e400000) (1024K)]
  0x000001f141d6fce0 JavaThread "Unconstrained build operations Thread 33"        [_thread_blocked, id=15328, stack(0x000000970e400000,0x000000970e500000) (1024K)]
  0x000001f141d6e930 JavaThread "Unconstrained build operations Thread 34"        [_thread_blocked, id=19712, stack(0x000000970e500000,0x000000970e600000) (1024K)]
  0x000001f141d6efc0 JavaThread "Unconstrained build operations Thread 35"        [_thread_blocked, id=16016, stack(0x000000970e600000,0x000000970e700000) (1024K)]
  0x000001f141d6f650 JavaThread "Unconstrained build operations Thread 36"        [_thread_blocked, id=4780, stack(0x000000970e700000,0x000000970e800000) (1024K)]
  0x000001f1453f5e60 JavaThread "Unconstrained build operations Thread 37"        [_thread_blocked, id=3220, stack(0x000000970e800000,0x000000970e900000) (1024K)]
  0x000001f1452fb8b0 JavaThread "Unconstrained build operations Thread 38"        [_thread_blocked, id=11508, stack(0x000000970e900000,0x000000970ea00000) (1024K)]
  0x000001f1452fb220 JavaThread "Unconstrained build operations Thread 39"        [_thread_blocked, id=14296, stack(0x000000970ea00000,0x000000970eb00000) (1024K)]
  0x000001f1452f9e70 JavaThread "Memory manager"                    [_thread_blocked, id=13872, stack(0x000000970eb00000,0x000000970ec00000) (1024K)]
  0x000001f14434bb60 JavaThread "build event listener"              [_thread_blocked, id=2900, stack(0x000000970ec00000,0x000000970ed00000) (1024K)]
  0x000001f14434efe0 JavaThread "pool-3-thread-1"                   [_thread_blocked, id=20848, stack(0x000000970ed00000,0x000000970ee00000) (1024K)]
  0x000001f143110210 JavaThread "C2 CompilerThread1"         daemon [_thread_in_native, id=19444, stack(0x000000970b000000,0x000000970b100000) (1024K)]
  0x000001f143125e00 JavaThread "included builds"                   [_thread_blocked, id=8028, stack(0x000000970ee00000,0x000000970ef00000) (1024K)]
  0x000001f14312b350 JavaThread "Execution worker"                  [_thread_blocked, id=5384, stack(0x000000970ef00000,0x000000970f000000) (1024K)]
  0x000001f143129fa0 JavaThread "Execution worker Thread 2"         [_thread_blocked, id=9176, stack(0x000000970f000000,0x000000970f100000) (1024K)]
  0x000001f14312c070 JavaThread "Execution worker Thread 3"         [_thread_blocked, id=10012, stack(0x000000970f100000,0x000000970f200000) (1024K)]
  0x000001f14312c700 JavaThread "Execution worker Thread 4"         [_thread_blocked, id=13040, stack(0x000000970f200000,0x000000970f300000) (1024K)]
  0x000001f14312a630 JavaThread "Execution worker Thread 5"         [_thread_blocked, id=10556, stack(0x000000970f300000,0x000000970f400000) (1024K)]
  0x000001f14312acc0 JavaThread "Execution worker Thread 6"         [_thread_blocked, id=15340, stack(0x000000970f400000,0x000000970f500000) (1024K)]
  0x000001f140ff7980 JavaThread "Execution worker Thread 7"         [_thread_blocked, id=10596, stack(0x000000970f500000,0x000000970f600000) (1024K)]
  0x000001f140ff93c0 JavaThread "Cache worker for execution history cache (D:\Dicoding\Belajar Membuat Aplikasi Android Untuk Pemula\INTENT GPT\2. Latihan Intent + Kirim Int\.gradle\8.13\executionHistory)"        [_thread_blocked, id=12512, stack(0x000000970f600000,0x000000970f700000) (1024K)]
  0x000001f140ff6c60 JavaThread "idea-tooling-model-converter"        [_thread_in_native, id=6348, stack(0x000000970f700000,0x000000970f800000) (1024K)]
Total: 93

Other Threads:
  0x000001f13b8012b0 VMThread "VM Thread"                           [id=20652, stack(0x0000009709300000,0x0000009709400000) (1024K)]
  0x000001f13b7bc730 WatcherThread "VM Periodic Task Thread"        [id=9624, stack(0x0000009709200000,0x0000009709300000) (1024K)]
  0x000001f121e1e060 WorkerThread "GC Thread#0"                     [id=1652, stack(0x0000009708d00000,0x0000009708e00000) (1024K)]
  0x000001f14013a730 WorkerThread "GC Thread#1"                     [id=19892, stack(0x0000009709f00000,0x000000970a000000) (1024K)]
  0x000001f1402ef610 WorkerThread "GC Thread#2"                     [id=10332, stack(0x000000970a000000,0x000000970a100000) (1024K)]
  0x000001f13bcef830 WorkerThread "GC Thread#3"                     [id=11316, stack(0x000000970a100000,0x000000970a200000) (1024K)]
  0x000001f140c92240 WorkerThread "GC Thread#4"                     [id=19568, stack(0x000000970a200000,0x000000970a300000) (1024K)]
  0x000001f141841b70 WorkerThread "GC Thread#5"                     [id=11176, stack(0x0000009709e00000,0x0000009709f00000) (1024K)]
  0x000001f141841f10 WorkerThread "GC Thread#6"                     [id=16904, stack(0x000000970a300000,0x000000970a400000) (1024K)]
  0x000001f1419698a0 WorkerThread "GC Thread#7"                     [id=17224, stack(0x000000970a400000,0x000000970a500000) (1024K)]
  0x000001f124186290 ConcurrentGCThread "G1 Main Marker"            [id=13928, stack(0x0000009708e00000,0x0000009708f00000) (1024K)]
  0x000001f124186ca0 WorkerThread "G1 Conc#0"                       [id=9700, stack(0x0000009708f00000,0x0000009709000000) (1024K)]
  0x000001f14195a210 WorkerThread "G1 Conc#1"                       [id=11384, stack(0x000000970af00000,0x000000970b000000) (1024K)]
  0x000001f13b68fe40 ConcurrentGCThread "G1 Refine#0"               [id=4420, stack(0x0000009709000000,0x0000009709100000) (1024K)]
  0x000001f13b691770 ConcurrentGCThread "G1 Service"                [id=16736, stack(0x0000009709100000,0x0000009709200000) (1024K)]
Total: 15

Threads with active compile tasks:
C2 CompilerThread0  22424 11660 %     4       org.gradle.internal.instantiation.generator.AbstractClassGenerator::inspectType @ 429 (602 bytes)
C2 CompilerThread1  22424 11731       4       java.lang.reflect.Method::getGenericReturnType (20 bytes)
Total: 2

VM state: not at safepoint (normal execution)

VM Mutex/Monitor currently owned by a thread: None

Heap address: 0x0000000080000000, size: 2048 MB, Compressed Oops mode: 32-bit

CDS archive(s) not mapped
Compressed class space mapped at: 0x0000000100000000-0x0000000140000000, reserved size: 1073741824
Narrow klass base: 0x0000000000000000, Narrow klass shift: 3, Narrow klass range: 0x140000000

GC Precious Log:
 CardTable entry size: 512
 Card Set container configuration: InlinePtr #cards 5 size 8 Array Of Cards #cards 12 size 40 Howl #buckets 4 coarsen threshold 1843 Howl Bitmap #cards 512 size 80 coarsen threshold 460 Card regions per heap region 1 cards per card region 2048
 CPUs: 8 total, 8 available
 Memory: 7990M
 Large Page Support: Disabled
 NUMA Support: Disabled
 Compressed Oops: Enabled (32-bit)
 Heap Region Size: 1M
 Heap Min Capacity: 8M
 Heap Initial Capacity: 126M
 Heap Max Capacity: 2G
 Pre-touch: Disabled
 Parallel Workers: 8
 Concurrent Workers: 2
 Concurrent Refinement Workers: 8
 Periodic GC: Disabled

Heap:
 garbage-first heap   total 275456K, used 193895K [0x0000000080000000, 0x0000000100000000)
  region size 1024K, 39 young (39936K), 10 survivors (10240K)
 Metaspace       used 114427K, committed 116736K, reserved 1179648K
  class space    used 15330K, committed 16512K, reserved 1048576K

Heap Regions: E=young(eden), S=young(survivor), O=old, HS=humongous(starts), HC=humongous(continues), CS=collection set, F=free, TAMS=top-at-mark-start, PB=parsable bottom
|   0|0x0000000080000000, 0x0000000080100000, 0x0000000080100000|100%|HS|  |TAMS 0x0000000080000000| PB 0x0000000080000000| Complete 
|   1|0x0000000080100000, 0x0000000080200000, 0x0000000080200000|100%|HC|  |TAMS 0x0000000080100000| PB 0x0000000080100000| Complete 
|   2|0x0000000080200000, 0x0000000080300000, 0x0000000080300000|100%|HC|  |TAMS 0x0000000080200000| PB 0x0000000080200000| Complete 
|   3|0x0000000080300000, 0x0000000080400000, 0x0000000080400000|100%| O|  |TAMS 0x0000000080300000| PB 0x0000000080300000| Untracked 
|   4|0x0000000080400000, 0x0000000080500000, 0x0000000080500000|100%| O|  |TAMS 0x0000000080400000| PB 0x0000000080400000| Untracked 
|   5|0x0000000080500000, 0x0000000080600000, 0x0000000080600000|100%| O|  |TAMS 0x0000000080500000| PB 0x0000000080500000| Untracked 
|   6|0x0000000080600000, 0x0000000080700000, 0x0000000080700000|100%|HS|  |TAMS 0x0000000080600000| PB 0x0000000080600000| Complete 
|   7|0x0000000080700000, 0x0000000080800000, 0x0000000080800000|100%| O|  |TAMS 0x0000000080700000| PB 0x0000000080700000| Untracked 
|   8|0x0000000080800000, 0x0000000080900000, 0x0000000080900000|100%| O|  |TAMS 0x0000000080800000| PB 0x0000000080800000| Untracked 
|   9|0x0000000080900000, 0x0000000080a00000, 0x0000000080a00000|100%| O|  |TAMS 0x0000000080900000| PB 0x0000000080900000| Untracked 
|  10|0x0000000080a00000, 0x0000000080b00000, 0x0000000080b00000|100%| O|  |TAMS 0x0000000080a00000| PB 0x0000000080a00000| Untracked 
|  11|0x0000000080b00000, 0x0000000080c00000, 0x0000000080c00000|100%| O|  |TAMS 0x0000000080b00000| PB 0x0000000080b00000| Untracked 
|  12|0x0000000080c00000, 0x0000000080d00000, 0x0000000080d00000|100%| O|  |TAMS 0x0000000080c00000| PB 0x0000000080c00000| Untracked 
|  13|0x0000000080d00000, 0x0000000080e00000, 0x0000000080e00000|100%| O|  |TAMS 0x0000000080d00000| PB 0x0000000080d00000| Untracked 
|  14|0x0000000080e00000, 0x0000000080f00000, 0x0000000080f00000|100%| O|  |TAMS 0x0000000080e00000| PB 0x0000000080e00000| Untracked 
|  15|0x0000000080f00000, 0x0000000081000000, 0x0000000081000000|100%| O|  |TAMS 0x0000000080f00000| PB 0x0000000080f00000| Untracked 
|  16|0x0000000081000000, 0x0000000081100000, 0x0000000081100000|100%| O|  |TAMS 0x0000000081000000| PB 0x0000000081000000| Untracked 
|  17|0x0000000081100000, 0x0000000081200000, 0x0000000081200000|100%| O|  |TAMS 0x0000000081100000| PB 0x0000000081100000| Untracked 
|  18|0x0000000081200000, 0x0000000081300000, 0x0000000081300000|100%| O|  |TAMS 0x0000000081200000| PB 0x0000000081200000| Untracked 
|  19|0x0000000081300000, 0x0000000081400000, 0x0000000081400000|100%| O|  |TAMS 0x0000000081300000| PB 0x0000000081300000| Untracked 
|  20|0x0000000081400000, 0x0000000081500000, 0x0000000081500000|100%| O|  |TAMS 0x0000000081400000| PB 0x0000000081400000| Untracked 
|  21|0x0000000081500000, 0x0000000081600000, 0x0000000081600000|100%| O|  |TAMS 0x0000000081500000| PB 0x0000000081500000| Untracked 
|  22|0x0000000081600000, 0x0000000081700000, 0x0000000081700000|100%| O|  |TAMS 0x0000000081600000| PB 0x0000000081600000| Untracked 
|  23|0x0000000081700000, 0x0000000081800000, 0x0000000081800000|100%| O|  |TAMS 0x0000000081700000| PB 0x0000000081700000| Untracked 
|  24|0x0000000081800000, 0x0000000081900000, 0x0000000081900000|100%| O|  |TAMS 0x0000000081800000| PB 0x0000000081800000| Untracked 
|  25|0x0000000081900000, 0x0000000081a00000, 0x0000000081a00000|100%|HS|  |TAMS 0x0000000081900000| PB 0x0000000081900000| Complete 
|  26|0x0000000081a00000, 0x0000000081b00000, 0x0000000081b00000|100%|HC|  |TAMS 0x0000000081a00000| PB 0x0000000081a00000| Complete 
|  27|0x0000000081b00000, 0x0000000081c00000, 0x0000000081c00000|100%|HC|  |TAMS 0x0000000081b00000| PB 0x0000000081b00000| Complete 
|  28|0x0000000081c00000, 0x0000000081d00000, 0x0000000081d00000|100%|HC|  |TAMS 0x0000000081c00000| PB 0x0000000081c00000| Complete 
|  29|0x0000000081d00000, 0x0000000081e00000, 0x0000000081e00000|100%|HC|  |TAMS 0x0000000081d00000| PB 0x0000000081d00000| Complete 
|  30|0x0000000081e00000, 0x0000000081f00000, 0x0000000081f00000|100%|HC|  |TAMS 0x0000000081e00000| PB 0x0000000081e00000| Complete 
|  31|0x0000000081f00000, 0x0000000082000000, 0x0000000082000000|100%|HS|  |TAMS 0x0000000081f00000| PB 0x0000000081f00000| Complete 
|  32|0x0000000082000000, 0x0000000082100000, 0x0000000082100000|100%|HS|  |TAMS 0x0000000082000000| PB 0x0000000082000000| Complete 
|  33|0x0000000082100000, 0x0000000082200000, 0x0000000082200000|100%|HC|  |TAMS 0x0000000082100000| PB 0x0000000082100000| Complete 
|  34|0x0000000082200000, 0x0000000082300000, 0x0000000082300000|100%|HC|  |TAMS 0x0000000082200000| PB 0x0000000082200000| Complete 
|  35|0x0000000082300000, 0x0000000082400000, 0x0000000082400000|100%|HC|  |TAMS 0x0000000082300000| PB 0x0000000082300000| Complete 
|  36|0x0000000082400000, 0x0000000082500000, 0x0000000082500000|100%|HS|  |TAMS 0x0000000082400000| PB 0x0000000082400000| Complete 
|  37|0x0000000082500000, 0x0000000082600000, 0x0000000082600000|100%|HC|  |TAMS 0x0000000082500000| PB 0x0000000082500000| Complete 
|  38|0x0000000082600000, 0x0000000082700000, 0x0000000082700000|100%|HS|  |TAMS 0x0000000082600000| PB 0x0000000082600000| Complete 
|  39|0x0000000082700000, 0x0000000082800000, 0x0000000082800000|100%|HS|  |TAMS 0x0000000082700000| PB 0x0000000082700000| Complete 
|  40|0x0000000082800000, 0x0000000082900000, 0x0000000082900000|100%|HC|  |TAMS 0x0000000082800000| PB 0x0000000082800000| Complete 
|  41|0x0000000082900000, 0x0000000082a00000, 0x0000000082a00000|100%|HC|  |TAMS 0x0000000082900000| PB 0x0000000082900000| Complete 
|  42|0x0000000082a00000, 0x0000000082b00000, 0x0000000082b00000|100%|HC|  |TAMS 0x0000000082a00000| PB 0x0000000082a00000| Complete 
|  43|0x0000000082b00000, 0x0000000082c00000, 0x0000000082c00000|100%|HC|  |TAMS 0x0000000082b00000| PB 0x0000000082b00000| Complete 
|  44|0x0000000082c00000, 0x0000000082d00000, 0x0000000082d00000|100%|HC|  |TAMS 0x0000000082c00000| PB 0x0000000082c00000| Complete 
|  45|0x0000000082d00000, 0x0000000082e00000, 0x0000000082e00000|100%|HS|  |TAMS 0x0000000082d00000| PB 0x0000000082d00000| Complete 
|  46|0x0000000082e00000, 0x0000000082f00000, 0x0000000082f00000|100%|HS|  |TAMS 0x0000000082e00000| PB 0x0000000082e00000| Complete 
|  47|0x0000000082f00000, 0x0000000083000000, 0x0000000083000000|100%|HC|  |TAMS 0x0000000082f00000| PB 0x0000000082f00000| Complete 
|  48|0x0000000083000000, 0x0000000083100000, 0x0000000083100000|100%| O|  |TAMS 0x0000000083000000| PB 0x0000000083000000| Untracked 
|  49|0x0000000083100000, 0x0000000083200000, 0x0000000083200000|100%| O|  |TAMS 0x0000000083100000| PB 0x0000000083100000| Untracked 
|  50|0x0000000083200000, 0x0000000083300000, 0x0000000083300000|100%|HS|  |TAMS 0x0000000083200000| PB 0x0000000083200000| Complete 
|  51|0x0000000083300000, 0x0000000083400000, 0x0000000083400000|100%|HC|  |TAMS 0x0000000083300000| PB 0x0000000083300000| Complete 
|  52|0x0000000083400000, 0x0000000083500000, 0x0000000083500000|100%|HC|  |TAMS 0x0000000083400000| PB 0x0000000083400000| Complete 
|  53|0x0000000083500000, 0x0000000083600000, 0x0000000083600000|100%|HC|  |TAMS 0x0000000083500000| PB 0x0000000083500000| Complete 
|  54|0x0000000083600000, 0x0000000083700000, 0x0000000083700000|100%|HS|  |TAMS 0x0000000083600000| PB 0x0000000083600000| Complete 
|  55|0x0000000083700000, 0x0000000083800000, 0x0000000083800000|100%| O|  |TAMS 0x0000000083700000| PB 0x0000000083700000| Untracked 
|  56|0x0000000083800000, 0x0000000083900000, 0x0000000083900000|100%| O|  |TAMS 0x0000000083800000| PB 0x0000000083800000| Untracked 
|  57|0x0000000083900000, 0x0000000083a00000, 0x0000000083a00000|100%| O|  |TAMS 0x0000000083900000| PB 0x0000000083900000| Untracked 
|  58|0x0000000083a00000, 0x0000000083b00000, 0x0000000083b00000|100%| O|  |TAMS 0x0000000083a00000| PB 0x0000000083a00000| Untracked 
|  59|0x0000000083b00000, 0x0000000083c00000, 0x0000000083c00000|100%| O|  |TAMS 0x0000000083b00000| PB 0x0000000083b00000| Untracked 
|  60|0x0000000083c00000, 0x0000000083d00000, 0x0000000083d00000|100%| O|  |TAMS 0x0000000083c00000| PB 0x0000000083c00000| Untracked 
|  61|0x0000000083d00000, 0x0000000083e00000, 0x0000000083e00000|100%| O|  |TAMS 0x0000000083d00000| PB 0x0000000083d00000| Untracked 
|  62|0x0000000083e00000, 0x0000000083f00000, 0x0000000083f00000|100%| O|  |TAMS 0x0000000083e00000| PB 0x0000000083e00000| Untracked 
|  63|0x0000000083f00000, 0x0000000084000000, 0x0000000084000000|100%| O|  |TAMS 0x0000000083f00000| PB 0x0000000083f00000| Untracked 
|  64|0x0000000084000000, 0x0000000084100000, 0x0000000084100000|100%|HS|  |TAMS 0x0000000084000000| PB 0x0000000084000000| Complete 
|  65|0x0000000084100000, 0x0000000084200000, 0x0000000084200000|100%|HC|  |TAMS 0x0000000084100000| PB 0x0000000084100000| Complete 
|  66|0x0000000084200000, 0x0000000084300000, 0x0000000084300000|100%| O|  |TAMS 0x0000000084200000| PB 0x0000000084200000| Untracked 
|  67|0x0000000084300000, 0x0000000084400000, 0x0000000084400000|100%| O|  |TAMS 0x0000000084300000| PB 0x0000000084300000| Untracked 
|  68|0x0000000084400000, 0x0000000084500000, 0x0000000084500000|100%| O|  |TAMS 0x0000000084400000| PB 0x0000000084400000| Untracked 
|  69|0x0000000084500000, 0x0000000084600000, 0x0000000084600000|100%| O|  |TAMS 0x0000000084500000| PB 0x0000000084500000| Untracked 
|  70|0x0000000084600000, 0x0000000084700000, 0x0000000084700000|100%| O|Cm|TAMS 0x0000000084600000| PB 0x0000000084600000| Complete 
|  71|0x0000000084700000, 0x0000000084800000, 0x0000000084800000|100%|HS|  |TAMS 0x0000000084700000| PB 0x0000000084700000| Complete 
|  72|0x0000000084800000, 0x0000000084900000, 0x0000000084900000|100%|HS|  |TAMS 0x0000000084800000| PB 0x0000000084800000| Complete 
|  73|0x0000000084900000, 0x0000000084a00000, 0x0000000084a00000|100%| O|  |TAMS 0x0000000084900000| PB 0x0000000084900000| Untracked 
|  74|0x0000000084a00000, 0x0000000084b00000, 0x0000000084b00000|100%| O|  |TAMS 0x0000000084a00000| PB 0x0000000084a00000| Untracked 
|  75|0x0000000084b00000, 0x0000000084c00000, 0x0000000084c00000|100%| O|  |TAMS 0x0000000084b00000| PB 0x0000000084b00000| Untracked 
|  76|0x0000000084c00000, 0x0000000084d00000, 0x0000000084d00000|100%|HS|  |TAMS 0x0000000084c00000| PB 0x0000000084c00000| Complete 
|  77|0x0000000084d00000, 0x0000000084e00000, 0x0000000084e00000|100%|HC|  |TAMS 0x0000000084d00000| PB 0x0000000084d00000| Complete 
|  78|0x0000000084e00000, 0x0000000084f00000, 0x0000000084f00000|100%|HC|  |TAMS 0x0000000084e00000| PB 0x0000000084e00000| Complete 
|  79|0x0000000084f00000, 0x0000000085000000, 0x0000000085000000|100%|HC|  |TAMS 0x0000000084f00000| PB 0x0000000084f00000| Complete 
|  80|0x0000000085000000, 0x0000000085100000, 0x0000000085100000|100%|HC|  |TAMS 0x0000000085000000| PB 0x0000000085000000| Complete 
|  81|0x0000000085100000, 0x0000000085200000, 0x0000000085200000|100%|HC|  |TAMS 0x0000000085100000| PB 0x0000000085100000| Complete 
|  82|0x0000000085200000, 0x0000000085300000, 0x0000000085300000|100%|HS|  |TAMS 0x0000000085200000| PB 0x0000000085200000| Complete 
|  83|0x0000000085300000, 0x0000000085400000, 0x0000000085400000|100%|HC|  |TAMS 0x0000000085300000| PB 0x0000000085300000| Complete 
|  84|0x0000000085400000, 0x0000000085500000, 0x0000000085500000|100%|HC|  |TAMS 0x0000000085400000| PB 0x0000000085400000| Complete 
|  85|0x0000000085500000, 0x0000000085600000, 0x0000000085600000|100%|HC|  |TAMS 0x0000000085500000| PB 0x0000000085500000| Complete 
|  86|0x0000000085600000, 0x0000000085700000, 0x0000000085700000|100%|HC|  |TAMS 0x0000000085600000| PB 0x0000000085600000| Complete 
|  87|0x0000000085700000, 0x0000000085800000, 0x0000000085800000|100%|HC|  |TAMS 0x0000000085700000| PB 0x0000000085700000| Complete 
|  88|0x0000000085800000, 0x0000000085900000, 0x0000000085900000|100%| O|  |TAMS 0x0000000085800000| PB 0x0000000085800000| Untracked 
|  89|0x0000000085900000, 0x0000000085a00000, 0x0000000085a00000|100%| O|  |TAMS 0x0000000085900000| PB 0x0000000085900000| Untracked 
|  90|0x0000000085a00000, 0x0000000085b00000, 0x0000000085b00000|100%| O|  |TAMS 0x0000000085a00000| PB 0x0000000085a00000| Untracked 
|  91|0x0000000085b00000, 0x0000000085c00000, 0x0000000085c00000|100%| O|  |TAMS 0x0000000085b00000| PB 0x0000000085b00000| Untracked 
|  92|0x0000000085c00000, 0x0000000085d00000, 0x0000000085d00000|100%| O|  |TAMS 0x0000000085c00000| PB 0x0000000085c00000| Untracked 
|  93|0x0000000085d00000, 0x0000000085e00000, 0x0000000085e00000|100%| O|  |TAMS 0x0000000085d00000| PB 0x0000000085d00000| Untracked 
|  94|0x0000000085e00000, 0x0000000085f00000, 0x0000000085f00000|100%| O|  |TAMS 0x0000000085e00000| PB 0x0000000085e00000| Untracked 
|  95|0x0000000085f00000, 0x0000000086000000, 0x0000000086000000|100%| O|  |TAMS 0x0000000085f00000| PB 0x0000000085f00000| Untracked 
|  96|0x0000000086000000, 0x0000000086100000, 0x0000000086100000|100%| O|  |TAMS 0x0000000086000000| PB 0x0000000086000000| Untracked 
|  97|0x0000000086100000, 0x0000000086200000, 0x0000000086200000|100%| O|  |TAMS 0x0000000086100000| PB 0x0000000086100000| Untracked 
|  98|0x0000000086200000, 0x0000000086300000, 0x0000000086300000|100%| O|  |TAMS 0x0000000086200000| PB 0x0000000086200000| Untracked 
|  99|0x0000000086300000, 0x0000000086400000, 0x0000000086400000|100%| O|  |TAMS 0x0000000086300000| PB 0x0000000086300000| Untracked 
| 100|0x0000000086400000, 0x0000000086500000, 0x0000000086500000|100%|HS|  |TAMS 0x0000000086400000| PB 0x0000000086400000| Complete 
| 101|0x0000000086500000, 0x0000000086600000, 0x0000000086600000|100%|HS|  |TAMS 0x0000000086500000| PB 0x0000000086500000| Complete 
| 102|0x0000000086600000, 0x0000000086700000, 0x0000000086700000|100%|HS|  |TAMS 0x0000000086600000| PB 0x0000000086600000| Complete 
| 103|0x0000000086700000, 0x0000000086800000, 0x0000000086800000|100%|HC|  |TAMS 0x0000000086700000| PB 0x0000000086700000| Complete 
| 104|0x0000000086800000, 0x0000000086900000, 0x0000000086900000|100%|HS|  |TAMS 0x0000000086800000| PB 0x0000000086800000| Complete 
| 105|0x0000000086900000, 0x0000000086a00000, 0x0000000086a00000|100%|HC|  |TAMS 0x0000000086900000| PB 0x0000000086900000| Complete 
| 106|0x0000000086a00000, 0x0000000086b00000, 0x0000000086b00000|100%|HS|  |TAMS 0x0000000086a00000| PB 0x0000000086a00000| Complete 
| 107|0x0000000086b00000, 0x0000000086c00000, 0x0000000086c00000|100%|HS|  |TAMS 0x0000000086b00000| PB 0x0000000086b00000| Complete 
| 108|0x0000000086c00000, 0x0000000086d00000, 0x0000000086d00000|100%|HC|  |TAMS 0x0000000086c00000| PB 0x0000000086c00000| Complete 
| 109|0x0000000086d00000, 0x0000000086e00000, 0x0000000086e00000|100%|HC|  |TAMS 0x0000000086d00000| PB 0x0000000086d00000| Complete 
| 110|0x0000000086e00000, 0x0000000086f00000, 0x0000000086f00000|100%|HS|  |TAMS 0x0000000086e00000| PB 0x0000000086e00000| Complete 
| 111|0x0000000086f00000, 0x0000000087000000, 0x0000000087000000|100%|HS|  |TAMS 0x0000000086f00000| PB 0x0000000086f00000| Complete 
| 112|0x0000000087000000, 0x0000000087100000, 0x0000000087100000|100%| O|  |TAMS 0x0000000087000000| PB 0x0000000087000000| Untracked 
| 113|0x0000000087100000, 0x0000000087200000, 0x0000000087200000|100%|HS|  |TAMS 0x0000000087100000| PB 0x0000000087100000| Complete 
| 114|0x0000000087200000, 0x0000000087300000, 0x0000000087300000|100%| O|  |TAMS 0x0000000087200000| PB 0x0000000087200000| Untracked 
| 115|0x0000000087300000, 0x0000000087400000, 0x0000000087400000|100%| O|  |TAMS 0x0000000087300000| PB 0x0000000087300000| Untracked 
| 116|0x0000000087400000, 0x0000000087500000, 0x0000000087500000|100%| O|  |TAMS 0x0000000087400000| PB 0x0000000087400000| Untracked 
| 117|0x0000000087500000, 0x0000000087600000, 0x0000000087600000|100%| O|  |TAMS 0x0000000087500000| PB 0x0000000087500000| Untracked 
| 118|0x0000000087600000, 0x0000000087700000, 0x0000000087700000|100%| O|  |TAMS 0x0000000087600000| PB 0x0000000087600000| Untracked 
| 119|0x0000000087700000, 0x0000000087800000, 0x0000000087800000|100%| O|  |TAMS 0x0000000087700000| PB 0x0000000087700000| Untracked 
| 120|0x0000000087800000, 0x0000000087900000, 0x0000000087900000|100%| O|  |TAMS 0x0000000087800000| PB 0x0000000087800000| Untracked 
| 121|0x0000000087900000, 0x0000000087a00000, 0x0000000087a00000|100%| O|  |TAMS 0x0000000087900000| PB 0x0000000087900000| Untracked 
| 122|0x0000000087a00000, 0x0000000087b00000, 0x0000000087b00000|100%| O|  |TAMS 0x0000000087a00000| PB 0x0000000087a00000| Untracked 
| 123|0x0000000087b00000, 0x0000000087c00000, 0x0000000087c00000|100%| O|  |TAMS 0x0000000087b00000| PB 0x0000000087b00000| Untracked 
| 124|0x0000000087c00000, 0x0000000087d00000, 0x0000000087d00000|100%| O|  |TAMS 0x0000000087c00000| PB 0x0000000087c00000| Untracked 
| 125|0x0000000087d00000, 0x0000000087e00000, 0x0000000087e00000|100%| O|  |TAMS 0x0000000087d00000| PB 0x0000000087d00000| Untracked 
| 126|0x0000000087e00000, 0x0000000087f00000, 0x0000000087f00000|100%|HS|  |TAMS 0x0000000087e00000| PB 0x0000000087e00000| Complete 
| 127|0x0000000087f00000, 0x0000000088000000, 0x0000000088000000|100%|HS|  |TAMS 0x0000000087f00000| PB 0x0000000087f00000| Complete 
| 128|0x0000000088000000, 0x0000000088100000, 0x0000000088100000|100%|HC|  |TAMS 0x0000000088000000| PB 0x0000000088000000| Complete 
| 129|0x0000000088100000, 0x0000000088200000, 0x0000000088200000|100%|HC|  |TAMS 0x0000000088100000| PB 0x0000000088100000| Complete 
| 130|0x0000000088200000, 0x0000000088300000, 0x0000000088300000|100%| O|  |TAMS 0x0000000088200000| PB 0x0000000088200000| Untracked 
| 131|0x0000000088300000, 0x0000000088400000, 0x0000000088400000|100%| O|  |TAMS 0x0000000088300000| PB 0x0000000088300000| Untracked 
| 132|0x0000000088400000, 0x0000000088500000, 0x0000000088500000|100%| O|  |TAMS 0x0000000088400000| PB 0x0000000088400000| Untracked 
| 133|0x0000000088500000, 0x0000000088600000, 0x0000000088600000|100%| O|Cm|TAMS 0x0000000088500000| PB 0x0000000088500000| Complete 
| 134|0x0000000088600000, 0x0000000088700000, 0x0000000088700000|100%| O|  |TAMS 0x0000000088600000| PB 0x0000000088600000| Untracked 
| 135|0x0000000088700000, 0x0000000088800000, 0x0000000088800000|100%| O|  |TAMS 0x0000000088700000| PB 0x0000000088700000| Untracked 
| 136|0x0000000088800000, 0x0000000088900000, 0x0000000088900000|100%| O|  |TAMS 0x0000000088800000| PB 0x0000000088800000| Untracked 
| 137|0x0000000088900000, 0x0000000088a00000, 0x0000000088a00000|100%| O|Cm|TAMS 0x0000000088900000| PB 0x0000000088900000| Complete 
| 138|0x0000000088a00000, 0x0000000088b00000, 0x0000000088b00000|100%| O|  |TAMS 0x0000000088a00000| PB 0x0000000088a00000| Untracked 
| 139|0x0000000088b00000, 0x0000000088c00000, 0x0000000088c00000|100%| O|  |TAMS 0x0000000088b00000| PB 0x0000000088b00000| Untracked 
| 140|0x0000000088c00000, 0x0000000088d00000, 0x0000000088d00000|100%| O|  |TAMS 0x0000000088c00000| PB 0x0000000088c00000| Untracked 
| 141|0x0000000088d00000, 0x0000000088e00000, 0x0000000088e00000|100%| O|  |TAMS 0x0000000088d00000| PB 0x0000000088d00000| Untracked 
| 142|0x0000000088e00000, 0x0000000088f00000, 0x0000000088f00000|100%| O|  |TAMS 0x0000000088e00000| PB 0x0000000088e00000| Untracked 
| 143|0x0000000088f00000, 0x0000000088f38e00, 0x0000000089000000| 22%| O|  |TAMS 0x0000000088f00000| PB 0x0000000088f00000| Untracked 
| 144|0x0000000089000000, 0x0000000089100000, 0x0000000089100000|100%|HS|  |TAMS 0x0000000089000000| PB 0x0000000089000000| Complete 
| 145|0x0000000089100000, 0x0000000089200000, 0x0000000089200000|100%|HS|  |TAMS 0x0000000089100000| PB 0x0000000089100000| Complete 
| 146|0x0000000089200000, 0x0000000089300000, 0x0000000089300000|100%|HS|  |TAMS 0x0000000089200000| PB 0x0000000089200000| Complete 
| 147|0x0000000089300000, 0x0000000089400000, 0x0000000089400000|100%|HS|  |TAMS 0x0000000089300000| PB 0x0000000089300000| Complete 
| 148|0x0000000089400000, 0x0000000089500000, 0x0000000089500000|100%|HS|  |TAMS 0x0000000089400000| PB 0x0000000089400000| Complete 
| 149|0x0000000089500000, 0x0000000089600000, 0x0000000089600000|100%|HS|  |TAMS 0x0000000089500000| PB 0x0000000089500000| Complete 
| 150|0x0000000089600000, 0x0000000089700000, 0x0000000089700000|100%|HC|  |TAMS 0x0000000089600000| PB 0x0000000089600000| Complete 
| 151|0x0000000089700000, 0x0000000089700000, 0x0000000089800000|  0%| F|  |TAMS 0x0000000089700000| PB 0x0000000089700000| Untracked 
| 152|0x0000000089800000, 0x0000000089800000, 0x0000000089900000|  0%| F|  |TAMS 0x0000000089800000| PB 0x0000000089800000| Untracked 
| 153|0x0000000089900000, 0x0000000089900000, 0x0000000089a00000|  0%| F|  |TAMS 0x0000000089900000| PB 0x0000000089900000| Untracked 
| 154|0x0000000089a00000, 0x0000000089a00000, 0x0000000089b00000|  0%| F|  |TAMS 0x0000000089a00000| PB 0x0000000089a00000| Untracked 
| 155|0x0000000089b00000, 0x0000000089b00000, 0x0000000089c00000|  0%| F|  |TAMS 0x0000000089b00000| PB 0x0000000089b00000| Untracked 
| 156|0x0000000089c00000, 0x0000000089c00000, 0x0000000089d00000|  0%| F|  |TAMS 0x0000000089c00000| PB 0x0000000089c00000| Untracked 
| 157|0x0000000089d00000, 0x0000000089d00000, 0x0000000089e00000|  0%| F|  |TAMS 0x0000000089d00000| PB 0x0000000089d00000| Untracked 
| 158|0x0000000089e00000, 0x0000000089e00000, 0x0000000089f00000|  0%| F|  |TAMS 0x0000000089e00000| PB 0x0000000089e00000| Untracked 
| 159|0x0000000089f00000, 0x0000000089f00000, 0x000000008a000000|  0%| F|  |TAMS 0x0000000089f00000| PB 0x0000000089f00000| Untracked 
| 160|0x000000008a000000, 0x000000008a000000, 0x000000008a100000|  0%| F|  |TAMS 0x000000008a000000| PB 0x000000008a000000| Untracked 
| 161|0x000000008a100000, 0x000000008a100000, 0x000000008a200000|  0%| F|  |TAMS 0x000000008a100000| PB 0x000000008a100000| Untracked 
| 162|0x000000008a200000, 0x000000008a200000, 0x000000008a300000|  0%| F|  |TAMS 0x000000008a200000| PB 0x000000008a200000| Untracked 
| 163|0x000000008a300000, 0x000000008a300000, 0x000000008a400000|  0%| F|  |TAMS 0x000000008a300000| PB 0x000000008a300000| Untracked 
| 164|0x000000008a400000, 0x000000008a400000, 0x000000008a500000|  0%| F|  |TAMS 0x000000008a400000| PB 0x000000008a400000| Untracked 
| 165|0x000000008a500000, 0x000000008a5210e8, 0x000000008a600000| 12%| S|CS|TAMS 0x000000008a500000| PB 0x000000008a500000| Complete 
| 166|0x000000008a600000, 0x000000008a700000, 0x000000008a700000|100%| S|CS|TAMS 0x000000008a600000| PB 0x000000008a600000| Complete 
| 167|0x000000008a700000, 0x000000008a800000, 0x000000008a800000|100%| S|CS|TAMS 0x000000008a700000| PB 0x000000008a700000| Complete 
| 168|0x000000008a800000, 0x000000008a900000, 0x000000008a900000|100%| S|CS|TAMS 0x000000008a800000| PB 0x000000008a800000| Complete 
| 169|0x000000008a900000, 0x000000008aa00000, 0x000000008aa00000|100%| S|CS|TAMS 0x000000008a900000| PB 0x000000008a900000| Complete 
| 170|0x000000008aa00000, 0x000000008ab00000, 0x000000008ab00000|100%| S|CS|TAMS 0x000000008aa00000| PB 0x000000008aa00000| Complete 
| 171|0x000000008ab00000, 0x000000008ac00000, 0x000000008ac00000|100%| S|CS|TAMS 0x000000008ab00000| PB 0x000000008ab00000| Complete 
| 172|0x000000008ac00000, 0x000000008ad00000, 0x000000008ad00000|100%| S|CS|TAMS 0x000000008ac00000| PB 0x000000008ac00000| Complete 
| 173|0x000000008ad00000, 0x000000008ae00000, 0x000000008ae00000|100%| S|CS|TAMS 0x000000008ad00000| PB 0x000000008ad00000| Complete 
| 174|0x000000008ae00000, 0x000000008af00000, 0x000000008af00000|100%| S|CS|TAMS 0x000000008ae00000| PB 0x000000008ae00000| Complete 
| 175|0x000000008af00000, 0x000000008af00000, 0x000000008b000000|  0%| F|  |TAMS 0x000000008af00000| PB 0x000000008af00000| Untracked 
| 176|0x000000008b000000, 0x000000008b000000, 0x000000008b100000|  0%| F|  |TAMS 0x000000008b000000| PB 0x000000008b000000| Untracked 
| 177|0x000000008b100000, 0x000000008b100000, 0x000000008b200000|  0%| F|  |TAMS 0x000000008b100000| PB 0x000000008b100000| Untracked 
| 178|0x000000008b200000, 0x000000008b200000, 0x000000008b300000|  0%| F|  |TAMS 0x000000008b200000| PB 0x000000008b200000| Untracked 
| 179|0x000000008b300000, 0x000000008b300000, 0x000000008b400000|  0%| F|  |TAMS 0x000000008b300000| PB 0x000000008b300000| Untracked 
| 180|0x000000008b400000, 0x000000008b400000, 0x000000008b500000|  0%| F|  |TAMS 0x000000008b400000| PB 0x000000008b400000| Untracked 
| 181|0x000000008b500000, 0x000000008b500000, 0x000000008b600000|  0%| F|  |TAMS 0x000000008b500000| PB 0x000000008b500000| Untracked 
| 182|0x000000008b600000, 0x000000008b600000, 0x000000008b700000|  0%| F|  |TAMS 0x000000008b600000| PB 0x000000008b600000| Untracked 
| 183|0x000000008b700000, 0x000000008b700000, 0x000000008b800000|  0%| F|  |TAMS 0x000000008b700000| PB 0x000000008b700000| Untracked 
| 184|0x000000008b800000, 0x000000008b800000, 0x000000008b900000|  0%| F|  |TAMS 0x000000008b800000| PB 0x000000008b800000| Untracked 
| 185|0x000000008b900000, 0x000000008b900000, 0x000000008ba00000|  0%| F|  |TAMS 0x000000008b900000| PB 0x000000008b900000| Untracked 
| 186|0x000000008ba00000, 0x000000008ba00000, 0x000000008bb00000|  0%| F|  |TAMS 0x000000008ba00000| PB 0x000000008ba00000| Untracked 
| 187|0x000000008bb00000, 0x000000008bb00000, 0x000000008bc00000|  0%| F|  |TAMS 0x000000008bb00000| PB 0x000000008bb00000| Untracked 
| 188|0x000000008bc00000, 0x000000008bc00000, 0x000000008bd00000|  0%| F|  |TAMS 0x000000008bc00000| PB 0x000000008bc00000| Untracked 
| 189|0x000000008bd00000, 0x000000008bd00000, 0x000000008be00000|  0%| F|  |TAMS 0x000000008bd00000| PB 0x000000008bd00000| Untracked 
| 190|0x000000008be00000, 0x000000008be00000, 0x000000008bf00000|  0%| F|  |TAMS 0x000000008be00000| PB 0x000000008be00000| Untracked 
| 191|0x000000008bf00000, 0x000000008bf00000, 0x000000008c000000|  0%| F|  |TAMS 0x000000008bf00000| PB 0x000000008bf00000| Untracked 
| 192|0x000000008c000000, 0x000000008c000000, 0x000000008c100000|  0%| F|  |TAMS 0x000000008c000000| PB 0x000000008c000000| Untracked 
| 193|0x000000008c100000, 0x000000008c100000, 0x000000008c200000|  0%| F|  |TAMS 0x000000008c100000| PB 0x000000008c100000| Untracked 
| 194|0x000000008c200000, 0x000000008c200000, 0x000000008c300000|  0%| F|  |TAMS 0x000000008c200000| PB 0x000000008c200000| Untracked 
| 195|0x000000008c300000, 0x000000008c300000, 0x000000008c400000|  0%| F|  |TAMS 0x000000008c300000| PB 0x000000008c300000| Untracked 
| 196|0x000000008c400000, 0x000000008c400000, 0x000000008c500000|  0%| F|  |TAMS 0x000000008c400000| PB 0x000000008c400000| Untracked 
| 197|0x000000008c500000, 0x000000008c500000, 0x000000008c600000|  0%| F|  |TAMS 0x000000008c500000| PB 0x000000008c500000| Untracked 
| 198|0x000000008c600000, 0x000000008c600000, 0x000000008c700000|  0%| F|  |TAMS 0x000000008c600000| PB 0x000000008c600000| Untracked 
| 199|0x000000008c700000, 0x000000008c700000, 0x000000008c800000|  0%| F|  |TAMS 0x000000008c700000| PB 0x000000008c700000| Untracked 
| 200|0x000000008c800000, 0x000000008c800000, 0x000000008c900000|  0%| F|  |TAMS 0x000000008c800000| PB 0x000000008c800000| Untracked 
| 201|0x000000008c900000, 0x000000008c900000, 0x000000008ca00000|  0%| F|  |TAMS 0x000000008c900000| PB 0x000000008c900000| Untracked 
| 202|0x000000008ca00000, 0x000000008ca00000, 0x000000008cb00000|  0%| F|  |TAMS 0x000000008ca00000| PB 0x000000008ca00000| Untracked 
| 203|0x000000008cb00000, 0x000000008cb00000, 0x000000008cc00000|  0%| F|  |TAMS 0x000000008cb00000| PB 0x000000008cb00000| Untracked 
| 204|0x000000008cc00000, 0x000000008cc00000, 0x000000008cd00000|  0%| F|  |TAMS 0x000000008cc00000| PB 0x000000008cc00000| Untracked 
| 205|0x000000008cd00000, 0x000000008cd00000, 0x000000008ce00000|  0%| F|  |TAMS 0x000000008cd00000| PB 0x000000008cd00000| Untracked 
| 206|0x000000008ce00000, 0x000000008ce00000, 0x000000008cf00000|  0%| F|  |TAMS 0x000000008ce00000| PB 0x000000008ce00000| Untracked 
| 207|0x000000008cf00000, 0x000000008cf00000, 0x000000008d000000|  0%| F|  |TAMS 0x000000008cf00000| PB 0x000000008cf00000| Untracked 
| 208|0x000000008d000000, 0x000000008d000000, 0x000000008d100000|  0%| F|  |TAMS 0x000000008d000000| PB 0x000000008d000000| Untracked 
| 209|0x000000008d100000, 0x000000008d100000, 0x000000008d200000|  0%| F|  |TAMS 0x000000008d100000| PB 0x000000008d100000| Untracked 
| 210|0x000000008d200000, 0x000000008d200000, 0x000000008d300000|  0%| F|  |TAMS 0x000000008d200000| PB 0x000000008d200000| Untracked 
| 211|0x000000008d300000, 0x000000008d300000, 0x000000008d400000|  0%| F|  |TAMS 0x000000008d300000| PB 0x000000008d300000| Untracked 
| 212|0x000000008d400000, 0x000000008d400000, 0x000000008d500000|  0%| F|  |TAMS 0x000000008d400000| PB 0x000000008d400000| Untracked 
| 213|0x000000008d500000, 0x000000008d500000, 0x000000008d600000|  0%| F|  |TAMS 0x000000008d500000| PB 0x000000008d500000| Untracked 
| 214|0x000000008d600000, 0x000000008d600000, 0x000000008d700000|  0%| F|  |TAMS 0x000000008d600000| PB 0x000000008d600000| Untracked 
| 215|0x000000008d700000, 0x000000008d700000, 0x000000008d800000|  0%| F|  |TAMS 0x000000008d700000| PB 0x000000008d700000| Untracked 
| 216|0x000000008d800000, 0x000000008d800000, 0x000000008d900000|  0%| F|  |TAMS 0x000000008d800000| PB 0x000000008d800000| Untracked 
| 217|0x000000008d900000, 0x000000008d900000, 0x000000008da00000|  0%| F|  |TAMS 0x000000008d900000| PB 0x000000008d900000| Untracked 
| 218|0x000000008da00000, 0x000000008da00000, 0x000000008db00000|  0%| F|  |TAMS 0x000000008da00000| PB 0x000000008da00000| Untracked 
| 219|0x000000008db00000, 0x000000008db00000, 0x000000008dc00000|  0%| F|  |TAMS 0x000000008db00000| PB 0x000000008db00000| Untracked 
| 220|0x000000008dc00000, 0x000000008dc00000, 0x000000008dd00000|  0%| F|  |TAMS 0x000000008dc00000| PB 0x000000008dc00000| Untracked 
| 221|0x000000008dd00000, 0x000000008dd00000, 0x000000008de00000|  0%| F|  |TAMS 0x000000008dd00000| PB 0x000000008dd00000| Untracked 
| 222|0x000000008de00000, 0x000000008de00000, 0x000000008df00000|  0%| F|  |TAMS 0x000000008de00000| PB 0x000000008de00000| Untracked 
| 223|0x000000008df00000, 0x000000008df00000, 0x000000008e000000|  0%| F|  |TAMS 0x000000008df00000| PB 0x000000008df00000| Untracked 
| 224|0x000000008e000000, 0x000000008e000000, 0x000000008e100000|  0%| F|  |TAMS 0x000000008e000000| PB 0x000000008e000000| Untracked 
| 225|0x000000008e100000, 0x000000008e100000, 0x000000008e200000|  0%| F|  |TAMS 0x000000008e100000| PB 0x000000008e100000| Untracked 
| 226|0x000000008e200000, 0x000000008e200000, 0x000000008e300000|  0%| F|  |TAMS 0x000000008e200000| PB 0x000000008e200000| Untracked 
| 227|0x000000008e300000, 0x000000008e300000, 0x000000008e400000|  0%| F|  |TAMS 0x000000008e300000| PB 0x000000008e300000| Untracked 
| 228|0x000000008e400000, 0x000000008e400000, 0x000000008e500000|  0%| F|  |TAMS 0x000000008e400000| PB 0x000000008e400000| Untracked 
| 229|0x000000008e500000, 0x000000008e500000, 0x000000008e600000|  0%| F|  |TAMS 0x000000008e500000| PB 0x000000008e500000| Untracked 
| 230|0x000000008e600000, 0x000000008e600000, 0x000000008e700000|  0%| F|  |TAMS 0x000000008e600000| PB 0x000000008e600000| Untracked 
| 231|0x000000008e700000, 0x000000008e700000, 0x000000008e800000|  0%| F|  |TAMS 0x000000008e700000| PB 0x000000008e700000| Untracked 
| 232|0x000000008e800000, 0x000000008e800000, 0x000000008e900000|  0%| F|  |TAMS 0x000000008e800000| PB 0x000000008e800000| Untracked 
| 233|0x000000008e900000, 0x000000008e900000, 0x000000008ea00000|  0%| F|  |TAMS 0x000000008e900000| PB 0x000000008e900000| Untracked 
| 234|0x000000008ea00000, 0x000000008ea00000, 0x000000008eb00000|  0%| F|  |TAMS 0x000000008ea00000| PB 0x000000008ea00000| Untracked 
| 235|0x000000008eb00000, 0x000000008eb00000, 0x000000008ec00000|  0%| F|  |TAMS 0x000000008eb00000| PB 0x000000008eb00000| Untracked 
| 236|0x000000008ec00000, 0x000000008ec00000, 0x000000008ed00000|  0%| F|  |TAMS 0x000000008ec00000| PB 0x000000008ec00000| Untracked 
| 237|0x000000008ed00000, 0x000000008ed8d4a0, 0x000000008ee00000| 55%| E|  |TAMS 0x000000008ed00000| PB 0x000000008ed00000| Complete 
| 238|0x000000008ee00000, 0x000000008ef00000, 0x000000008ef00000|100%| E|CS|TAMS 0x000000008ee00000| PB 0x000000008ee00000| Complete 
| 239|0x000000008ef00000, 0x000000008f000000, 0x000000008f000000|100%| E|CS|TAMS 0x000000008ef00000| PB 0x000000008ef00000| Complete 
| 240|0x000000008f000000, 0x000000008f100000, 0x000000008f100000|100%| E|CS|TAMS 0x000000008f000000| PB 0x000000008f000000| Complete 
| 241|0x000000008f100000, 0x000000008f200000, 0x000000008f200000|100%| E|CS|TAMS 0x000000008f100000| PB 0x000000008f100000| Complete 
| 242|0x000000008f200000, 0x000000008f300000, 0x000000008f300000|100%| E|CS|TAMS 0x000000008f200000| PB 0x000000008f200000| Complete 
| 243|0x000000008f300000, 0x000000008f400000, 0x000000008f400000|100%| E|CS|TAMS 0x000000008f300000| PB 0x000000008f300000| Complete 
| 244|0x000000008f400000, 0x000000008f500000, 0x000000008f500000|100%| E|CS|TAMS 0x000000008f400000| PB 0x000000008f400000| Complete 
| 245|0x000000008f500000, 0x000000008f600000, 0x000000008f600000|100%| E|CS|TAMS 0x000000008f500000| PB 0x000000008f500000| Complete 
| 246|0x000000008f600000, 0x000000008f700000, 0x000000008f700000|100%| E|CS|TAMS 0x000000008f600000| PB 0x000000008f600000| Complete 
| 247|0x000000008f700000, 0x000000008f800000, 0x000000008f800000|100%| E|CS|TAMS 0x000000008f700000| PB 0x000000008f700000| Complete 
| 248|0x000000008f800000, 0x000000008f900000, 0x000000008f900000|100%| E|CS|TAMS 0x000000008f800000| PB 0x000000008f800000| Complete 
| 249|0x000000008f900000, 0x000000008fa00000, 0x000000008fa00000|100%| E|CS|TAMS 0x000000008f900000| PB 0x000000008f900000| Complete 
| 250|0x000000008fa00000, 0x000000008fb00000, 0x000000008fb00000|100%| E|CS|TAMS 0x000000008fa00000| PB 0x000000008fa00000| Complete 
| 251|0x000000008fb00000, 0x000000008fc00000, 0x000000008fc00000|100%| E|CS|TAMS 0x000000008fb00000| PB 0x000000008fb00000| Complete 
| 252|0x000000008fc00000, 0x000000008fd00000, 0x000000008fd00000|100%| E|CS|TAMS 0x000000008fc00000| PB 0x000000008fc00000| Complete 
| 253|0x000000008fd00000, 0x000000008fe00000, 0x000000008fe00000|100%| E|CS|TAMS 0x000000008fd00000| PB 0x000000008fd00000| Complete 
| 254|0x000000008fe00000, 0x000000008ff00000, 0x000000008ff00000|100%| E|CS|TAMS 0x000000008fe00000| PB 0x000000008fe00000| Complete 
| 255|0x000000008ff00000, 0x0000000090000000, 0x0000000090000000|100%| E|CS|TAMS 0x000000008ff00000| PB 0x000000008ff00000| Complete 
| 256|0x0000000090000000, 0x0000000090100000, 0x0000000090100000|100%| E|CS|TAMS 0x0000000090000000| PB 0x0000000090000000| Complete 
| 257|0x0000000090100000, 0x0000000090200000, 0x0000000090200000|100%| E|CS|TAMS 0x0000000090100000| PB 0x0000000090100000| Complete 
| 258|0x0000000090200000, 0x0000000090300000, 0x0000000090300000|100%| E|CS|TAMS 0x0000000090200000| PB 0x0000000090200000| Complete 
| 259|0x0000000090300000, 0x0000000090400000, 0x0000000090400000|100%| E|CS|TAMS 0x0000000090300000| PB 0x0000000090300000| Complete 
| 260|0x0000000090400000, 0x0000000090500000, 0x0000000090500000|100%| E|CS|TAMS 0x0000000090400000| PB 0x0000000090400000| Complete 
| 261|0x0000000090500000, 0x0000000090600000, 0x0000000090600000|100%| E|CS|TAMS 0x0000000090500000| PB 0x0000000090500000| Complete 
| 262|0x0000000090600000, 0x0000000090700000, 0x0000000090700000|100%| E|CS|TAMS 0x0000000090600000| PB 0x0000000090600000| Complete 
|2042|0x00000000ffa00000, 0x00000000ffb00000, 0x00000000ffb00000|100%| O|  |TAMS 0x00000000ffa00000| PB 0x00000000ffa00000| Untracked 
|2043|0x00000000ffb00000, 0x00000000ffc00000, 0x00000000ffc00000|100%| O|  |TAMS 0x00000000ffb00000| PB 0x00000000ffb00000| Untracked 
|2044|0x00000000ffc00000, 0x00000000ffd00000, 0x00000000ffd00000|100%| E|CS|TAMS 0x00000000ffc00000| PB 0x00000000ffc00000| Complete 
|2045|0x00000000ffd00000, 0x00000000ffe00000, 0x00000000ffe00000|100%| E|CS|TAMS 0x00000000ffd00000| PB 0x00000000ffd00000| Complete 
|2046|0x00000000ffe00000, 0x00000000fff00000, 0x00000000fff00000|100%| E|CS|TAMS 0x00000000ffe00000| PB 0x00000000ffe00000| Complete 
|2047|0x00000000fff00000, 0x0000000100000000, 0x0000000100000000|100%| E|CS|TAMS 0x00000000fff00000| PB 0x00000000fff00000| Complete 

Card table byte_map: [0x000001f1369a0000,0x000001f136da0000] _byte_map_base: 0x000001f1365a0000

Marking Bits: (CMBitMap*) 0x000001f121e1e670
 Bits: [0x000001f136da0000, 0x000001f138da0000)

Polling page: 0x000001f122190000

Metaspace:

Usage:
  Non-class:     96.88 MB used.
      Class:     14.98 MB used.
       Both:    111.86 MB used.

Virtual space:
  Non-class space:      128.00 MB reserved,      98.00 MB ( 77%) committed,  2 nodes.
      Class space:        1.00 GB reserved,      16.12 MB (  2%) committed,  1 nodes.
             Both:        1.12 GB reserved,     114.12 MB ( 10%) committed. 

Chunk freelists:
   Non-Class:  13.94 MB
       Class:  15.70 MB
        Both:  29.64 MB

MaxMetaspaceSize: unlimited
CompressedClassSpaceSize: 1.00 GB
Initial GC threshold: 21.00 MB
Current GC threshold: 184.50 MB
CDS: off
 - commit_granule_bytes: 65536.
 - commit_granule_words: 8192.
 - virtual_space_node_default_size: 8388608.
 - enlarge_chunks_in_place: 1.
 - use_allocation_guard: 0.


Internal statistics:

num_allocs_failed_limit: 6.
num_arena_births: 4396.
num_arena_deaths: 0.
num_vsnodes_births: 3.
num_vsnodes_deaths: 0.
num_space_committed: 1825.
num_space_uncommitted: 0.
num_chunks_returned_to_freelist: 6.
num_chunks_taken_from_freelist: 9339.
num_chunk_merges: 3.
num_chunk_splits: 6088.
num_chunks_enlarged: 3813.
num_inconsistent_stats: 0.

CodeHeap 'non-profiled nmethods': size=120000Kb used=5862Kb max_used=6100Kb free=114137Kb
 bounds [0x000001f12ed40000, 0x000001f12f340000, 0x000001f136270000]
CodeHeap 'profiled nmethods': size=120000Kb used=18351Kb max_used=18498Kb free=101648Kb
 bounds [0x000001f127270000, 0x000001f128490000, 0x000001f12e7a0000]
CodeHeap 'non-nmethods': size=5760Kb used=2882Kb max_used=2907Kb free=2877Kb
 bounds [0x000001f12e7a0000, 0x000001f12ea90000, 0x000001f12ed40000]
 total_blobs=10978 nmethods=9979 adapters=903
 compilation: enabled
              stopped_count=0, restarted_count=0
 full_count=0

Compilation events (20 events):
Event: 21.384 Thread 0x000001f13b9dfb70 11744       1       org.gradle.api.internal.artifacts.DefaultPublishArtifactSet::getFiles (5 bytes)
Event: 21.384 Thread 0x000001f13b9dfb70 nmethod 11744 0x000001f12f28ba90 code [0x000001f12f28bc20, 0x000001f12f28bce8]
Event: 21.384 Thread 0x000001f13b9dfb70 11742       3       org.gradle.api.internal.collections.AbstractIterationOrderRetainingElementSource$RealizedElementCollectionIterator::<init> (55 bytes)
Event: 21.384 Thread 0x000001f13b9dfb70 nmethod 11742 0x000001f127411810 code [0x000001f1274119e0, 0x000001f127411cb0]
Event: 21.384 Thread 0x000001f13b9dfb70 11746       3       org.gradle.internal.execution.DefaultWorkExecutionTracker$OperationListener::isTransformAction (11 bytes)
Event: 21.385 Thread 0x000001f13b9dfb70 nmethod 11746 0x000001f128090c90 code [0x000001f128090e40, 0x000001f128091008]
Event: 21.385 Thread 0x000001f13b9dfb70 11747       3       org.gradle.api.internal.collections.AbstractIterationOrderRetainingElementSource::realizePending (54 bytes)
Event: 21.385 Thread 0x000001f13b9dfb70 nmethod 11747 0x000001f1276cda90 code [0x000001f1276cdca0, 0x000001f1276ce228]
Event: 21.388 Thread 0x000001f13b9dfb70 11748       1       java.nio.DirectByteBuffer::isReadOnly (2 bytes)
Event: 21.388 Thread 0x000001f13b9dfb70 nmethod 11748 0x000001f12ef6ba90 code [0x000001f12ef6bc20, 0x000001f12ef6bce8]
Event: 21.388 Thread 0x000001f13b9dfb70 11749       3       org.gradle.internal.serialize.DefaultSerializerRegistry$TaggedTypeSerializer::write (37 bytes)
Event: 21.388 Thread 0x000001f13b9dfb70 nmethod 11749 0x000001f127b58890 code [0x000001f127b58a80, 0x000001f127b58f00]
Event: 21.389 Thread 0x000001f13b9dfb70 11750       3       org.gradle.internal.serialize.DefaultSerializerRegistry$TaggedTypeSerializer::map (110 bytes)
Event: 21.389 Thread 0x000001f13b9dfb70 nmethod 11750 0x000001f12728b110 code [0x000001f12728b480, 0x000001f12728cac0]
Event: 21.485 Thread 0x000001f13b9dfb70 11751       3       javax.management.ObjectName::isPropertyListPattern (17 bytes)
Event: 21.486 Thread 0x000001f13b9dfb70 nmethod 11751 0x000001f127523790 code [0x000001f127523920, 0x000001f127523a88]
Event: 21.875 Thread 0x000001f13b9dfb70 11752       3       java.util.concurrent.TimeUnit::toNanos (45 bytes)
Event: 21.876 Thread 0x000001f13b9dfb70 nmethod 11752 0x000001f12811cb90 code [0x000001f12811cd40, 0x000001f12811cf90]
Event: 22.243 Thread 0x000001f13b9dfb70 11753   !   3       java.util.concurrent.locks.AbstractQueuedSynchronizer::acquire (424 bytes)
Event: 22.245 Thread 0x000001f13b9dfb70 nmethod 11753 0x000001f127d75990 code [0x000001f127d75d60, 0x000001f127d77690]

GC Heap History (20 events):
Event: 13.105 GC heap before
{Heap before GC invocations=27 (full 0):
 garbage-first heap   total 165888K, used 149245K [0x0000000080000000, 0x0000000100000000)
  region size 1024K, 51 young (52224K), 7 survivors (7168K)
 Metaspace       used 73804K, committed 75712K, reserved 1114112K
  class space    used 10014K, committed 10944K, reserved 1048576K
}
Event: 13.113 GC heap after
{Heap after GC invocations=28 (full 0):
 garbage-first heap   total 199680K, used 106715K [0x0000000080000000, 0x0000000100000000)
  region size 1024K, 4 young (4096K), 4 survivors (4096K)
 Metaspace       used 73804K, committed 75712K, reserved 1114112K
  class space    used 10014K, committed 10944K, reserved 1048576K
}
Event: 13.578 GC heap before
{Heap before GC invocations=29 (full 0):
 garbage-first heap   total 199680K, used 177371K [0x0000000080000000, 0x0000000100000000)
  region size 1024K, 74 young (75776K), 4 survivors (4096K)
 Metaspace       used 73889K, committed 75712K, reserved 1114112K
  class space    used 10014K, committed 10944K, reserved 1048576K
}
Event: 13.582 GC heap after
{Heap after GC invocations=30 (full 0):
 garbage-first heap   total 199680K, used 107832K [0x0000000080000000, 0x0000000100000000)
  region size 1024K, 5 young (5120K), 5 survivors (5120K)
 Metaspace       used 73889K, committed 75712K, reserved 1114112K
  class space    used 10014K, committed 10944K, reserved 1048576K
}
Event: 14.504 GC heap before
{Heap before GC invocations=30 (full 0):
 garbage-first heap   total 199680K, used 195896K [0x0000000080000000, 0x0000000100000000)
  region size 1024K, 78 young (79872K), 5 survivors (5120K)
 Metaspace       used 76641K, committed 78592K, reserved 1179648K
  class space    used 10345K, committed 11328K, reserved 1048576K
}
Event: 14.512 GC heap after
{Heap after GC invocations=31 (full 0):
 garbage-first heap   total 211968K, used 128346K [0x0000000080000000, 0x0000000100000000)
  region size 1024K, 10 young (10240K), 10 survivors (10240K)
 Metaspace       used 76641K, committed 78592K, reserved 1179648K
  class space    used 10345K, committed 11328K, reserved 1048576K
}
Event: 15.358 GC heap before
{Heap before GC invocations=31 (full 0):
 garbage-first heap   total 211968K, used 189786K [0x0000000080000000, 0x0000000100000000)
  region size 1024K, 70 young (71680K), 10 survivors (10240K)
 Metaspace       used 83235K, committed 85248K, reserved 1179648K
  class space    used 11093K, committed 12096K, reserved 1048576K
}
Event: 15.365 GC heap after
{Heap after GC invocations=32 (full 0):
 garbage-first heap   total 211968K, used 131375K [0x0000000080000000, 0x0000000100000000)
  region size 1024K, 2 young (2048K), 2 survivors (2048K)
 Metaspace       used 83235K, committed 85248K, reserved 1179648K
  class space    used 11093K, committed 12096K, reserved 1048576K
}
Event: 16.289 GC heap before
{Heap before GC invocations=33 (full 0):
 garbage-first heap   total 220160K, used 198959K [0x0000000080000000, 0x0000000100000000)
  region size 1024K, 63 young (64512K), 2 survivors (2048K)
 Metaspace       used 87973K, committed 90112K, reserved 1179648K
  class space    used 11736K, committed 12800K, reserved 1048576K
}
Event: 16.295 GC heap after
{Heap after GC invocations=34 (full 0):
 garbage-first heap   total 220160K, used 138464K [0x0000000080000000, 0x0000000100000000)
  region size 1024K, 8 young (8192K), 8 survivors (8192K)
 Metaspace       used 87973K, committed 90112K, reserved 1179648K
  class space    used 11736K, committed 12800K, reserved 1048576K
}
Event: 17.217 GC heap before
{Heap before GC invocations=34 (full 0):
 garbage-first heap   total 220160K, used 201952K [0x0000000080000000, 0x0000000100000000)
  region size 1024K, 67 young (68608K), 8 survivors (8192K)
 Metaspace       used 93748K, committed 95808K, reserved 1179648K
  class space    used 12473K, committed 13504K, reserved 1048576K
}
Event: 17.225 GC heap after
{Heap after GC invocations=35 (full 0):
 garbage-first heap   total 220160K, used 143379K [0x0000000080000000, 0x0000000100000000)
  region size 1024K, 4 young (4096K), 4 survivors (4096K)
 Metaspace       used 93748K, committed 95808K, reserved 1179648K
  class space    used 12473K, committed 13504K, reserved 1048576K
}
Event: 17.935 GC heap before
{Heap before GC invocations=35 (full 0):
 garbage-first heap   total 220160K, used 202771K [0x0000000080000000, 0x0000000100000000)
  region size 1024K, 62 young (63488K), 4 survivors (4096K)
 Metaspace       used 97486K, committed 99520K, reserved 1179648K
  class space    used 12999K, committed 14016K, reserved 1048576K
}
Event: 17.940 GC heap after
{Heap after GC invocations=36 (full 0):
 garbage-first heap   total 220160K, used 148194K [0x0000000080000000, 0x0000000100000000)
  region size 1024K, 8 young (8192K), 8 survivors (8192K)
 Metaspace       used 97486K, committed 99520K, reserved 1179648K
  class space    used 12999K, committed 14016K, reserved 1048576K
}
Event: 18.484 GC heap before
{Heap before GC invocations=37 (full 0):
 garbage-first heap   total 247808K, used 198370K [0x0000000080000000, 0x0000000100000000)
  region size 1024K, 57 young (58368K), 8 survivors (8192K)
 Metaspace       used 99797K, committed 101888K, reserved 1179648K
  class space    used 13289K, committed 14336K, reserved 1048576K
}
Event: 18.492 GC heap after
{Heap after GC invocations=38 (full 0):
 garbage-first heap   total 247808K, used 150427K [0x0000000080000000, 0x0000000100000000)
  region size 1024K, 5 young (5120K), 5 survivors (5120K)
 Metaspace       used 99797K, committed 101888K, reserved 1179648K
  class space    used 13289K, committed 14336K, reserved 1048576K
}
Event: 19.621 GC heap before
{Heap before GC invocations=38 (full 0):
 garbage-first heap   total 247808K, used 226203K [0x0000000080000000, 0x0000000100000000)
  region size 1024K, 78 young (79872K), 5 survivors (5120K)
 Metaspace       used 105438K, committed 107584K, reserved 1179648K
  class space    used 14227K, committed 15296K, reserved 1048576K
}
Event: 19.628 GC heap after
{Heap after GC invocations=39 (full 0):
 garbage-first heap   total 247808K, used 150958K [0x0000000080000000, 0x0000000100000000)
  region size 1024K, 6 young (6144K), 6 survivors (6144K)
 Metaspace       used 105438K, committed 107584K, reserved 1179648K
  class space    used 14227K, committed 15296K, reserved 1048576K
}
Event: 20.780 GC heap before
{Heap before GC invocations=39 (full 0):
 garbage-first heap   total 247808K, used 215470K [0x0000000080000000, 0x0000000100000000)
  region size 1024K, 71 young (72704K), 6 survivors (6144K)
 Metaspace       used 109905K, committed 112128K, reserved 1179648K
  class space    used 14759K, committed 15872K, reserved 1048576K
}
Event: 20.792 GC heap after
{Heap after GC invocations=40 (full 0):
 garbage-first heap   total 247808K, used 158055K [0x0000000080000000, 0x0000000100000000)
  region size 1024K, 10 young (10240K), 10 survivors (10240K)
 Metaspace       used 109905K, committed 112128K, reserved 1179648K
  class space    used 14759K, committed 15872K, reserved 1048576K
}

Dll operation events (3 events):
Event: 0.015 Loaded shared library C:\Program Files\Android\Android Studio\jbr\bin\java.dll
Event: 0.022 Loaded shared library C:\Program Files\Android\Android Studio\jbr\bin\zip.dll
Event: 0.841 Loaded shared library C:\Program Files\Android\Android Studio\jbr\bin\verify.dll

Deoptimization events (20 events):
Event: 21.354 Thread 0x000001f141b9f3a0 Uncommon trap: trap_request=0xffffff45 fr.pc=0x000001f12ede2f94 relative=0x00000000000004b4
Event: 21.354 Thread 0x000001f141b9f3a0 Uncommon trap: reason=unstable_if action=reinterpret pc=0x000001f12ede2f94 method=java.lang.Integer.stringSize(I)I @ 3 c2
Event: 21.354 Thread 0x000001f141b9f3a0 DEOPT PACKING pc=0x000001f12ede2f94 sp=0x000000970abfaf90
Event: 21.354 Thread 0x000001f141b9f3a0 DEOPT UNPACKING pc=0x000001f12e7f46a2 sp=0x000000970abfae88 mode 2
Event: 21.354 Thread 0x000001f141b9f3a0 Uncommon trap: trap_request=0xffffff45 fr.pc=0x000001f12ee1af64 relative=0x0000000000000224
Event: 21.354 Thread 0x000001f141b9f3a0 Uncommon trap: reason=unstable_if action=reinterpret pc=0x000001f12ee1af64 method=java.lang.Integer.getChars(II[B)I @ 4 c2
Event: 21.354 Thread 0x000001f141b9f3a0 DEOPT PACKING pc=0x000001f12ee1af64 sp=0x000000970abfaee0
Event: 21.354 Thread 0x000001f141b9f3a0 DEOPT UNPACKING pc=0x000001f12e7f46a2 sp=0x000000970abfae70 mode 2
Event: 21.359 Thread 0x000001f141b9f3a0 Uncommon trap: trap_request=0xffffff45 fr.pc=0x000001f12ee1a7e8 relative=0x00000000000000c8
Event: 21.359 Thread 0x000001f141b9f3a0 Uncommon trap: reason=unstable_if action=reinterpret pc=0x000001f12ee1a7e8 method=java.lang.Integer.stringSize(I)I @ 3 c2
Event: 21.359 Thread 0x000001f141b9f3a0 DEOPT PACKING pc=0x000001f12ee1a7e8 sp=0x000000970abfaf10
Event: 21.359 Thread 0x000001f141b9f3a0 DEOPT UNPACKING pc=0x000001f12e7f46a2 sp=0x000000970abfae98 mode 2
Event: 21.360 Thread 0x000001f140ff6c60 Uncommon trap: trap_request=0xffffff45 fr.pc=0x000001f12efc8e78 relative=0x0000000000000138
Event: 21.360 Thread 0x000001f140ff6c60 Uncommon trap: reason=unstable_if action=reinterpret pc=0x000001f12efc8e78 method=java.lang.ThreadLocal.get(Ljava/lang/Thread;)Ljava/lang/Object; @ 7 c2
Event: 21.360 Thread 0x000001f140ff6c60 DEOPT PACKING pc=0x000001f12efc8e78 sp=0x000000970f7fee70
Event: 21.360 Thread 0x000001f140ff6c60 DEOPT UNPACKING pc=0x000001f12e7f46a2 sp=0x000000970f7fee08 mode 2
Event: 21.361 Thread 0x000001f141b9f3a0 Uncommon trap: trap_request=0xffffff45 fr.pc=0x000001f12edba4fc relative=0x000000000000049c
Event: 21.361 Thread 0x000001f141b9f3a0 Uncommon trap: reason=unstable_if action=reinterpret pc=0x000001f12edba4fc method=java.lang.Integer.stringSize(I)I @ 3 c2
Event: 21.361 Thread 0x000001f141b9f3a0 DEOPT PACKING pc=0x000001f12edba4fc sp=0x000000970abfaf40
Event: 21.361 Thread 0x000001f141b9f3a0 DEOPT UNPACKING pc=0x000001f12e7f46a2 sp=0x000000970abfae90 mode 2

Classes loaded (20 events):
Event: 20.895 Loading class java/io/NotSerializableException
Event: 20.895 Loading class java/io/NotSerializableException done
Event: 21.047 Loading class java/util/TreeMap$AscendingSubMap
Event: 21.050 Loading class java/util/TreeMap$NavigableSubMap
Event: 21.050 Loading class java/util/TreeMap$NavigableSubMap done
Event: 21.050 Loading class java/util/TreeMap$AscendingSubMap done
Event: 21.051 Loading class java/util/TreeMap$NavigableSubMap$SubMapKeyIterator
Event: 21.051 Loading class java/util/TreeMap$NavigableSubMap$SubMapIterator
Event: 21.051 Loading class java/util/TreeMap$NavigableSubMap$SubMapIterator done
Event: 21.051 Loading class java/util/TreeMap$NavigableSubMap$SubMapKeyIterator done
Event: 21.179 Loading class java/util/stream/ReduceOps$5
Event: 21.179 Loading class java/util/stream/ReduceOps$5 done
Event: 21.179 Loading class java/util/stream/ReduceOps$CountingSink$OfRef
Event: 21.180 Loading class java/util/stream/ReduceOps$CountingSink
Event: 21.180 Loading class java/util/stream/ReduceOps$CountingSink done
Event: 21.180 Loading class java/util/stream/ReduceOps$CountingSink$OfRef done
Event: 21.307 Loading class java/util/TreeMap$KeySpliterator
Event: 21.307 Loading class java/util/TreeMap$TreeMapSpliterator
Event: 21.307 Loading class java/util/TreeMap$TreeMapSpliterator done
Event: 21.307 Loading class java/util/TreeMap$KeySpliterator done

Classes unloaded (0 events):
No events

Classes redefined (0 events):
No events

Internal exceptions (20 events):
Event: 20.851 Thread 0x000001f1418782b0 Exception <a 'java/lang/NoSuchMethodError'{0x00000000ffd22b30}: static Lorg/gradle/internal/build/event/types/DefaultSuccessResult;.<clinit>()V> (0x00000000ffd22b30) 
thrown [s\src\hotspot\share\prims\jni.cpp, line 1139]
Event: 20.852 Thread 0x000001f1418782b0 Exception <a 'java/lang/NoSuchMethodError'{0x00000000ffd246f8}: static Lorg/gradle/internal/build/event/types/AbstractOperationResult;.<clinit>()V> (0x00000000ffd246f8) 
thrown [s\src\hotspot\share\prims\jni.cpp, line 1139]
Event: 20.852 Thread 0x000001f1418782b0 Exception <a 'java/lang/NoSuchMethodError'{0x00000000ffd258d0}: static Lorg/gradle/internal/build/event/types/AbstractResult;.<clinit>()V> (0x00000000ffd258d0) 
thrown [s\src\hotspot\share\prims\jni.cpp, line 1139]
Event: 21.044 Thread 0x000001f143125e00 Implicit null exception at 0x000001f12f0d268b to 0x000001f12f0d275c
Event: 21.044 Thread 0x000001f143125e00 Implicit null exception at 0x000001f12f25a50e to 0x000001f12f25acc0
Event: 21.052 Thread 0x000001f141b9f3a0 Exception <a 'java/lang/NoSuchMethodError'{0x000000009014ce50}: 'void java.lang.invoke.DirectMethodHandle$Holder.invokeSpecial(java.lang.Object, java.lang.Object, java.lang.Object, java.lang.Object, java.lang.Object, java.lang.Object, java.lang.Object, java.lang.Object, java.lang.Object)'> (0x000000009014ce50) 
thrown [s\src\hotspot\share\interpreter\linkResolver.cpp, line 784]
Event: 21.092 Thread 0x000001f1418782b0 Exception <a 'java/lang/NoSuchMethodError'{0x000000008ff08550}: static Lorg/gradle/tooling/internal/provider/PhasedBuildActionResult;.<clinit>()V> (0x000000008ff08550) 
thrown [s\src\hotspot\share\prims\jni.cpp, line 1139]
Event: 21.093 Thread 0x000001f1418782b0 Exception <a 'java/lang/NoSuchMethodError'{0x000000008ff92488}: static Lorg/gradle/tooling/internal/provider/serialization/SerializedPayload;.<clinit>()V> (0x000000008ff92488) 
thrown [s\src\hotspot\share\prims\jni.cpp, line 1139]
Event: 21.094 Thread 0x000001f1418782b0 Exception <a 'java/lang/NoSuchMethodError'{0x000000008ff95fa8}: static [B.<clinit>()V> (0x000000008ff95fa8) 
thrown [s\src\hotspot\share\prims\jni.cpp, line 1139]
Event: 21.180 Thread 0x000001f141b9f3a0 Implicit null exception at 0x000001f12efac680 to 0x000001f12efac6ac
Event: 21.244 Thread 0x000001f143125e00 Exception <a 'java/lang/NoSuchMethodError'{0x000000008f939028}: 'java.lang.Object java.lang.invoke.DirectMethodHandle$Holder.newInvokeSpecial(java.lang.Object, java.lang.Object, int, java.lang.Object, java.lang.Object)'> (0x000000008f939028) 
thrown [s\src\hotspot\share\interpreter\linkResolver.cpp, line 784]
Event: 21.297 Thread 0x000001f143129fa0 Exception <a 'java/lang/NoSuchMethodError'{0x000000008f6cb9f0}: 'java.lang.Object java.lang.invoke.DirectMethodHandle$Holder.invokeVirtual(java.lang.Object, java.lang.Object, java.lang.Object, java.lang.Object, java.lang.Object, java.lang.Object, java.lang.Object, java.lang.Object, java.lang.Object, java.lang.Object, java.lang.Object, java.lang.Object, java.lang.Object, java.lang.Object, java.lang.Object, java.lang.Object, java.lang.Object, java.lang.Object, java.lang.Object)'> (0x000000008f6cb9f0) 
thrown
Event: 21.316 Thread 0x000001f1418782b0 Exception <a 'java/lang/NoSuchMethodError'{0x000000008f5bed40}: static Lorg/gradle/internal/build/event/types/DefaultTaskStartedProgressEvent;.<clinit>()V> (0x000000008f5bed40) 
thrown [s\src\hotspot\share\prims\jni.cpp, line 1139]
Event: 21.317 Thread 0x000001f1418782b0 Exception <a 'java/lang/NoSuchMethodError'{0x000000008f5c9f78}: static Lorg/gradle/internal/build/event/types/DefaultTaskDescriptor;.<clinit>()V> (0x000000008f5c9f78) 
thrown [s\src\hotspot\share\prims\jni.cpp, line 1139]
Event: 21.323 Thread 0x000001f1418782b0 Exception <a 'java/lang/NoSuchMethodError'{0x000000008f41bfa8}: static Lorg/gradle/internal/build/event/types/DefaultTaskFinishedProgressEvent;.<clinit>()V> (0x000000008f41bfa8) 
thrown [s\src\hotspot\share\prims\jni.cpp, line 1139]
Event: 21.325 Thread 0x000001f1418782b0 Exception <a 'java/lang/NoSuchMethodError'{0x000000008f47ae98}: static Lorg/gradle/internal/build/event/types/DefaultTaskSuccessResult;.<clinit>()V> (0x000000008f47ae98) 
thrown [s\src\hotspot\share\prims\jni.cpp, line 1139]
Event: 21.325 Thread 0x000001f1418782b0 Exception <a 'java/lang/NoSuchMethodError'{0x000000008f47c5d8}: static Lorg/gradle/internal/build/event/types/AbstractTaskResult;.<clinit>()V> (0x000000008f47c5d8) 
thrown [s\src\hotspot\share\prims\jni.cpp, line 1139]
Event: 21.346 Thread 0x000001f14434bb60 Exception <a 'java/lang/NoSuchMethodError'{0x000000008f3e2a48}: static Ljava/lang/Object;.<clinit>()V> (0x000000008f3e2a48) 
thrown [s\src\hotspot\share\prims\jni.cpp, line 1139]
Event: 21.346 Thread 0x000001f14434bb60 Exception <a 'java/lang/NoSuchMethodError'{0x000000008f2006d8}: static Lorg/jetbrains/kotlin/gradle/plugin/statistics/MetricContainer;.<clinit>()V> (0x000000008f2006d8) 
thrown [s\src\hotspot\share\prims\jni.cpp, line 1139]
Event: 21.360 Thread 0x000001f140ff6c60 Implicit null exception at 0x000001f12efc8d87 to 0x000001f12efc8e60

ZGC Phase Switch (0 events):
No events

VM Operations (20 events):
Event: 19.628 Executing VM operation: G1CollectForAllocation (G1 Evacuation Pause) done
Event: 20.623 Executing VM operation: ICBufferFull
Event: 20.623 Executing VM operation: ICBufferFull done
Event: 20.780 Executing VM operation: G1TryInitiateConcMark (G1 Humongous Allocation)
Event: 20.792 Executing VM operation: G1TryInitiateConcMark (G1 Humongous Allocation) done
Event: 20.883 Executing VM operation: G1PauseRemark
Event: 20.889 Executing VM operation: G1PauseRemark done
Event: 20.936 Executing VM operation: G1PauseCleanup
Event: 20.936 Executing VM operation: G1PauseCleanup done
Event: 21.078 Executing VM operation: HandshakeAllThreads (Deoptimize)
Event: 21.079 Executing VM operation: HandshakeAllThreads (Deoptimize) done
Event: 21.141 Executing VM operation: HandshakeAllThreads (Deoptimize)
Event: 21.141 Executing VM operation: HandshakeAllThreads (Deoptimize) done
Event: 21.312 Executing VM operation: HandshakeAllThreads (Deoptimize)
Event: 21.312 Executing VM operation: HandshakeAllThreads (Deoptimize) done
Event: 21.314 Executing VM operation: HandshakeAllThreads (Deoptimize)
Event: 21.314 Executing VM operation: HandshakeAllThreads (Deoptimize) done
Event: 21.321 Executing VM operation: HandshakeAllThreads (Deoptimize)
Event: 21.321 Executing VM operation: HandshakeAllThreads (Deoptimize) done
Event: 22.322 Executing VM operation: Cleanup

Memory protections (0 events):
No events

Nmethod flushes (20 events):
Event: 20.888 Thread 0x000001f13b8012b0 flushing  nmethod 0x000001f1272bb910
Event: 20.888 Thread 0x000001f13b8012b0 flushing  nmethod 0x000001f1272c0690
Event: 20.888 Thread 0x000001f13b8012b0 flushing  nmethod 0x000001f1272c1090
Event: 20.888 Thread 0x000001f13b8012b0 flushing  nmethod 0x000001f1273f4410
Event: 20.888 Thread 0x000001f13b8012b0 flushing  nmethod 0x000001f1275b9110
Event: 20.888 Thread 0x000001f13b8012b0 flushing  nmethod 0x000001f127621010
Event: 20.888 Thread 0x000001f13b8012b0 flushing  nmethod 0x000001f127621590
Event: 20.888 Thread 0x000001f13b8012b0 flushing  nmethod 0x000001f127676c10
Event: 20.888 Thread 0x000001f13b8012b0 flushing  nmethod 0x000001f127678290
Event: 20.888 Thread 0x000001f13b8012b0 flushing  nmethod 0x000001f1278d6910
Event: 20.888 Thread 0x000001f13b8012b0 flushing  nmethod 0x000001f1279e5890
Event: 20.888 Thread 0x000001f13b8012b0 flushing  nmethod 0x000001f127ba6110
Event: 20.888 Thread 0x000001f13b8012b0 flushing  nmethod 0x000001f127ba8110
Event: 20.888 Thread 0x000001f13b8012b0 flushing  nmethod 0x000001f127d0ad90
Event: 20.888 Thread 0x000001f13b8012b0 flushing  nmethod 0x000001f128090c90
Event: 20.888 Thread 0x000001f13b8012b0 flushing  nmethod 0x000001f128146e90
Event: 20.888 Thread 0x000001f13b8012b0 flushing  nmethod 0x000001f12825e590
Event: 20.888 Thread 0x000001f13b8012b0 flushing  nmethod 0x000001f12825ef90
Event: 20.888 Thread 0x000001f13b8012b0 flushing  nmethod 0x000001f12825f690
Event: 20.888 Thread 0x000001f13b8012b0 flushing  nmethod 0x000001f12825fa90

Events (20 events):
Event: 18.116 Thread 0x000001f13b9de160 Thread added: 0x000001f14015e770
Event: 19.035 Thread 0x000001f14015e770 Thread exited: 0x000001f14015e770
Event: 19.134 Thread 0x000001f13b9dfb70 Thread added: 0x000001f14015e770
Event: 19.357 Thread 0x000001f14015e770 Thread exited: 0x000001f14015e770
Event: 20.600 Thread 0x000001f13b9dfb70 Thread added: 0x000001f140163930
Event: 20.845 Thread 0x000001f141b9f3a0 Thread added: 0x000001f14434efe0
Event: 20.980 Thread 0x000001f140163930 Thread exited: 0x000001f140163930
Event: 21.044 Thread 0x000001f141b9f3a0 Thread added: 0x000001f143125e00
Event: 21.076 Thread 0x000001f143125e00 Thread exited: 0x000001f143125e00
Event: 21.175 Thread 0x000001f13b9dfb70 Thread added: 0x000001f143110210
Event: 21.238 Thread 0x000001f141b9f3a0 Thread added: 0x000001f143125e00
Event: 21.247 Thread 0x000001f143125e00 Thread added: 0x000001f14312b350
Event: 21.247 Thread 0x000001f143125e00 Thread added: 0x000001f143129fa0
Event: 21.247 Thread 0x000001f143125e00 Thread added: 0x000001f14312c070
Event: 21.247 Thread 0x000001f143125e00 Thread added: 0x000001f14312c700
Event: 21.248 Thread 0x000001f143125e00 Thread added: 0x000001f14312a630
Event: 21.248 Thread 0x000001f143125e00 Thread added: 0x000001f14312acc0
Event: 21.248 Thread 0x000001f143125e00 Thread added: 0x000001f140ff7980
Event: 21.278 Thread 0x000001f143129fa0 Thread added: 0x000001f140ff93c0
Event: 21.360 Thread 0x000001f141b9f3a0 Thread added: 0x000001f140ff6c60


Dynamic libraries:
0x00007ff6d6a20000 - 0x00007ff6d6a2a000 	C:\Program Files\Android\Android Studio\jbr\bin\java.exe
0x00007fffe7220000 - 0x00007fffe7488000 	C:\WINDOWS\SYSTEM32\ntdll.dll
0x00007fffe5df0000 - 0x00007fffe5eb9000 	C:\WINDOWS\System32\KERNEL32.DLL
0x00007fffe4920000 - 0x00007fffe4d18000 	C:\WINDOWS\System32\KERNELBASE.dll
0x00007fffe4720000 - 0x00007fffe486b000 	C:\WINDOWS\System32\ucrtbase.dll
0x00007fffd2ba0000 - 0x00007fffd2bb8000 	C:\Program Files\Android\Android Studio\jbr\bin\jli.dll
0x00007fffddbf0000 - 0x00007fffddc0b000 	C:\Program Files\Android\Android Studio\jbr\bin\VCRUNTIME140.dll
0x00007fffe6ac0000 - 0x00007fffe6c87000 	C:\WINDOWS\System32\USER32.dll
0x00007fffe4d20000 - 0x00007fffe4d47000 	C:\WINDOWS\System32\win32u.dll
0x00007fffcddd0000 - 0x00007fffce064000 	C:\WINDOWS\WinSxS\amd64_microsoft.windows.common-controls_6595b64144ccf1df_6.0.26100.7019_none_3e06ffa0e335b8a8\COMCTL32.dll
0x00007fffe5dc0000 - 0x00007fffe5deb000 	C:\WINDOWS\System32\GDI32.dll
0x00007fffe57b0000 - 0x00007fffe5859000 	C:\WINDOWS\System32\msvcrt.dll
0x00007fffe4e90000 - 0x00007fffe4fbc000 	C:\WINDOWS\System32\gdi32full.dll
0x00007fffe4870000 - 0x00007fffe4913000 	C:\WINDOWS\System32\msvcp_win.dll
0x00007fffe5ed0000 - 0x00007fffe5f01000 	C:\WINDOWS\System32\IMM32.DLL
0x00007fffdbba0000 - 0x00007fffdbbac000 	C:\Program Files\Android\Android Studio\jbr\bin\vcruntime140_1.dll
0x00007fff769c0000 - 0x00007fff76a4d000 	C:\Program Files\Android\Android Studio\jbr\bin\msvcp140.dll
0x00007fff36850000 - 0x00007fff374db000 	C:\Program Files\Android\Android Studio\jbr\bin\server\jvm.dll
0x00007fffe7120000 - 0x00007fffe71d4000 	C:\WINDOWS\System32\ADVAPI32.dll
0x00007fffe68b0000 - 0x00007fffe6956000 	C:\WINDOWS\System32\sechost.dll
0x00007fffe6c90000 - 0x00007fffe6da8000 	C:\WINDOWS\System32\RPCRT4.dll
0x00007fffe6e00000 - 0x00007fffe6e74000 	C:\WINDOWS\System32\WS2_32.dll
0x00007fffe41d0000 - 0x00007fffe422e000 	C:\WINDOWS\SYSTEM32\POWRPROF.dll
0x00007fffc6ce0000 - 0x00007fffc6d15000 	C:\WINDOWS\SYSTEM32\WINMM.dll
0x00007fffd4cd0000 - 0x00007fffd4cdb000 	C:\WINDOWS\SYSTEM32\VERSION.dll
0x00007fffe41b0000 - 0x00007fffe41c4000 	C:\WINDOWS\SYSTEM32\UMPDC.dll
0x00007fffe3130000 - 0x00007fffe314b000 	C:\WINDOWS\SYSTEM32\kernel.appcore.dll
0x00007fffdbb60000 - 0x00007fffdbb6a000 	C:\Program Files\Android\Android Studio\jbr\bin\jimage.dll
0x00007fffde9f0000 - 0x00007fffdec32000 	C:\WINDOWS\SYSTEM32\DBGHELP.DLL
0x00007fffe5a30000 - 0x00007fffe5dbb000 	C:\WINDOWS\System32\combase.dll
0x00007fffe6960000 - 0x00007fffe6a37000 	C:\WINDOWS\System32\OLEAUT32.dll
0x00007fffb9230000 - 0x00007fffb926c000 	C:\WINDOWS\SYSTEM32\dbgcore.DLL
0x00007fffe4de0000 - 0x00007fffe4e85000 	C:\WINDOWS\System32\bcryptPrimitives.dll
0x00007fffd30d0000 - 0x00007fffd30de000 	C:\Program Files\Android\Android Studio\jbr\bin\instrument.dll
0x00007fffd52b0000 - 0x00007fffd52d0000 	C:\Program Files\Android\Android Studio\jbr\bin\java.dll
0x00007fffd4fb0000 - 0x00007fffd4fc8000 	C:\Program Files\Android\Android Studio\jbr\bin\zip.dll
0x00007fffe4fc0000 - 0x00007fffe570f000 	C:\WINDOWS\System32\SHELL32.dll
0x00007fffe45b0000 - 0x00007fffe471b000 	C:\WINDOWS\System32\wintypes.dll
0x00007fffe1f60000 - 0x00007fffe27bd000 	C:\WINDOWS\SYSTEM32\windows.storage.dll
0x00007fffe6e80000 - 0x00007fffe6f72000 	C:\WINDOWS\System32\SHCORE.dll
0x00007fffe6a50000 - 0x00007fffe6ab7000 	C:\WINDOWS\System32\shlwapi.dll
0x00007fffe4290000 - 0x00007fffe42b9000 	C:\WINDOWS\SYSTEM32\profapi.dll
0x00007fffd8cf0000 - 0x00007fffd8d00000 	C:\Program Files\Android\Android Studio\jbr\bin\net.dll
0x00007fffd5840000 - 0x00007fffd5968000 	C:\WINDOWS\SYSTEM32\WINHTTP.dll
0x00007fffe36a0000 - 0x00007fffe370b000 	C:\WINDOWS\system32\mswsock.dll
0x00007fffd3d60000 - 0x00007fffd3d76000 	C:\Program Files\Android\Android Studio\jbr\bin\nio.dll
0x00007fffd3a90000 - 0x00007fffd3aa0000 	C:\Program Files\Android\Android Studio\jbr\bin\verify.dll
0x00007fffcb820000 - 0x00007fffcb847000 	C:\Users\Asus\.gradle\native\1def1411415f61bf3af743bc5b6707747c0891f09f0c88961ee8f79bc544acac\windows-amd64\native-platform.dll
0x00007fffd1a10000 - 0x00007fffd1a88000 	C:\Users\Asus\.gradle\native\0.2.7\x86_64-windows-gnu\gradle-fileevents.dll
0x00007fffd5060000 - 0x00007fffd5069000 	C:\Program Files\Android\Android Studio\jbr\bin\management.dll
0x00007fffd4e50000 - 0x00007fffd4e5b000 	C:\Program Files\Android\Android Studio\jbr\bin\management_ext.dll
0x00007fffe64a0000 - 0x00007fffe64a8000 	C:\WINDOWS\System32\PSAPI.DLL
0x00007fffe2bb0000 - 0x00007fffe2be4000 	C:\WINDOWS\SYSTEM32\IPHLPAPI.DLL
0x00007fffe5860000 - 0x00007fffe586a000 	C:\WINDOWS\System32\NSI.dll
0x00007fffd8c80000 - 0x00007fffd8c89000 	C:\Program Files\Android\Android Studio\jbr\bin\extnet.dll
0x00007fffe3960000 - 0x00007fffe397b000 	C:\WINDOWS\SYSTEM32\CRYPTSP.dll
0x00007fffe3090000 - 0x00007fffe30ca000 	C:\WINDOWS\system32\rsaenh.dll
0x00007fffe3750000 - 0x00007fffe377b000 	C:\WINDOWS\SYSTEM32\USERENV.dll
0x00007fffe4260000 - 0x00007fffe428a000 	C:\WINDOWS\SYSTEM32\bcrypt.dll
0x00007fffe3980000 - 0x00007fffe398c000 	C:\WINDOWS\SYSTEM32\CRYPTBASE.dll
0x00007fffa5b90000 - 0x00007fffa5b98000 	C:\WINDOWS\system32\wshunix.dll

dbghelp: loaded successfully - version: 4.0.5 - missing functions: none
symbol engine: initialized successfully - sym options: 0x614 - pdb path: .;C:\Program Files\Android\Android Studio\jbr\bin;C:\WINDOWS\SYSTEM32;C:\WINDOWS\WinSxS\amd64_microsoft.windows.common-controls_6595b64144ccf1df_6.0.26100.7019_none_3e06ffa0e335b8a8;C:\Program Files\Android\Android Studio\jbr\bin\server;C:\Users\Asus\.gradle\native\1def1411415f61bf3af743bc5b6707747c0891f09f0c88961ee8f79bc544acac\windows-amd64;C:\Users\Asus\.gradle\native\0.2.7\x86_64-windows-gnu

VM Arguments:
jvm_args: --add-opens=java.base/java.lang=ALL-UNNAMED --add-opens=java.base/java.lang.invoke=ALL-UNNAMED --add-opens=java.base/java.util=ALL-UNNAMED --add-opens=java.prefs/java.util.prefs=ALL-UNNAMED --add-exports=jdk.compiler/com.sun.tools.javac.api=ALL-UNNAMED --add-exports=jdk.compiler/com.sun.tools.javac.util=ALL-UNNAMED --add-opens=java.base/java.util=ALL-UNNAMED --add-opens=java.prefs/java.util.prefs=ALL-UNNAMED --add-opens=java.base/java.nio.charset=ALL-UNNAMED --add-opens=java.base/java.net=ALL-UNNAMED --add-opens=java.base/java.util.concurrent.atomic=ALL-UNNAMED --add-opens=java.xml/javax.xml.namespace=ALL-UNNAMED -Xmx2048m -Dfile.encoding=UTF-8 -Duser.country=US -Duser.language=en -Duser.variant -javaagent:C:\Users\Asus\.gradle\wrapper\dists\gradle-8.13-bin\5xuhj0ry160q40clulazy9h7d\gradle-8.13\lib\agents\gradle-instrumentation-agent-8.13.jar 
java_command: org.gradle.launcher.daemon.bootstrap.GradleDaemon 8.13
java_class_path (initial): C:\Users\Asus\.gradle\wrapper\dists\gradle-8.13-bin\5xuhj0ry160q40clulazy9h7d\gradle-8.13\lib\gradle-daemon-main-8.13.jar
Launcher Type: SUN_STANDARD

[Global flags]
     intx CICompilerCount                          = 4                                         {product} {ergonomic}
     uint ConcGCThreads                            = 2                                         {product} {ergonomic}
     uint G1ConcRefinementThreads                  = 8                                         {product} {ergonomic}
   size_t G1HeapRegionSize                         = 1048576                                   {product} {ergonomic}
    uintx GCDrainStackTargetSize                   = 64                                        {product} {ergonomic}
   size_t InitialHeapSize                          = 132120576                                 {product} {ergonomic}
   size_t MarkStackSize                            = 4194304                                   {product} {ergonomic}
   size_t MaxHeapSize                              = 2147483648                                {product} {command line}
   size_t MaxNewSize                               = 1287651328                                {product} {ergonomic}
   size_t MinHeapDeltaBytes                        = 1048576                                   {product} {ergonomic}
   size_t MinHeapSize                              = 8388608                                   {product} {ergonomic}
    uintx NonNMethodCodeHeapSize                   = 5839372                                {pd product} {ergonomic}
    uintx NonProfiledCodeHeapSize                  = 122909434                              {pd product} {ergonomic}
    uintx ProfiledCodeHeapSize                     = 122909434                              {pd product} {ergonomic}
    uintx ReservedCodeCacheSize                    = 251658240                              {pd product} {ergonomic}
     bool SegmentedCodeCache                       = true                                      {product} {ergonomic}
   size_t SoftMaxHeapSize                          = 2147483648                             {manageable} {ergonomic}
     bool UseCompressedOops                        = true                           {product lp64_product} {ergonomic}
     bool UseG1GC                                  = true                                      {product} {ergonomic}
     bool UseLargePagesIndividualAllocation        = false                                  {pd product} {ergonomic}

Logging:
Log output configuration:
 #0: stdout all=warning uptime,level,tags foldmultilines=false
 #1: stderr all=off uptime,level,tags foldmultilines=false

Environment Variables:
PATH=C:\Program Files\Common Files\Oracle\Java\javapath;C:\Python312\Scripts\;C:\Python312\;C:\Windows\system32;C:\Windows;C:\Windows\System32\Wbem;C:\Windows\System32\WindowsPowerShell\v1.0\;C:\Windows\System32\OpenSSH\;C:\Program Files (x86)\NVIDIA Corporation\PhysX\Common;C:\WINDOWS\system32;C:\WINDOWS;C:\WINDOWS\System32\Wbem;C:\WINDOWS\System32\WindowsPowerShell\v1.0\;C:\WINDOWS\System32\OpenSSH\;C:\php-8.3.9;C:\Program Files\nodejs\;C:\laragon\bin\nodejs\node-v20.15.1-win-x64;C:\ProgramData\chocolatey\bin;C:\composer;C:\Program Files\Git\cmd;C:\Program Files\Java\jdk-22\bin;C:\Program Files\Dart\dart-sdk\bin;C:\src\flutter\bin;C:\Dart\dart-sdk\bin;C:\gradle-9.0.0\bin;C:\Users\Asus\AppData\Local\Microsoft\WindowsApps;C:\Users\Asus\AppData\Local\Programs\Microsoft VS Code\bin;C:\Users\Asus\AppData\Roaming\npm;C:\Users\Asus\AppData\Roaming\Composer\vendor\bin;C:\src\flutter\bin;C:\Dart\dart-sdk\bin;
USERNAME=Asus
OS=Windows_NT
PROCESSOR_IDENTIFIER=Intel64 Family 6 Model 142 Stepping 12, GenuineIntel
TMP=C:\Users\Asus\AppData\Local\Temp
TEMP=C:\Users\Asus\AppData\Local\Temp




Periodic native trim disabled

JNI global refs:
JNI global refs: 28, weak refs: 4

JNI global refs memory usage: 835, weak refs: 833

Process memory usage:
Resident Set Size: 547088K (6% of 8182576K total physical memory with 491444K free physical memory)

OOME stack traces (most recent first):
Classloader memory used:
Loader org.gradle.internal.classloader.VisitableURLClassLoader                         : 42203K
Loader org.gradle.internal.classloader.VisitableURLClassLoader$InstrumentingVisitableURLClassLoader: 29141K
Loader bootstrap                                                                       : 27916K
Loader org.gradle.initialization.MixInLegacyTypesClassLoader                           : 12179K
Loader org.gradle.internal.classloader.VisitableURLClassLoader                         : 1939K
Loader jdk.internal.loader.ClassLoaders$PlatformClassLoader                            : 509K
Loader jdk.internal.reflect.DelegatingClassLoader                                      : 465K
Loader jdk.internal.loader.ClassLoaders$AppClassLoader                                 : 235K
Loader org.gradle.groovy.scripts.internal.DefaultScriptCompilationHandler$ScriptClassLoader: 90024B
Loader org.codehaus.groovy.runtime.callsite.CallSiteClassLoader                        : 49592B

Classes loaded by more than one classloader:
Class Program                                                                         : loaded 5 times (x 68B)
Class org.gradle.internal.Cast                                                        : loaded 3 times (x 67B)
Class org.gradle.api.Action                                                           : loaded 3 times (x 66B)
Class Build_gradle$1                                                                  : loaded 3 times (x 70B)
Class org.gradle.internal.IoActions                                                   : loaded 3 times (x 67B)
Class org.gradle.api.UncheckedIOException                                             : loaded 3 times (x 78B)
Class org.gradle.api.GradleException                                                  : loaded 3 times (x 78B)
Class Build_gradle                                                                    : loaded 3 times (x 126B)
Class kotlin.collections.CollectionsKt__ReversedViewsKt                               : loaded 2 times (x 67B)
Class org.gradle.internal.classloader.ClassLoaderHierarchy                            : loaded 2 times (x 66B)
Class com.google.common.collect.ImmutableEnumSet                                      : loaded 2 times (x 142B)
Class com.google.common.util.concurrent.ExecutionError                                : loaded 2 times (x 78B)
Class com.google.common.collect.ImmutableList$1                                       : loaded 2 times (x 93B)
Class org.jetbrains.plugins.gradle.tooling.util.IntObjectMap$ObjectFactory            : loaded 2 times (x 66B)
Class org.gradle.tooling.model.build.GradleEnvironment                                : loaded 2 times (x 66B)
Class org.gradle.api.internal.classpath.ManifestUtil                                  : loaded 2 times (x 67B)
Class com.google.common.collect.RegularImmutableMap                                   : loaded 2 times (x 117B)
Class com.google.common.collect.ImmutableMap$MapViewOfValuesAsSingletonSets           : loaded 2 times (x 122B)
Class org.jetbrains.plugins.gradle.model.GradleExtensions                             : loaded 2 times (x 66B)
Class org.jetbrains.plugins.gradle.model.AnnotationProcessingModel                    : loaded 2 times (x 66B)
Class org.gradle.tooling.internal.adapter.TargetTypeProvider                          : loaded 2 times (x 66B)
Class [Lorg.objectweb.asm.Symbol;                                                     : loaded 2 times (x 65B)
Class org.objectweb.asm.ClassVisitor                                                  : loaded 2 times (x 84B)
Class com.google.common.collect.UnmodifiableListIterator                              : loaded 2 times (x 91B)
Class org.gradle.internal.operations.MultipleBuildOperationFailures                   : loaded 2 times (x 91B)
Class com.google.common.base.Platform$JdkPatternCompiler                              : loaded 2 times (x 71B)
Class org.objectweb.asm.MethodTooLargeException                                       : loaded 2 times (x 79B)
Class [Lcom.google.common.cache.CacheBuilder$OneWeigher;                              : loaded 2 times (x 65B)
Class com.google.common.base.Suppliers                                                : loaded 2 times (x 67B)
Class com.intellij.util.containers.IntObjectHashMap$ArrayProducer                     : loaded 2 times (x 66B)
Class org.gradle.internal.classloader.DefaultClassLoaderFactory                       : loaded 2 times (x 78B)
Class kotlin.collections.AbstractList$Companion                                       : loaded 2 times (x 67B)
Class org.gradle.internal.classloader.ClassLoaderVisitor                              : loaded 2 times (x 72B)
Class [Lcom.google.common.collect.ImmutableMapEntry;                                  : loaded 2 times (x 65B)
Class org.jetbrains.plugins.gradle.tooling.serialization.internal.IdeaProjectSerializationService: loaded 2 times (x 73B)
Class org.gradle.api.internal.classpath.EffectiveClassPath                            : loaded 2 times (x 86B)
Class com.google.common.collect.ImmutableRangeSet                                     : loaded 2 times (x 111B)
Class com.google.common.collect.ListMultimap                                          : loaded 2 times (x 66B)
Class com.google.common.collect.ImmutableEnumMap                                      : loaded 2 times (x 122B)
Class org.gradle.tooling.internal.gradle.DefaultProjectIdentifier                     : loaded 2 times (x 82B)
Class com.google.common.collect.Sets$1                                                : loaded 2 times (x 135B)
Class org.objectweb.asm.AnnotationVisitor                                             : loaded 2 times (x 74B)
Class com.intellij.gradle.toolingExtension.impl.model.buildScriptClasspathModel.GradleBuildScriptClasspathSerializationService$ReadContext: loaded 2 times (x 68B)
Class org.gradle.internal.impldep.gnu.trove.TObjectIntHashMap                         : loaded 2 times (x 105B)
Class org.gradle.api.internal.DefaultClassPathProvider                                : loaded 2 times (x 72B)
Class com.google.common.collect.Sets$2                                                : loaded 2 times (x 135B)
Class [Lorg.gradle.api.internal.ClassPathProvider;                                    : loaded 2 times (x 65B)
Class org.gradle.api.internal.ClassPathProvider                                       : loaded 2 times (x 66B)
Class [Lorg.objectweb.asm.AnnotationVisitor;                                          : loaded 2 times (x 65B)
Class com.google.common.collect.Sets$3                                                : loaded 2 times (x 135B)
Class com.google.common.util.concurrent.AbstractFuture$SafeAtomicHelper               : loaded 2 times (x 75B)
Class com.google.common.cache.LocalCache$LocalLoadingCache                            : loaded 2 times (x 130B)
Class org.gradle.internal.impldep.gnu.trove.TObjectHash$NULL                          : loaded 2 times (x 67B)
Class org.gradle.internal.service.UnknownServiceException                             : loaded 2 times (x 79B)
Class com.google.common.collect.Sets$4                                                : loaded 2 times (x 135B)
Class org.objectweb.asm.ModuleVisitor                                                 : loaded 2 times (x 77B)
Class com.google.common.cache.LocalCache$Strength$1                                   : loaded 2 times (x 77B)
Class org.jetbrains.kotlin.idea.gradleTooling.KotlinDslScriptAdditionalTask           : loaded 2 times (x 66B)
Class org.jetbrains.plugins.gradle.model.ClasspathEntryModel                          : loaded 2 times (x 66B)
Class com.google.common.util.concurrent.SettableFuture                                : loaded 2 times (x 110B)
Class com.google.common.cache.LocalCache$Strength$2                                   : loaded 2 times (x 77B)
Class org.jetbrains.plugins.gradle.tooling.serialization.GradleExtensionsSerializationService: loaded 2 times (x 73B)
Class org.gradle.tooling.model.Dependency                                             : loaded 2 times (x 66B)
Class com.google.common.cache.LocalCache$Strength$3                                   : loaded 2 times (x 77B)
Class com.google.common.collect.MapDifference                                         : loaded 2 times (x 66B)
Class com.intellij.openapi.externalSystem.model.project.dependencies.ResolutionState  : loaded 2 times (x 75B)
Class kotlin.collections.CollectionsKt__CollectionsKt                                 : loaded 2 times (x 67B)
Class org.objectweb.asm.FieldWriter                                                   : loaded 2 times (x 74B)
Class com.google.common.cache.CacheBuilder$NullListener                               : loaded 2 times (x 78B)
Class org.gradle.internal.classpath.TransformedClassPath                              : loaded 2 times (x 92B)
Class org.gradle.internal.classloader.InstrumentingClassLoader                        : loaded 2 times (x 66B)
Class com.google.common.collect.ImmutableRangeSet$AsSet                               : loaded 2 times (x 296B)
Class com.google.common.cache.CacheLoader$FunctionToCacheLoader                       : loaded 2 times (x 71B)
Class com.google.common.collect.Iterators$ArrayItr                                    : loaded 2 times (x 93B)
Class com.google.common.collect.ImmutableCollection$Builder                           : loaded 2 times (x 72B)
Class kotlin.enums.EnumEntriesList                                                    : loaded 2 times (x 219B)
Class com.google.common.base.Joiner                                                   : loaded 2 times (x 75B)
Class com.google.common.base.MoreObjects                                              : loaded 2 times (x 67B)
Class kotlin.collections.CollectionsKt__IteratorsJVMKt                                : loaded 2 times (x 67B)
Class com.google.common.collect.Platform                                              : loaded 2 times (x 67B)
Class [Lorg.objectweb.asm.Type;                                                       : loaded 2 times (x 65B)
Class com.google.common.collect.UnmodifiableIterator                                  : loaded 2 times (x 76B)
Class org.jetbrains.kotlin.idea.gradleTooling.KotlinSourceSetContainer                : loaded 2 times (x 66B)
Class org.jetbrains.plugins.gradle.model.IntelliJSettings                             : loaded 2 times (x 66B)
Class org.gradle.internal.service.ServiceLocator                                      : loaded 2 times (x 66B)
Class com.google.common.base.Ascii                                                    : loaded 2 times (x 67B)
Class com.google.common.collect.SingletonImmutableBiMap                               : loaded 2 times (x 139B)
Class com.google.common.cache.LocalCache$1                                            : loaded 2 times (x 85B)
Class com.google.common.collect.AbstractMapEntry                                      : loaded 2 times (x 77B)
Class com.intellij.gradle.toolingExtension.util.GradleVersionUtil                     : loaded 2 times (x 67B)
Class org.gradle.tooling.model.UnsupportedMethodException                             : loaded 2 times (x 78B)
Class com.google.common.collect.Sets$ImprovedAbstractSet                              : loaded 2 times (x 131B)
Class com.google.common.collect.ImmutableList$Builder                                 : loaded 2 times (x 73B)
Class com.google.common.collect.AbstractMultimap                                      : loaded 2 times (x 119B)
Class com.google.common.cache.LocalCache$2                                            : loaded 2 times (x 138B)
Class kotlin.collections.CollectionsKt__MutableCollectionsKt                          : loaded 2 times (x 67B)
Class com.google.common.collect.ImmutableRangeSet$1                                   : loaded 2 times (x 206B)
Class com.google.common.util.concurrent.AbstractFuture$UnsafeAtomicHelper$1           : loaded 2 times (x 72B)
Class com.google.common.collect.RegularImmutableAsList                                : loaded 2 times (x 213B)
Class org.jetbrains.plugins.gradle.tooling.serialization.AnnotationProcessingModelSerializationService$WriteContext: loaded 2 times (x 68B)
Class org.gradle.internal.impldep.gnu.trove.THash                                     : loaded 2 times (x 77B)
Class com.google.common.collect.Range                                                 : loaded 2 times (x 83B)
Class com.google.common.util.concurrent.AbstractFuture$Trusted                        : loaded 2 times (x 66B)
Class com.google.common.collect.Iterators                                             : loaded 2 times (x 67B)
Class org.jetbrains.plugins.gradle.tooling.serialization.ProjectDependenciesSerializationService$WriteContext: loaded 2 times (x 68B)
Class org.jetbrains.plugins.gradle.tooling.serialization.ProjectDependenciesSerializationService: loaded 2 times (x 73B)
Class com.intellij.compose.ide.plugin.gradleTooling.rt.ComposeResourcesModel          : loaded 2 times (x 66B)
Class org.gradle.tooling.internal.adapter.CollectionMapper                            : loaded 2 times (x 69B)
Class com.google.common.collect.Lists$StringAsImmutableList                           : loaded 2 times (x 203B)
Class com.google.common.util.concurrent.UncheckedExecutionException                   : loaded 2 times (x 78B)
Class org.gradle.kotlin.dsl.VersionCatalogAccessorsKt                                 : loaded 2 times (x 67B)
Class org.gradle.internal.impldep.gnu.trove.Equality                                  : loaded 2 times (x 66B)
Class com.intellij.gradle.toolingExtension.impl.model.buildScriptClasspathModel.GradleBuildScriptClasspathSerializationService$WriteContext: loaded 2 times (x 68B)
Class org.gradle.tooling.internal.adapter.ProtocolToModelAdapter                      : loaded 2 times (x 76B)
Class org.gradle.internal.InternalTransformer                                         : loaded 2 times (x 66B)
Class com.google.common.collect.AbstractMapBasedMultimap$KeySet$1                     : loaded 2 times (x 78B)
Class org.objectweb.asm.ClassWriter                                                   : loaded 2 times (x 102B)
Class com.google.common.base.CharMatcher$And                                          : loaded 2 times (x 108B)
Class com.google.common.cache.CacheLoader$UnsupportedLoadingOperationException        : loaded 2 times (x 78B)
Class org.gradle.internal.impldep.gnu.trove.TObjectCanonicalHashingStrategy           : loaded 2 times (x 76B)
Class org.gradle.internal.time.DefaultTimer                                           : loaded 2 times (x 76B)
Class org.gradle.internal.classloader.ClasspathUtil$1                                 : loaded 2 times (x 72B)
Class com.google.common.base.Objects                                                  : loaded 2 times (x 67B)
Class org.objectweb.asm.FieldVisitor                                                  : loaded 2 times (x 73B)
Class com.google.common.collect.IndexedImmutableSet                                   : loaded 2 times (x 148B)
Class com.google.common.collect.ImmutableMap$1                                        : loaded 2 times (x 77B)
Class com.google.common.collect.BiMap                                                 : loaded 2 times (x 66B)
Class org.gradle.api.internal.classpath.DefaultModuleRegistry$DefaultModule           : loaded 2 times (x 82B)
Class com.google.common.primitives.Ints                                               : loaded 2 times (x 67B)
Class com.google.common.collect.AbstractIterator                                      : loaded 2 times (x 78B)
Class com.google.common.collect.ObjectArrays                                          : loaded 2 times (x 67B)
Class com.google.common.collect.Multiset                                              : loaded 2 times (x 66B)
Class com.google.common.collect.ArrayListMultimapGwtSerializationDependencies         : loaded 2 times (x 168B)
Class com.google.common.collect.AbstractIndexedListIterator                           : loaded 2 times (x 92B)
Class com.google.common.math.MathPreconditions                                        : loaded 2 times (x 67B)
Class org.gradle.internal.time.DefaultCountdownTimer                                  : loaded 2 times (x 84B)
Class com.google.common.collect.ImmutableMapEntrySet                                  : loaded 2 times (x 148B)
Class org.jetbrains.plugins.gradle.tooling.util.ObjectCollector                       : loaded 2 times (x 68B)
Class org.jetbrains.plugins.gradle.model.GradleTaskModel                              : loaded 2 times (x 66B)
Class org.gradle.tooling.internal.gradle.DefaultBuildIdentifier                       : loaded 2 times (x 75B)
Class kotlin.Function                                                                 : loaded 2 times (x 66B)
Class org.gradle.api.internal.classpath.Module                                        : loaded 2 times (x 66B)
Class com.google.common.cache.Weigher                                                 : loaded 2 times (x 66B)
Class com.intellij.openapi.externalSystem.model.project.IExternalSystemSourceType     : loaded 2 times (x 66B)
Class org.gradle.api.internal.classpath.UnknownModuleException                        : loaded 2 times (x 78B)
Class com.google.common.base.Stopwatch                                                : loaded 2 times (x 68B)
Class com.google.common.cache.LocalCache$Strength                                     : loaded 2 times (x 77B)
Class com.google.common.cache.Cache                                                   : loaded 2 times (x 66B)
Class org.jetbrains.plugins.gradle.tooling.serialization.ProjectDependenciesSerializationService$ReadContext: loaded 2 times (x 68B)
Class org.gradle.internal.impldep.gnu.trove.TObjectIdentityHashingStrategy            : loaded 2 times (x 74B)
Class com.intellij.openapi.externalSystem.model.project.dependencies.ProjectDependencies: loaded 2 times (x 66B)
Class com.google.common.util.concurrent.AbstractFuture$Cancellation                   : loaded 2 times (x 68B)
Class com.google.common.collect.ImmutableMap$Builder                                  : loaded 2 times (x 78B)
Class com.google.common.cache.RemovalListener                                         : loaded 2 times (x 66B)
Class org.jetbrains.plugins.gradle.tooling.serialization.RepositoriesModelSerializationService: loaded 2 times (x 78B)
Class org.gradle.tooling.internal.gradle.GradleProjectIdentity                        : loaded 2 times (x 66B)
Class org.gradle.api.internal.DefaultClassPathRegistry                                : loaded 2 times (x 72B)
Class com.google.common.primitives.IntsMethodsForWeb                                  : loaded 2 times (x 67B)
Class com.google.common.collect.Multimap                                              : loaded 2 times (x 66B)
Class org.jetbrains.plugins.gradle.tooling.serialization.RepositoriesModelSerializationService$ReadContext: loaded 2 times (x 68B)
Class org.gradle.api.internal.ClassPathRegistry                                       : loaded 2 times (x 66B)
Class org.gradle.internal.classpath.DefaultClassPath$ImmutableUniqueList              : loaded 2 times (x 195B)
Class com.google.common.base.ExtraObjectsMethodsForWeb                                : loaded 2 times (x 67B)
Class org.jetbrains.plugins.gradle.tooling.serialization.internal.adapter.InternalBuildIdentifier: loaded 2 times (x 71B)
Class com.intellij.gradle.toolingExtension.impl.model.projectModel.GradleExternalProjectSerializationService$WriteContext: loaded 2 times (x 69B)
Class com.intellij.gradle.toolingExtension.impl.model.sourceSetModel.GradleSourceSetSerialisationService$Companion: loaded 2 times (x 67B)
Class com.google.common.cache.CacheBuilder                                            : loaded 2 times (x 68B)
Class com.google.common.collect.SingletonImmutableList                                : loaded 2 times (x 203B)
Class Settings_gradle$1                                                               : loaded 2 times (x 70B)
Class com.google.common.base.CharMatcher$IsEither                                     : loaded 2 times (x 107B)
Class org.gradle.internal.classpath.ClassPath                                         : loaded 2 times (x 66B)
Class com.google.common.base.JdkPattern                                               : loaded 2 times (x 71B)
Class com.google.common.collect.ImmutableList$ReverseImmutableList                    : loaded 2 times (x 205B)
Class org.jetbrains.plugins.gradle.tooling.serialization.KotlinDslScriptsModelSerializationService: loaded 2 times (x 77B)
Class org.objectweb.asm.SymbolTable$Entry                                             : loaded 2 times (x 70B)
Class com.google.common.util.concurrent.AbstractFuture$AtomicHelper                   : loaded 2 times (x 74B)
Class org.jetbrains.plugins.gradle.tooling.serialization.ExternalTestsSerializationService$WriteContext: loaded 2 times (x 68B)
Class org.jetbrains.kotlin.idea.gradleTooling.KotlinGradleModel                       : loaded 2 times (x 66B)
Class org.objectweb.asm.Edge                                                          : loaded 2 times (x 68B)
Class com.google.common.base.Suppliers$SupplierOfInstance                             : loaded 2 times (x 75B)
Class com.google.common.collect.Iterators$1                                           : loaded 2 times (x 77B)
Class org.gradle.tooling.model.Model                                                  : loaded 2 times (x 66B)
Class com.google.common.cache.LocalCache$ComputingValueReference                      : loaded 2 times (x 92B)
Class com.google.common.collect.SingletonImmutableSet                                 : loaded 2 times (x 142B)
Class com.google.common.collect.ImmutableMap$IteratorBasedImmutableMap                : loaded 2 times (x 122B)
Class sync_studio_tooling1_1yron8an4pgoe5b1azjf6fj30                                  : loaded 2 times (x 175B)
Class kotlin.UninitializedPropertyAccessException                                     : loaded 2 times (x 78B)
Class com.google.common.cache.LocalCache$Segment                                      : loaded 2 times (x 150B)
Class org.jetbrains.plugins.gradle.model.IntelliJProjectSettings                      : loaded 2 times (x 66B)
Class org.gradle.tooling.internal.adapter.ProtocolToModelAdapter$MethodInvocationCache: loaded 2 times (x 69B)
Class org.gradle.internal.classloader.FilteringClassLoader                            : loaded 2 times (x 101B)
Class com.google.common.collect.AbstractListMultimap                                  : loaded 2 times (x 168B)
Class [Lorg.objectweb.asm.SymbolTable$Entry;                                          : loaded 2 times (x 65B)
Class com.google.common.cache.CacheLoader                                             : loaded 2 times (x 70B)
Class com.google.common.collect.Iterators$4                                           : loaded 2 times (x 78B)
Class com.google.common.collect.ImmutableBiMap                                        : loaded 2 times (x 139B)
Class org.jetbrains.plugins.gradle.model.ExternalDependency                           : loaded 2 times (x 66B)
Class com.intellij.util.containers.IntObjectHashMap                                   : loaded 2 times (x 68B)
Class org.gradle.internal.installation.GradleInstallation$1                           : loaded 2 times (x 71B)
Class org.gradle.api.internal.classpath.ModuleRegistry                                : loaded 2 times (x 66B)
Class com.google.common.util.concurrent.internal.InternalFutureFailureAccess          : loaded 2 times (x 68B)
Class com.google.common.collect.Iterators$5                                           : loaded 2 times (x 78B)
Class com.google.common.collect.ImmutableSet$JdkBackedSetBuilderImpl                  : loaded 2 times (x 72B)
Class com.intellij.gradle.toolingExtension.impl.model.sourceSetDependencyModel.GradleSourceSetDependencySerialisationService$SourceSetDependencyModelReadContext: loaded 2 times (x 68B)
Class com.intellij.gradle.toolingExtension.impl.model.dependencyModel.DependencyReadContext: loaded 2 times (x 68B)
Class org.jetbrains.plugins.gradle.model.VersionCatalogsModel                         : loaded 2 times (x 66B)
Class org.gradle.tooling.internal.adapter.ObjectGraphAdapter                          : loaded 2 times (x 66B)
Class com.google.common.util.concurrent.AbstractFuture$UnsafeAtomicHelper             : loaded 2 times (x 74B)
Class com.google.common.base.CharMatcher$ForPredicate                                 : loaded 2 times (x 108B)
Class com.google.common.cache.LocalCache$LocalManualCache$1                           : loaded 2 times (x 71B)
Class com.intellij.gradle.toolingExtension.impl.model.warmUp.GradleTaskWarmUpRequest  : loaded 2 times (x 66B)
Class com.google.common.base.CharMatcher$AnyOf                                        : loaded 2 times (x 108B)
Class com.google.common.collect.ImmutableCollection                                   : loaded 2 times (x 121B)
Class com.intellij.gradle.toolingExtension.impl.model.sourceSetArtifactIndex.GradleSourceSetArtifactBuildRequest: loaded 2 times (x 66B)
Class kotlin.collections.CollectionsKt__CollectionsJVMKt                              : loaded 2 times (x 67B)
Class org.gradle.api.internal.classpath.DefaultModuleRegistry                         : loaded 2 times (x 82B)
Class com.google.common.collect.Lists                                                 : loaded 2 times (x 67B)
Class com.google.common.util.concurrent.ListenableFuture                              : loaded 2 times (x 66B)
Class com.google.common.cache.ReferenceEntry                                          : loaded 2 times (x 66B)
Class com.google.common.base.Converter                                                : loaded 2 times (x 86B)
Class com.google.common.collect.ImmutableSet$CachingAsList                            : loaded 2 times (x 144B)
Class org.jetbrains.plugins.gradle.tooling.serialization.internal.IdeaProjectSerializationService$WriteContext$1: loaded 2 times (x 79B)
Class org.jetbrains.plugins.gradle.model.ExternalProject                              : loaded 2 times (x 66B)
Class kotlin.collections.CollectionsKt__IteratorsKt                                   : loaded 2 times (x 67B)
Class com.google.common.collect.AbstractMapBasedMultimap                              : loaded 2 times (x 135B)
Class com.google.common.util.concurrent.AbstractFuture                                : loaded 2 times (x 102B)
Class com.google.common.base.FunctionalEquivalence                                    : loaded 2 times (x 79B)
Class com.google.common.collect.Iterators$9                                           : loaded 2 times (x 77B)
Class com.google.common.collect.ImmutableAsList                                       : loaded 2 times (x 205B)
Class org.jetbrains.plugins.gradle.tooling.serialization.internal.IdeaProjectSerializationService$WriteContext$2: loaded 2 times (x 79B)
Class org.objectweb.asm.RecordComponentVisitor                                        : loaded 2 times (x 73B)
Class com.google.common.cache.CacheLoader$SupplierToCacheLoader                       : loaded 2 times (x 71B)
Class org.jetbrains.plugins.gradle.tooling.serialization.AnnotationProcessingModelSerializationService$ReadContext: loaded 2 times (x 68B)
Class org.jetbrains.plugins.gradle.tooling.serialization.internal.IdeaProjectSerializationService$WriteContext$3: loaded 2 times (x 79B)
Class org.gradle.util.internal.DefaultGradleVersion$Stage                             : loaded 2 times (x 71B)
Class com.google.common.collect.Maps$EntryTransformer                                 : loaded 2 times (x 66B)
Class org.jetbrains.plugins.gradle.tooling.serialization.internal.IdeaProjectSerializationService$WriteContext$4: loaded 2 times (x 79B)
Class com.intellij.gradle.toolingExtension.impl.model.sourceSetDependencyModel.GradleSourceSetDependencySerialisationService$Companion: loaded 2 times (x 67B)
Class org.gradle.internal.time.MonotonicClock                                         : loaded 2 times (x 73B)
Class org.gradle.internal.service.ServiceLookupException                              : loaded 2 times (x 78B)
Class com.google.common.collect.ImmutableSortedSet                                    : loaded 2 times (x 296B)
Class [Lcom.google.common.cache.LocalCache$EntryFactory;                              : loaded 2 times (x 65B)
Class org.jetbrains.plugins.gradle.tooling.serialization.internal.IdeaProjectSerializationService$WriteContext$5: loaded 2 times (x 79B)
Class com.intellij.gradle.toolingExtension.impl.model.sourceSetDependencyModel.GradleSourceSetDependencySerialisationService$SourceSetDependencyModelWriteContext: loaded 2 times (x 68B)
Class org.gradle.internal.classloader.ClassLoaderFactory                              : loaded 2 times (x 66B)
Class com.google.common.base.CommonPattern                                            : loaded 2 times (x 70B)
Class com.google.common.base.CharMatcher$IsNot                                        : loaded 2 times (x 107B)
Class com.google.common.cache.LocalCache$LocalManualCache                             : loaded 2 times (x 95B)
Class org.jetbrains.plugins.gradle.tooling.serialization.internal.IdeaProjectSerializationService$WriteContext$6: loaded 2 times (x 79B)
Class org.jetbrains.plugins.gradle.tooling.util.IntObjectMap                          : loaded 2 times (x 69B)
Class org.gradle.internal.service.CachingServiceLocator                               : loaded 2 times (x 78B)
Class com.google.common.collect.AbstractMapBasedMultimap$KeySet                       : loaded 2 times (x 133B)
Class com.google.common.collect.RegularImmutableSortedSet                             : loaded 2 times (x 296B)
Class com.google.common.math.IntMath                                                  : loaded 2 times (x 67B)
Class org.jetbrains.plugins.gradle.tooling.serialization.internal.IdeaProjectSerializationService$WriteContext$7: loaded 2 times (x 79B)
Class org.jetbrains.plugins.gradle.model.RepositoryModels                             : loaded 2 times (x 66B)
Class com.google.common.collect.ImmutableMapEntry                                     : loaded 2 times (x 81B)
Class org.jetbrains.plugins.gradle.tooling.serialization.internal.IdeaProjectSerializationService$WriteContext$8: loaded 2 times (x 79B)
Class org.gradle.internal.time.TimeSource                                             : loaded 2 times (x 66B)
Class org.gradle.tooling.model.kotlin.dsl.KotlinDslScriptsModel                       : loaded 2 times (x 66B)
Class com.google.common.base.Equivalence                                              : loaded 2 times (x 78B)
Class com.google.common.base.Function                                                 : loaded 2 times (x 66B)
Class com.google.common.collect.ImmutableMapEntry$NonTerminalImmutableMapEntry        : loaded 2 times (x 81B)
Class org.jetbrains.plugins.gradle.tooling.serialization.SerializationService         : loaded 2 times (x 66B)
Class org.gradle.tooling.internal.gradle.GradleBuildIdentity                          : loaded 2 times (x 66B)
Class kotlin.enums.EnumEntries                                                        : loaded 2 times (x 66B)
Class com.google.common.collect.IndexedImmutableSet$1                                 : loaded 2 times (x 209B)
Class com.google.common.cache.CacheBuilder$OneWeigher                                 : loaded 2 times (x 78B)
Class com.google.common.collect.RegularImmutableList                                  : loaded 2 times (x 209B)
Class org.jetbrains.plugins.gradle.tooling.serialization.internal.adapter.Supplier    : loaded 2 times (x 66B)
Class org.gradle.internal.exceptions.ResolutionProvider                               : loaded 2 times (x 66B)
Class org.gradle.tooling.model.ProjectIdentifier                                      : loaded 2 times (x 66B)
Class org.gradle.internal.classloader.ClasspathUtil                                   : loaded 2 times (x 67B)
Class org.jetbrains.kotlin.tooling.core.HasExtras                                     : loaded 2 times (x 66B)
Class com.google.common.base.Charsets                                                 : loaded 2 times (x 67B)
Class com.google.common.util.concurrent.Uninterruptibles                              : loaded 2 times (x 67B)
Class com.intellij.gradle.toolingExtension.impl.model.sourceSetModel.GradleSourceSetSerialisationService: loaded 2 times (x 73B)
Class com.google.common.collect.Maps                                                  : loaded 2 times (x 67B)
Class org.gradle.internal.time.TimeSource$1                                           : loaded 2 times (x 73B)
Class kotlin.jvm.internal.DefaultConstructorMarker                                    : loaded 2 times (x 67B)
Class org.gradle.api.specs.Spec                                                       : loaded 2 times (x 66B)
Class [Lcom.google.common.collect.ImmutableEntry;                                     : loaded 2 times (x 65B)
Class com.google.common.cache.LocalCache$LoadingValueReference                        : loaded 2 times (x 92B)
Class com.intellij.gradle.toolingExtension.impl.model.buildScriptClasspathModel.GradleBuildScriptClasspathSerializationService: loaded 2 times (x 73B)
Class kotlin.NotImplementedError                                                      : loaded 2 times (x 78B)
Class com.google.common.base.Platform                                                 : loaded 2 times (x 67B)
Class org.jetbrains.plugins.gradle.model.FileCollectionDependency                     : loaded 2 times (x 66B)
Class org.gradle.internal.impldep.gnu.trove.TObjectHashingStrategy                    : loaded 2 times (x 66B)
Class com.intellij.gradle.toolingExtension.impl.model.utilDummyModel.DummyModel       : loaded 2 times (x 66B)
Class org.gradle.internal.time.Clock                                                  : loaded 2 times (x 66B)
Class [Lorg.objectweb.asm.AnnotationWriter;                                           : loaded 2 times (x 65B)
Class com.google.common.collect.Maps$8                                                : loaded 2 times (x 78B)
Class org.jetbrains.plugins.gradle.model.GradleSourceSetDependencyModel               : loaded 2 times (x 66B)
Class org.gradle.tooling.internal.adapter.TypeInspector                               : loaded 2 times (x 69B)
Class org.gradle.tooling.internal.adapter.ProtocolToModelAdapter$NoOpDecoration       : loaded 2 times (x 75B)
Class org.gradle.tooling.model.Element                                                : loaded 2 times (x 66B)
Class kotlin.collections.AbstractList                                                 : loaded 2 times (x 193B)
Class kotlin.collections.AbstractCollection                                           : loaded 2 times (x 113B)
Class com.google.common.collect.ImmutableRangeSet$Builder                             : loaded 2 times (x 73B)
Class org.jetbrains.kotlin.tooling.core.Extras                                        : loaded 2 times (x 66B)
Class com.google.common.collect.Sets$SetView                                          : loaded 2 times (x 134B)
Class com.google.common.cache.LocalCache$StrongValueReference                         : loaded 2 times (x 86B)
Class com.google.common.util.concurrent.AbstractFuture$SynchronizedHelper             : loaded 2 times (x 74B)
Class com.intellij.gradle.toolingExtension.impl.model.taskModel.GradleTaskSerialisationService: loaded 2 times (x 72B)
Class org.objectweb.asm.Type                                                          : loaded 2 times (x 68B)
Class org.jetbrains.plugins.gradle.tooling.util.IntObjectMap$1                        : loaded 2 times (x 73B)
Class org.gradle.internal.impldep.com.google.common.base.Preconditions                : loaded 2 times (x 67B)
Class org.gradle.internal.classloader.VisitableURLClassLoader$InstrumentingVisitableURLClassLoader: loaded 2 times (x 119B)
Class org.objectweb.asm.ByteVector                                                    : loaded 2 times (x 75B)
Class [Lcom.google.common.cache.CacheBuilder$NullListener;                            : loaded 2 times (x 65B)
Class com.google.common.math.IntMath$1                                                : loaded 2 times (x 67B)
Class org.gradle.internal.classloader.VisitableURLClassLoader$Spec                    : loaded 2 times (x 70B)
Class org.gradle.internal.classpath.DefaultClassPath                                  : loaded 2 times (x 86B)
Class org.objectweb.asm.Symbol                                                        : loaded 2 times (x 69B)
Class org.jetbrains.plugins.gradle.model.GradleBuildScriptClasspathModel              : loaded 2 times (x 66B)
Class org.gradle.util.internal.DefaultGradleVersion                                   : loaded 2 times (x 76B)
Class com.google.common.base.CharMatcher$Ascii                                        : loaded 2 times (x 108B)
Class com.google.common.base.CharMatcher$BitSetMatcher                                : loaded 2 times (x 108B)
Class com.google.common.collect.RegularImmutableMap$Values                            : loaded 2 times (x 203B)
Class com.google.common.collect.ImmutableSet                                          : loaded 2 times (x 141B)
Class org.gradle.internal.classloader.ClassLoaderSpec                                 : loaded 2 times (x 67B)
Class org.objectweb.asm.AnnotationWriter                                              : loaded 2 times (x 75B)
Class com.google.common.cache.CacheStats                                              : loaded 2 times (x 67B)
Class kotlin.collections.CollectionsKt___CollectionsJvmKt                             : loaded 2 times (x 67B)
Class org.objectweb.asm.RecordComponentWriter                                         : loaded 2 times (x 74B)
Class com.google.common.util.concurrent.AbstractFuture$Listener                       : loaded 2 times (x 68B)
Class com.google.common.base.CharMatcher$Or                                           : loaded 2 times (x 108B)
Class Settings_gradle$1$1                                                             : loaded 2 times (x 70B)
Class kotlin.Unit                                                                     : loaded 2 times (x 67B)
Class org.objectweb.asm.Attribute                                                     : loaded 2 times (x 73B)
Class com.google.common.base.Supplier                                                 : loaded 2 times (x 66B)
Class org.gradle.internal.classloader.VisitableURLClassLoader                         : loaded 2 times (x 113B)
Class com.google.common.util.concurrent.AbstractFuture$Waiter                         : loaded 2 times (x 68B)
Class Settings_gradle                                                                 : loaded 2 times (x 124B)
Class org.jetbrains.plugins.gradle.tooling.serialization.ExternalTestsSerializationService$ReadContext: loaded 2 times (x 68B)
Class org.jetbrains.plugins.gradle.tooling.serialization.internal.IdeaProjectSerializationService$ReadContext: loaded 2 times (x 68B)
Class com.google.common.collect.RegularImmutableMap$KeySet                            : loaded 2 times (x 148B)
Class org.gradle.tooling.model.idea.IdeaDependency                                    : loaded 2 times (x 66B)
Class com.google.common.base.Strings                                                  : loaded 2 times (x 67B)
Class com.google.common.collect.Sets                                                  : loaded 2 times (x 67B)
Class org.objectweb.asm.Handler                                                       : loaded 2 times (x 68B)
Class com.google.common.base.CharMatcher$FastMatcher                                  : loaded 2 times (x 107B)
Class com.google.common.base.Ticker                                                   : loaded 2 times (x 68B)
Class kotlin.jvm.functions.Function1                                                  : loaded 2 times (x 66B)
Class [Lcom.google.common.cache.LocalCache$Segment;                                   : loaded 2 times (x 65B)
Class com.google.common.base.Predicate                                                : loaded 2 times (x 66B)
Class [Lcom.google.common.cache.LocalCache$Strength;                                  : loaded 2 times (x 65B)
Class com.google.common.cache.CacheBuilder$1                                          : loaded 2 times (x 81B)
Class com.google.common.collect.ImmutableMap                                          : loaded 2 times (x 116B)
Class org.jetbrains.plugins.gradle.tooling.serialization.internal.IdeaProjectSerializationService$WriteContext: loaded 2 times (x 68B)
Class com.intellij.gradle.toolingExtension.impl.model.sourceSetDependencyModel.GradleSourceSetDependencySerialisationService: loaded 2 times (x 73B)
Class org.jetbrains.plugins.gradle.model.GradleSourceSetModel                         : loaded 2 times (x 66B)
Class org.gradle.internal.classpath.DefaultClassPath$ImmutableUniqueList$Builder      : loaded 2 times (x 71B)
Class com.google.common.collect.AbstractRangeSet                                      : loaded 2 times (x 110B)
Class com.google.common.base.CharMatcher$NegatedFastMatcher                           : loaded 2 times (x 109B)
Class com.google.common.cache.LocalCache                                              : loaded 2 times (x 183B)
Class com.google.common.cache.CacheBuilder$2                                          : loaded 2 times (x 75B)
Class com.google.common.collect.ArrayListMultimap                                     : loaded 2 times (x 168B)
Class com.google.common.cache.CacheBuilder$3                                          : loaded 2 times (x 68B)
Class [Lcom.google.common.collect.AbstractMapEntry;                                   : loaded 2 times (x 65B)
Class com.google.common.collect.ImmutableEntry                                        : loaded 2 times (x 78B)
Class org.jetbrains.plugins.gradle.tooling.util.ObjectCollector$Processor             : loaded 2 times (x 66B)
Class kotlin.collections.CollectionsKt___CollectionsKt                                : loaded 2 times (x 67B)
Class com.google.common.base.Equivalence$Identity                                     : loaded 2 times (x 78B)
Class org.gradle.internal.exceptions.NonGradleCauseExceptionsHolder                   : loaded 2 times (x 66B)
Class org.gradle.tooling.model.idea.IdeaModuleDependency                              : loaded 2 times (x 66B)
Class org.gradle.tooling.internal.adapter.ViewBuilder                                 : loaded 2 times (x 66B)
Class com.google.common.collect.CollectPreconditions                                  : loaded 2 times (x 67B)
Class org.jetbrains.plugins.gradle.model.AnnotationProcessingConfig                   : loaded 2 times (x 66B)
Class com.google.common.collect.SortedMapDifference                                   : loaded 2 times (x 66B)
Class org.jetbrains.plugins.gradle.tooling.ModelBuilderService$Parameter              : loaded 2 times (x 66B)
Class com.google.common.cache.LocalCache$WriteThroughEntry                            : loaded 2 times (x 75B)
Class com.google.common.cache.LocalCache$HashIterator                                 : loaded 2 times (x 82B)
Class com.google.common.cache.LocalCache$EntryFactory                                 : loaded 2 times (x 79B)
Class org.gradle.internal.impldep.gnu.trove.TObjectIntProcedure                       : loaded 2 times (x 66B)
Class org.gradle.tooling.internal.adapter.ProtocolToModelAdapter$ReflectionMethodInvoker: loaded 2 times (x 72B)
Class org.jetbrains.kotlin.tooling.core.HasMutableExtras                              : loaded 2 times (x 66B)
Class com.google.common.cache.LocalCache$AbstractReferenceEntry                       : loaded 2 times (x 103B)
Class kotlin.collections.CollectionsKt__MutableCollectionsJVMKt                       : loaded 2 times (x 67B)
Class com.google.common.collect.SortedIterable                                        : loaded 2 times (x 66B)
Class kotlin.enums.EnumEntriesKt                                                      : loaded 2 times (x 67B)
Class com.google.common.collect.ImmutableRangeSet$ComplementRanges                    : loaded 2 times (x 203B)
Class org.objectweb.asm.SymbolTable                                                   : loaded 2 times (x 68B)
Class com.google.common.cache.CacheLoader$InvalidCacheLoadException                   : loaded 2 times (x 78B)
Class com.google.common.collect.ImmutableSet$RegularSetBuilderImpl                    : loaded 2 times (x 73B)
Class org.jetbrains.plugins.gradle.model.GradleProperty                               : loaded 2 times (x 66B)
Class org.gradle.internal.classloader.SystemClassLoaderSpec                           : loaded 2 times (x 67B)
Class com.google.common.cache.LocalCache$StrongEntry                                  : loaded 2 times (x 104B)
Class com.google.common.util.concurrent.AbstractFuture$TrustedFuture                  : loaded 2 times (x 110B)
Class com.google.common.cache.LoadingCache                                            : loaded 2 times (x 66B)
Class org.gradle.internal.exceptions.MultiCauseException                              : loaded 2 times (x 66B)
Class org.gradle.internal.time.CountdownTimer                                         : loaded 2 times (x 66B)
Class kotlin.jvm.internal.Intrinsics                                                  : loaded 2 times (x 67B)
Class org.objectweb.asm.MethodWriter                                                  : loaded 2 times (x 102B)
Class [Lcom.google.common.cache.Weigher;                                              : loaded 2 times (x 65B)
Class com.google.common.collect.RegularImmutableMap$BucketOverflowException           : loaded 2 times (x 78B)
Class com.intellij.gradle.toolingExtension.impl.model.projectModel.GradleExternalProjectSerializationService$ReadContext: loaded 2 times (x 69B)
Class com.intellij.gradle.toolingExtension.impl.model.dependencyModel.DependencyWriteContext: loaded 2 times (x 68B)
Class kotlin.collections.CollectionsKt__IterablesKt                                   : loaded 2 times (x 67B)
Class org.gradle.tooling.model.ProjectModel                                           : loaded 2 times (x 66B)
Class kotlin.KotlinNullPointerException                                               : loaded 2 times (x 79B)
Class com.google.common.collect.RegularImmutableBiMap                                 : loaded 2 times (x 145B)
Class com.google.common.base.CharMatcher$Negated                                      : loaded 2 times (x 109B)
Class com.google.common.base.CharMatcher$Is                                           : loaded 2 times (x 107B)
Class com.google.common.cache.LocalCache$ValueReference                               : loaded 2 times (x 66B)
Class org.jetbrains.plugins.gradle.model.tests.ExternalTestsModel                     : loaded 2 times (x 66B)
Class org.gradle.internal.exceptions.DefaultMultiCauseException                       : loaded 2 times (x 91B)
Class com.google.common.base.PatternCompiler                                          : loaded 2 times (x 66B)
Class com.google.common.util.concurrent.AbstractFuture$Failure                        : loaded 2 times (x 68B)
Class com.google.common.base.Equivalence$Equals                                       : loaded 2 times (x 78B)
Class com.google.common.collect.Hashing                                               : loaded 2 times (x 67B)
Class com.google.common.base.Preconditions                                            : loaded 2 times (x 67B)
Class com.intellij.gradle.toolingExtension.impl.model.projectModel.GradleExternalProjectSerializationService: loaded 2 times (x 73B)
Class org.gradle.tooling.model.HierarchicalElement                                    : loaded 2 times (x 66B)
Class com.google.common.base.Joiner$1                                                 : loaded 2 times (x 76B)
Class org.objectweb.asm.Label                                                         : loaded 2 times (x 69B)
Class org.objectweb.asm.CurrentFrame                                                  : loaded 2 times (x 69B)
Class org.objectweb.asm.ClassTooLargeException                                        : loaded 2 times (x 79B)
Class com.google.common.base.CharMatcher                                              : loaded 2 times (x 107B)
Class com.google.common.collect.PeekingIterator                                       : loaded 2 times (x 66B)
Class org.jetbrains.plugins.gradle.tooling.serialization.ExternalTestsSerializationService: loaded 2 times (x 73B)
Class org.gradle.internal.time.Time                                                   : loaded 2 times (x 67B)
Class com.google.common.collect.RangeGwtSerializationDependencies                     : loaded 2 times (x 67B)
Class com.google.common.base.Joiner$2                                                 : loaded 2 times (x 75B)
Class org.objectweb.asm.Frame                                                         : loaded 2 times (x 69B)
Class org.objectweb.asm.MethodVisitor                                                 : loaded 2 times (x 101B)
Class com.google.common.base.CharMatcher$NamedFastMatcher                             : loaded 2 times (x 108B)
Class com.google.common.base.CharMatcher$1                                            : loaded 2 times (x 109B)
Class com.google.common.cache.LocalCache$EntryFactory$1                               : loaded 2 times (x 79B)
Class [Lcom.google.common.cache.RemovalListener;                                      : loaded 2 times (x 65B)
Class org.jetbrains.plugins.gradle.tooling.serialization.AnnotationProcessingModelSerializationService: loaded 2 times (x 73B)
Class com.google.common.collect.RangeSet                                              : loaded 2 times (x 66B)
Class com.google.common.cache.LocalCache$EntryFactory$2                               : loaded 2 times (x 79B)
Class [Lcom.intellij.openapi.externalSystem.model.project.dependencies.ResolutionState;: loaded 2 times (x 65B)
Class org.gradle.internal.impldep.gnu.trove.TObjectHash                               : loaded 2 times (x 90B)
Class org.jetbrains.plugins.gradle.model.DependencyAccessorsModel                     : loaded 2 times (x 66B)
Class org.gradle.api.internal.classpath.GlobalCacheRootsProvider                      : loaded 2 times (x 66B)
Class com.google.common.collect.CollectCollectors                                     : loaded 2 times (x 67B)
Class org.objectweb.asm.ModuleWriter                                                  : loaded 2 times (x 78B)
Class com.google.common.cache.LocalCache$EntryFactory$3                               : loaded 2 times (x 79B)
Class com.google.common.base.Ticker$1                                                 : loaded 2 times (x 68B)
Class com.google.common.collect.Maps$BiMapConverter                                   : loaded 2 times (x 86B)
Class com.google.common.collect.ImmutableMapEntrySet$RegularEntrySet                  : loaded 2 times (x 148B)
Class org.jetbrains.kotlin.idea.gradleTooling.KotlinMPPGradleModel                    : loaded 2 times (x 66B)
Class com.intellij.gradle.toolingExtension.impl.model.dependencyDownloadPolicyModel.GradleDependencyDownloadPolicy: loaded 2 times (x 66B)
Class org.gradle.tooling.model.BuildIdentifier                                        : loaded 2 times (x 66B)
Class com.google.common.base.CharMatcher$InRange                                      : loaded 2 times (x 107B)
Class com.google.common.cache.LocalCache$EntryFactory$4                               : loaded 2 times (x 79B)
Class com.google.common.collect.ImmutableSet$Builder                                  : loaded 2 times (x 81B)
Class org.jetbrains.kotlin.idea.gradleTooling.PrepareKotlinIdeImportTaskModel         : loaded 2 times (x 66B)
Class com.google.common.cache.LocalCache$EntryFactory$5                               : loaded 2 times (x 79B)
Class org.gradle.tooling.model.build.JavaEnvironment                                  : loaded 2 times (x 66B)
Class com.google.common.base.PairwiseEquivalence                                      : loaded 2 times (x 79B)
Class com.google.common.cache.LocalCache$EntryFactory$6                               : loaded 2 times (x 79B)
Class org.gradle.internal.time.Timer                                                  : loaded 2 times (x 66B)
Class kotlin.jvm.internal.markers.KMappedMarker                                       : loaded 2 times (x 66B)
Class org.gradle.internal.installation.CurrentGradleInstallationLocator               : loaded 2 times (x 67B)
Class com.google.common.collect.Maps$KeySet                                           : loaded 2 times (x 133B)
Class com.google.common.cache.LocalCache$EntryFactory$7                               : loaded 2 times (x 79B)
Class com.google.common.collect.ImmutableSet$EmptySetBuilderImpl                      : loaded 2 times (x 72B)
Class com.google.common.collect.ImmutableList                                         : loaded 2 times (x 202B)
Class org.gradle.tooling.model.idea.IdeaProject                                       : loaded 2 times (x 66B)
Class org.gradle.tooling.model.DomainObjectSet                                        : loaded 2 times (x 66B)
Class org.gradle.internal.service.DefaultServiceLocator                               : loaded 2 times (x 79B)
Class com.google.common.cache.LocalCache$EntryFactory$8                               : loaded 2 times (x 79B)
Class com.google.common.collect.ImmutableSet$SetBuilderImpl                           : loaded 2 times (x 72B)
Class org.gradle.util.GradleVersion                                                   : loaded 2 times (x 75B)
Class org.gradle.internal.installation.CurrentGradleInstallation                      : loaded 2 times (x 69B)
Class com.google.common.cache.CacheLoader$1                                           : loaded 2 times (x 71B)
Class com.google.common.collect.ImmutableList$SubList                                 : loaded 2 times (x 205B)
Class org.jetbrains.plugins.gradle.tooling.serialization.GradleExtensionsSerializationService$WriteContext: loaded 2 times (x 68B)
Class com.intellij.gradle.toolingExtension.impl.model.taskModel.GradleTaskSerialisationService$Companion: loaded 2 times (x 67B)
Class org.jetbrains.plugins.gradle.javaModel.JavaGradleManifestModel                  : loaded 2 times (x 66B)
Class org.gradle.util.internal.GUtil                                                  : loaded 2 times (x 67B)
Class com.google.common.util.concurrent.AbstractFuture$SetFuture                      : loaded 2 times (x 71B)
Class com.google.common.cache.AbstractCache$StatsCounter                              : loaded 2 times (x 66B)
Class com.intellij.gradle.toolingExtension.impl.model.sourceSetModel.GradleSourceSetSerialisationService$SourceSetModelReadContext: loaded 2 times (x 68B)
Class com.intellij.gradle.toolingExtension.impl.model.utilTurnOffDefaultTasksModel.TurnOffDefaultTasks: loaded 2 times (x 66B)
Class ijInit1_2h7m4u63qa2vcd4m3yy5k827c                                               : loaded 2 times (x 175B)
Class kotlin.collections.CollectionsKt                                                : loaded 2 times (x 67B)
Class com.google.common.collect.Iterators$MergingIterator                             : loaded 2 times (x 77B)
Class com.google.common.collect.RegularImmutableSet                                   : loaded 2 times (x 145B)
Class com.intellij.gradle.toolingExtension.impl.model.sourceSetModel.GradleSourceSetSerialisationService$SourceSetModelWriteContext: loaded 2 times (x 68B)
Class org.gradle.tooling.internal.adapter.ProtocolToModelAdapter$1                    : loaded 2 times (x 71B)
Class org.gradle.tooling.internal.adapter.ProtocolToModelAdapter$ViewDecoration       : loaded 2 times (x 66B)
Class org.gradle.internal.installation.GradleInstallation                             : loaded 2 times (x 71B)
Class com.google.common.collect.Iterables                                             : loaded 2 times (x 67B)
Class org.jetbrains.plugins.gradle.tooling.serialization.GradleExtensionsSerializationService$ReadContext: loaded 2 times (x 68B)
Class org.gradle.tooling.internal.adapter.MethodInvoker                               : loaded 2 times (x 66B)
Class org.jetbrains.plugins.gradle.tooling.serialization.RepositoriesModelSerializationService$WriteContext: loaded 2 times (x 68B)

---------------  S Y S T E M  ---------------

OS:
 Windows 11 , 64 bit Build 26100 (10.0.26100.7019)
OS uptime: 3 days 4:16 hours
Hyper-V role detected

CPU: total 8 (initial active 8) (4 cores per cpu, 2 threads per core) family 6 model 142 stepping 12 microcode 0xde, cx8, cmov, fxsr, ht, mmx, 3dnowpref, sse, sse2, sse3, ssse3, sse4.1, sse4.2, popcnt, lzcnt, tsc, tscinvbit, avx, avx2, aes, erms, clmul, bmi1, bmi2, adx, fma, vzeroupper, clflush, clflushopt, hv, rdtscp, f16c
Processor Information for the first 8 processors :
  Max Mhz: 2304, Current Mhz: 1803, Mhz Limit: 1797

Memory: 4k page, system-wide physical 7990M (476M free)
TotalPageFile size 16182M (AvailPageFile size 6M)
current process WorkingSet (physical memory assigned to process): 539M, peak: 539M
current process commit charge ("private bytes"): 592M, peak: 592M

vm_info: OpenJDK 64-Bit Server VM (21.0.6+-13391695-b895.109) for windows-amd64 JRE (21.0.6+-13391695-b895.109), built on 2025-04-22T21:19:17Z by "builder" with MS VC++ 16.10 / 16.11 (VS2019)

END.
