#
# There is insufficient memory for the Java Runtime Environment to continue.
# Native memory allocation (malloc) failed to allocate 1257008 bytes. Error detail: Chunk::new
# Possible reasons:
#   The system is out of physical RAM or swap space
#   This process is running with CompressedOops enabled, and the Java Heap may be blocking the growth of the native heap
# Possible solutions:
#   Reduce memory load on the system
#   Increase physical memory or swap space
#   Check if swap backing store is full
#   Decrease Java heap size (-Xmx/-Xms)
#   Decrease number of Java threads
#   Decrease Java thread stack sizes (-Xss)
#   Set larger code cache with -XX:ReservedCodeCacheSize=
#   JVM is running with Unscaled Compressed Oops mode in which the Java heap is
#     placed in the first 4GB address space. The Java Heap base address is the
#     maximum limit for the native heap growth. Please use -XX:HeapBaseMinAddress
#     to set the Java Heap base and to place the Java Heap above 4GB virtual address.
# This output file may be truncated or incomplete.
#
#  Out of Memory Error (arena.cpp:168), pid=17088, tid=420
#
# JRE version: OpenJDK Runtime Environment (21.0.6) (build 21.0.6+-13391695-b895.109)
# Java VM: OpenJDK 64-Bit Server VM (21.0.6+-13391695-b895.109, mixed mode, tiered, compressed oops, compressed class ptrs, g1 gc, windows-amd64)
# No core dump will be written. Minidumps are not enabled by default on client versions of Windows
#

---------------  S U M M A R Y ------------

Command Line: --add-opens=java.base/java.lang=ALL-UNNAMED --add-opens=java.base/java.lang.invoke=ALL-UNNAMED --add-opens=java.base/java.util=ALL-UNNAMED --add-opens=java.prefs/java.util.prefs=ALL-UNNAMED --add-exports=jdk.compiler/com.sun.tools.javac.api=ALL-UNNAMED --add-exports=jdk.compiler/com.sun.tools.javac.util=ALL-UNNAMED --add-opens=java.base/java.util=ALL-UNNAMED --add-opens=java.prefs/java.util.prefs=ALL-UNNAMED --add-opens=java.base/java.nio.charset=ALL-UNNAMED --add-opens=java.base/java.net=ALL-UNNAMED --add-opens=java.base/java.util.concurrent.atomic=ALL-UNNAMED --add-opens=java.xml/javax.xml.namespace=ALL-UNNAMED -Xmx2048m -Dfile.encoding=UTF-8 -Duser.country=US -Duser.language=en -Duser.variant -javaagent:C:\Users\Asus\.gradle\wrapper\dists\gradle-8.13-bin\5xuhj0ry160q40clulazy9h7d\gradle-8.13\lib\agents\gradle-instrumentation-agent-8.13.jar org.gradle.launcher.daemon.bootstrap.GradleDaemon 8.13

Host: Intel(R) Core(TM) i7-10510U CPU @ 1.80GHz, 8 cores, 7G,  Windows 11 , 64 bit Build 26100 (10.0.26100.7019)
Time: Tue Dec  2 13:58:20 2025 SE Asia Standard Time elapsed time: 40.138378 seconds (0d 0h 0m 40s)

---------------  T H R E A D  ---------------

Current thread (0x000001847905b130):  JavaThread "C2 CompilerThread0" daemon [_thread_in_native, id=420, stack(0x0000002be6500000,0x0000002be6600000) (1024K)]


Current CompileTask:
C2:40138 12539   !   4       com.google.common.cache.LocalCache$Segment::lockedGetOrLoad (447 bytes)

Stack: [0x0000002be6500000,0x0000002be6600000]
Native frames: (J=compiled Java code, j=interpreted, Vv=VM code, C=native code)
V  [jvm.dll+0x6d0639]
V  [jvm.dll+0x85eb03]
V  [jvm.dll+0x86105e]
V  [jvm.dll+0x861743]
V  [jvm.dll+0x27e6e6]
V  [jvm.dll+0xbff6d]
V  [jvm.dll+0xc04a3]
V  [jvm.dll+0x3b61ab]
V  [jvm.dll+0x3820c7]
V  [jvm.dll+0x38153a]
V  [jvm.dll+0x247c82]
V  [jvm.dll+0x247251]
V  [jvm.dll+0x1c5f04]
V  [jvm.dll+0x2569ac]
V  [jvm.dll+0x254ef6]
V  [jvm.dll+0x3f0e96]
V  [jvm.dll+0x806ed8]
V  [jvm.dll+0x6cef0d]
C  [ucrtbase.dll+0x37b0]
C  [KERNEL32.DLL+0x2e8d7]
C  [ntdll.dll+0x8c53c]


---------------  P R O C E S S  ---------------

Threads class SMR info:
_java_thread_list=0x000001847c307380, length=81, elements={
0x000001845d6eb260, 0x0000018479077b80, 0x00000184790795c0, 0x0000018479062a50,
0x0000018479060c70, 0x00000184790595b0, 0x0000018479059c10, 0x000001847905b130,
0x000001847905c730, 0x00000184791bb6c0, 0x0000018479418db0, 0x000001847abe4a60,
0x000001847ad0ccf0, 0x000001847acddb90, 0x000001847ac4e450, 0x000001847ac4eab0,
0x000001847ad799c0, 0x000001847ad77300, 0x000001847ae77ba0, 0x000001847ae76e80,
0x000001847ae77510, 0x000001847ae78f50, 0x000001847ae78230, 0x000001847ae788c0,
0x000001847ae79c70, 0x000001847ae767f0, 0x000001847c051490, 0x000001847c050770,
0x000001847c051b20, 0x000001847c0500e0, 0x000001847c0521b0, 0x000001847c052ed0,
0x000001847c053560, 0x000001847c053bf0, 0x000001847c052840, 0x000001847c054280,
0x000001847c055630, 0x000001847c055cc0, 0x000001847c057700, 0x000001847c0569e0,
0x000001847c3c6360, 0x000001847c3c7da0, 0x000001847c3c8ac0, 0x000001847c3c9e70,
0x000001847c3c7710, 0x000001847c3cb8b0, 0x000001847c3cb220, 0x000001847c3c8430,
0x000001847c3cbf40, 0x000001847c3cc5d0, 0x000001847c3c9150, 0x000001847c3ccc60,
0x000001847c3cd2f0, 0x000001847c3cd980, 0x000001847ded70a0, 0x000001847ded6380,
0x000001847ded4fd0, 0x000001847ded7730, 0x000001847ded9800, 0x000001847ded9e90,
0x000001847ded8ae0, 0x000001847deda520, 0x000001847ded8450, 0x000001847dedabb0,
0x000001847dedb240, 0x000001847dedb8d0, 0x000001847c3ca500, 0x000001847c3c97e0,
0x000001847b5b7030, 0x000001847b5b7d50, 0x000001847b5b83e0, 0x000001847b5b9100,
0x000001847b5bbef0, 0x000001847b5b8a70, 0x000001847b5bc580, 0x000001847b5bd930,
0x000001847b5be650, 0x000001847b5bcc10, 0x000001847b5bdfc0, 0x000001847afd1d20,
0x000001847afd2a40
}

Java Threads: ( => current thread )
  0x000001845d6eb260 JavaThread "main"                              [_thread_blocked, id=13120, stack(0x0000002be5700000,0x0000002be5800000) (1024K)]
  0x0000018479077b80 JavaThread "Reference Handler"          daemon [_thread_blocked, id=15352, stack(0x0000002be5f00000,0x0000002be6000000) (1024K)]
  0x00000184790795c0 JavaThread "Finalizer"                  daemon [_thread_blocked, id=10692, stack(0x0000002be6000000,0x0000002be6100000) (1024K)]
  0x0000018479062a50 JavaThread "Signal Dispatcher"          daemon [_thread_blocked, id=5672, stack(0x0000002be6100000,0x0000002be6200000) (1024K)]
  0x0000018479060c70 JavaThread "Attach Listener"            daemon [_thread_blocked, id=14888, stack(0x0000002be6200000,0x0000002be6300000) (1024K)]
  0x00000184790595b0 JavaThread "Service Thread"             daemon [_thread_blocked, id=1512, stack(0x0000002be6300000,0x0000002be6400000) (1024K)]
  0x0000018479059c10 JavaThread "Monitor Deflation Thread"   daemon [_thread_blocked, id=21168, stack(0x0000002be6400000,0x0000002be6500000) (1024K)]
=>0x000001847905b130 JavaThread "C2 CompilerThread0"         daemon [_thread_in_native, id=420, stack(0x0000002be6500000,0x0000002be6600000) (1024K)]
  0x000001847905c730 JavaThread "C1 CompilerThread0"         daemon [_thread_blocked, id=1812, stack(0x0000002be6600000,0x0000002be6700000) (1024K)]
  0x00000184791bb6c0 JavaThread "Common-Cleaner"             daemon [_thread_blocked, id=9144, stack(0x0000002be6700000,0x0000002be6800000) (1024K)]
  0x0000018479418db0 JavaThread "Notification Thread"        daemon [_thread_blocked, id=6932, stack(0x0000002be6800000,0x0000002be6900000) (1024K)]
  0x000001847abe4a60 JavaThread "Daemon health stats"               [_thread_blocked, id=14304, stack(0x0000002be6f00000,0x0000002be7000000) (1024K)]
  0x000001847ad0ccf0 JavaThread "Incoming local TCP Connector on port 54138"        [_thread_in_native, id=6040, stack(0x0000002be6e00000,0x0000002be6f00000) (1024K)]
  0x000001847acddb90 JavaThread "Daemon periodic checks"            [_thread_blocked, id=2308, stack(0x0000002be7000000,0x0000002be7100000) (1024K)]
  0x000001847ac4e450 JavaThread "Daemon"                            [_thread_blocked, id=8796, stack(0x0000002be7100000,0x0000002be7200000) (1024K)]
  0x000001847ac4eab0 JavaThread "Handler for socket connection from /127.0.0.1:54138 to /127.0.0.1:54139"        [_thread_in_native, id=9472, stack(0x0000002be7200000,0x0000002be7300000) (1024K)]
  0x000001847ad799c0 JavaThread "Cancel handler"                    [_thread_blocked, id=8664, stack(0x0000002be7300000,0x0000002be7400000) (1024K)]
  0x000001847ad77300 JavaThread "Daemon worker"                     [_thread_in_native, id=16116, stack(0x0000002be7400000,0x0000002be7500000) (1024K)]
  0x000001847ae77ba0 JavaThread "Asynchronous log dispatcher for DefaultDaemonConnection: socket connection from /127.0.0.1:54138 to /127.0.0.1:54139"        [_thread_blocked, id=3672, stack(0x0000002be7500000,0x0000002be7600000) (1024K)]
  0x000001847ae76e80 JavaThread "Stdin handler"                     [_thread_blocked, id=7728, stack(0x0000002be7600000,0x0000002be7700000) (1024K)]
  0x000001847ae77510 JavaThread "Daemon client event forwarder"        [_thread_blocked, id=20076, stack(0x0000002be7700000,0x0000002be7800000) (1024K)]
  0x000001847ae78f50 JavaThread "Cache worker for journal cache (C:\Users\Asus\.gradle\caches\journal-1)"        [_thread_blocked, id=8436, stack(0x0000002be7b00000,0x0000002be7c00000) (1024K)]
  0x000001847ae78230 JavaThread "File lock request listener"        [_thread_in_native, id=20160, stack(0x0000002be7c00000,0x0000002be7d00000) (1024K)]
  0x000001847ae788c0 JavaThread "Cache worker for file hash cache (C:\Users\Asus\.gradle\caches\8.13\fileHashes)"        [_thread_blocked, id=17548, stack(0x0000002be7d00000,0x0000002be7e00000) (1024K)]
  0x000001847ae79c70 JavaThread "Cache worker for file hash cache (D:\Dicoding\Belajar Membuat Aplikasi Android Untuk Pemula\INTENT GPT\2. Latihan Intent + Kirim Int\.gradle\8.13\fileHashes)"        [_thread_blocked, id=12660, stack(0x0000002be7f00000,0x0000002be8000000) (1024K)]
  0x000001847ae767f0 JavaThread "Cache worker for Build Output Cleanup Cache (D:\Dicoding\Belajar Membuat Aplikasi Android Untuk Pemula\INTENT GPT\2. Latihan Intent + Kirim Int\.gradle\buildOutputCleanup)"        [_thread_blocked, id=4876, stack(0x0000002be8000000,0x0000002be8100000) (1024K)]
  0x000001847c051490 JavaThread "File watcher server"        daemon [_thread_in_native, id=1464, stack(0x0000002be7e00000,0x0000002be7f00000) (1024K)]
  0x000001847c050770 JavaThread "File watcher consumer"      daemon [_thread_blocked, id=16992, stack(0x0000002be8100000,0x0000002be8200000) (1024K)]
  0x000001847c051b20 JavaThread "jar transforms"                    [_thread_blocked, id=19056, stack(0x0000002be8300000,0x0000002be8400000) (1024K)]
  0x000001847c0500e0 JavaThread "jar transforms Thread 2"           [_thread_blocked, id=10308, stack(0x0000002be8400000,0x0000002be8500000) (1024K)]
  0x000001847c0521b0 JavaThread "jar transforms Thread 3"           [_thread_blocked, id=8968, stack(0x0000002be8500000,0x0000002be8600000) (1024K)]
  0x000001847c052ed0 JavaThread "jar transforms Thread 4"           [_thread_blocked, id=6032, stack(0x0000002be8600000,0x0000002be8700000) (1024K)]
  0x000001847c053560 JavaThread "jar transforms Thread 5"           [_thread_blocked, id=20088, stack(0x0000002be8700000,0x0000002be8800000) (1024K)]
  0x000001847c053bf0 JavaThread "jar transforms Thread 6"           [_thread_blocked, id=6544, stack(0x0000002be8800000,0x0000002be8900000) (1024K)]
  0x000001847c052840 JavaThread "jar transforms Thread 7"           [_thread_blocked, id=16924, stack(0x0000002be8900000,0x0000002be8a00000) (1024K)]
  0x000001847c054280 JavaThread "jar transforms Thread 8"           [_thread_blocked, id=17568, stack(0x0000002be8a00000,0x0000002be8b00000) (1024K)]
  0x000001847c055630 JavaThread "Cache worker for checksums cache (D:\Dicoding\Belajar Membuat Aplikasi Android Untuk Pemula\INTENT GPT\2. Latihan Intent + Kirim Int\.gradle\8.13\checksums)"        [_thread_blocked, id=6660, stack(0x0000002be8b00000,0x0000002be8c00000) (1024K)]
  0x000001847c055cc0 JavaThread "Cache worker for file content cache (C:\Users\Asus\.gradle\caches\8.13\fileContent)"        [_thread_blocked, id=15856, stack(0x0000002be8c00000,0x0000002be8d00000) (1024K)]
  0x000001847c057700 JavaThread "Cache worker for cache directory md-supplier (C:\Users\Asus\.gradle\caches\8.13\md-supplier)"        [_thread_blocked, id=20904, stack(0x0000002be8200000,0x0000002be8300000) (1024K)]
  0x000001847c0569e0 JavaThread "Cache worker for cache directory md-rule (C:\Users\Asus\.gradle\caches\8.13\md-rule)"        [_thread_blocked, id=16368, stack(0x0000002be8d00000,0x0000002be8e00000) (1024K)]
  0x000001847c3c6360 JavaThread "Unconstrained build operations"        [_thread_blocked, id=8044, stack(0x0000002be8e00000,0x0000002be8f00000) (1024K)]
  0x000001847c3c7da0 JavaThread "Unconstrained build operations Thread 2"        [_thread_blocked, id=9788, stack(0x0000002be8f00000,0x0000002be9000000) (1024K)]
  0x000001847c3c8ac0 JavaThread "Unconstrained build operations Thread 3"        [_thread_blocked, id=21092, stack(0x0000002be9000000,0x0000002be9100000) (1024K)]
  0x000001847c3c9e70 JavaThread "Unconstrained build operations Thread 4"        [_thread_blocked, id=9408, stack(0x0000002be9100000,0x0000002be9200000) (1024K)]
  0x000001847c3c7710 JavaThread "Unconstrained build operations Thread 5"        [_thread_blocked, id=16796, stack(0x0000002be9300000,0x0000002be9400000) (1024K)]
  0x000001847c3cb8b0 JavaThread "Unconstrained build operations Thread 6"        [_thread_blocked, id=17720, stack(0x0000002be9400000,0x0000002be9500000) (1024K)]
  0x000001847c3cb220 JavaThread "Unconstrained build operations Thread 7"        [_thread_blocked, id=1224, stack(0x0000002be9500000,0x0000002be9600000) (1024K)]
  0x000001847c3c8430 JavaThread "Unconstrained build operations Thread 8"        [_thread_blocked, id=14108, stack(0x0000002be9600000,0x0000002be9700000) (1024K)]
  0x000001847c3cbf40 JavaThread "Unconstrained build operations Thread 9"        [_thread_blocked, id=1040, stack(0x0000002be9700000,0x0000002be9800000) (1024K)]
  0x000001847c3cc5d0 JavaThread "Unconstrained build operations Thread 10"        [_thread_blocked, id=17676, stack(0x0000002be9800000,0x0000002be9900000) (1024K)]
  0x000001847c3c9150 JavaThread "Unconstrained build operations Thread 11"        [_thread_blocked, id=12776, stack(0x0000002be9900000,0x0000002be9a00000) (1024K)]
  0x000001847c3ccc60 JavaThread "Unconstrained build operations Thread 12"        [_thread_blocked, id=13768, stack(0x0000002be9a00000,0x0000002be9b00000) (1024K)]
  0x000001847c3cd2f0 JavaThread "Unconstrained build operations Thread 13"        [_thread_blocked, id=4228, stack(0x0000002be9b00000,0x0000002be9c00000) (1024K)]
  0x000001847c3cd980 JavaThread "Unconstrained build operations Thread 14"        [_thread_blocked, id=19036, stack(0x0000002be9c00000,0x0000002be9d00000) (1024K)]
  0x000001847ded70a0 JavaThread "Unconstrained build operations Thread 15"        [_thread_blocked, id=10260, stack(0x0000002be9d00000,0x0000002be9e00000) (1024K)]
  0x000001847ded6380 JavaThread "Unconstrained build operations Thread 16"        [_thread_blocked, id=15868, stack(0x0000002be9e00000,0x0000002be9f00000) (1024K)]
  0x000001847ded4fd0 JavaThread "Unconstrained build operations Thread 17"        [_thread_blocked, id=8680, stack(0x0000002be9f00000,0x0000002bea000000) (1024K)]
  0x000001847ded7730 JavaThread "Unconstrained build operations Thread 18"        [_thread_blocked, id=19660, stack(0x0000002bea000000,0x0000002bea100000) (1024K)]
  0x000001847ded9800 JavaThread "Unconstrained build operations Thread 19"        [_thread_blocked, id=11028, stack(0x0000002bea300000,0x0000002bea400000) (1024K)]
  0x000001847ded9e90 JavaThread "Unconstrained build operations Thread 20"        [_thread_blocked, id=20956, stack(0x0000002bea400000,0x0000002bea500000) (1024K)]
  0x000001847ded8ae0 JavaThread "Unconstrained build operations Thread 21"        [_thread_blocked, id=9392, stack(0x0000002bea500000,0x0000002bea600000) (1024K)]
  0x000001847deda520 JavaThread "Unconstrained build operations Thread 22"        [_thread_blocked, id=11504, stack(0x0000002bea600000,0x0000002bea700000) (1024K)]
  0x000001847ded8450 JavaThread "Unconstrained build operations Thread 23"        [_thread_blocked, id=19016, stack(0x0000002bea700000,0x0000002bea800000) (1024K)]
  0x000001847dedabb0 JavaThread "Unconstrained build operations Thread 24"        [_thread_blocked, id=17696, stack(0x0000002bea800000,0x0000002bea900000) (1024K)]
  0x000001847dedb240 JavaThread "Unconstrained build operations Thread 25"        [_thread_blocked, id=15788, stack(0x0000002bea900000,0x0000002beaa00000) (1024K)]
  0x000001847dedb8d0 JavaThread "Unconstrained build operations Thread 26"        [_thread_blocked, id=20360, stack(0x0000002beaa00000,0x0000002beab00000) (1024K)]
  0x000001847c3ca500 JavaThread "Unconstrained build operations Thread 27"        [_thread_blocked, id=500, stack(0x0000002beab00000,0x0000002beac00000) (1024K)]
  0x000001847c3c97e0 JavaThread "Unconstrained build operations Thread 28"        [_thread_blocked, id=15860, stack(0x0000002beac00000,0x0000002bead00000) (1024K)]
  0x000001847b5b7030 JavaThread "Unconstrained build operations Thread 29"        [_thread_blocked, id=9636, stack(0x0000002bead00000,0x0000002beae00000) (1024K)]
  0x000001847b5b7d50 JavaThread "Unconstrained build operations Thread 30"        [_thread_blocked, id=9588, stack(0x0000002beae00000,0x0000002beaf00000) (1024K)]
  0x000001847b5b83e0 JavaThread "Unconstrained build operations Thread 31"        [_thread_blocked, id=17756, stack(0x0000002beaf00000,0x0000002beb000000) (1024K)]
  0x000001847b5b9100 JavaThread "Unconstrained build operations Thread 32"        [_thread_blocked, id=4472, stack(0x0000002beb000000,0x0000002beb100000) (1024K)]
  0x000001847b5bbef0 JavaThread "Unconstrained build operations Thread 33"        [_thread_blocked, id=16256, stack(0x0000002beb100000,0x0000002beb200000) (1024K)]
  0x000001847b5b8a70 JavaThread "Unconstrained build operations Thread 34"        [_thread_blocked, id=21308, stack(0x0000002beb200000,0x0000002beb300000) (1024K)]
  0x000001847b5bc580 JavaThread "Unconstrained build operations Thread 35"        [_thread_blocked, id=2452, stack(0x0000002beb300000,0x0000002beb400000) (1024K)]
  0x000001847b5bd930 JavaThread "Unconstrained build operations Thread 36"        [_thread_blocked, id=5964, stack(0x0000002beb400000,0x0000002beb500000) (1024K)]
  0x000001847b5be650 JavaThread "Unconstrained build operations Thread 37"        [_thread_blocked, id=10236, stack(0x0000002beb500000,0x0000002beb600000) (1024K)]
  0x000001847b5bcc10 JavaThread "Unconstrained build operations Thread 38"        [_thread_blocked, id=19588, stack(0x0000002beb600000,0x0000002beb700000) (1024K)]
  0x000001847b5bdfc0 JavaThread "Unconstrained build operations Thread 39"        [_thread_blocked, id=15688, stack(0x0000002beb700000,0x0000002beb800000) (1024K)]
  0x000001847afd1d20 JavaThread "Memory manager"                    [_thread_blocked, id=14736, stack(0x0000002be9200000,0x0000002be9300000) (1024K)]
  0x000001847afd2a40 JavaThread "build event listener"              [_thread_blocked, id=17140, stack(0x0000002beb900000,0x0000002beba00000) (1024K)]
Total: 81

Other Threads:
  0x0000018479008380 VMThread "VM Thread"                           [id=10068, stack(0x0000002be5e00000,0x0000002be5f00000) (1024K)]
  0x0000018474d63250 WatcherThread "VM Periodic Task Thread"        [id=9992, stack(0x0000002be5d00000,0x0000002be5e00000) (1024K)]
  0x000001845d744620 WorkerThread "GC Thread#0"                     [id=18948, stack(0x0000002be5800000,0x0000002be5900000) (1024K)]
  0x00000184796d5a00 WorkerThread "GC Thread#1"                     [id=16868, stack(0x0000002be6a00000,0x0000002be6b00000) (1024K)]
  0x00000184796d5da0 WorkerThread "GC Thread#2"                     [id=7536, stack(0x0000002be6b00000,0x0000002be6c00000) (1024K)]
  0x0000018479a42810 WorkerThread "GC Thread#3"                     [id=17684, stack(0x0000002be6c00000,0x0000002be6d00000) (1024K)]
  0x000001847a18d8d0 WorkerThread "GC Thread#4"                     [id=4808, stack(0x0000002be6d00000,0x0000002be6e00000) (1024K)]
  0x000001847abb3410 WorkerThread "GC Thread#5"                     [id=1792, stack(0x0000002be6900000,0x0000002be6a00000) (1024K)]
  0x000001847ae3fc50 WorkerThread "GC Thread#6"                     [id=21176, stack(0x0000002be7800000,0x0000002be7900000) (1024K)]
  0x000001847ae3edd0 WorkerThread "GC Thread#7"                     [id=5084, stack(0x0000002be7900000,0x0000002be7a00000) (1024K)]
  0x000001845d755510 ConcurrentGCThread "G1 Main Marker"            [id=8728, stack(0x0000002be5900000,0x0000002be5a00000) (1024K)]
  0x000001845d756d60 WorkerThread "G1 Conc#0"                       [id=18408, stack(0x0000002be5a00000,0x0000002be5b00000) (1024K)]
  0x000001847ae3f170 WorkerThread "G1 Conc#1"                       [id=16092, stack(0x0000002be7a00000,0x0000002be7b00000) (1024K)]
  0x0000018474c36590 ConcurrentGCThread "G1 Refine#0"               [id=20348, stack(0x0000002be5b00000,0x0000002be5c00000) (1024K)]
  0x0000018474c36db0 ConcurrentGCThread "G1 Service"                [id=11704, stack(0x0000002be5c00000,0x0000002be5d00000) (1024K)]
Total: 15

Threads with active compile tasks:
C2 CompilerThread0  40177 12539   !   4       com.google.common.cache.LocalCache$Segment::lockedGetOrLoad (447 bytes)
Total: 1

VM state: not at safepoint (normal execution)

VM Mutex/Monitor currently owned by a thread: None

Heap address: 0x0000000080000000, size: 2048 MB, Compressed Oops mode: 32-bit

CDS archive(s) not mapped
Compressed class space mapped at: 0x0000000100000000-0x0000000140000000, reserved size: 1073741824
Narrow klass base: 0x0000000000000000, Narrow klass shift: 3, Narrow klass range: 0x140000000

GC Precious Log:
 CardTable entry size: 512
 Card Set container configuration: InlinePtr #cards 5 size 8 Array Of Cards #cards 12 size 40 Howl #buckets 4 coarsen threshold 1843 Howl Bitmap #cards 512 size 80 coarsen threshold 460 Card regions per heap region 1 cards per card region 2048
 CPUs: 8 total, 8 available
 Memory: 7990M
 Large Page Support: Disabled
 NUMA Support: Disabled
 Compressed Oops: Enabled (32-bit)
 Heap Region Size: 1M
 Heap Min Capacity: 8M
 Heap Initial Capacity: 126M
 Heap Max Capacity: 2G
 Pre-touch: Disabled
 Parallel Workers: 8
 Concurrent Workers: 2
 Concurrent Refinement Workers: 8
 Periodic GC: Disabled

Heap:
 garbage-first heap   total 266240K, used 177291K [0x0000000080000000, 0x0000000100000000)
  region size 1024K, 28 young (28672K), 9 survivors (9216K)
 Metaspace       used 110946K, committed 113088K, reserved 1179648K
  class space    used 14761K, committed 15808K, reserved 1048576K

Heap Regions: E=young(eden), S=young(survivor), O=old, HS=humongous(starts), HC=humongous(continues), CS=collection set, F=free, TAMS=top-at-mark-start, PB=parsable bottom
|   0|0x0000000080000000, 0x0000000080100000, 0x0000000080100000|100%|HS|  |TAMS 0x0000000080000000| PB 0x0000000080000000| Complete 
|   1|0x0000000080100000, 0x0000000080200000, 0x0000000080200000|100%|HC|  |TAMS 0x0000000080100000| PB 0x0000000080100000| Complete 
|   2|0x0000000080200000, 0x0000000080300000, 0x0000000080300000|100%|HC|  |TAMS 0x0000000080200000| PB 0x0000000080200000| Complete 
|   3|0x0000000080300000, 0x0000000080400000, 0x0000000080400000|100%| O|  |TAMS 0x0000000080300000| PB 0x0000000080300000| Untracked 
|   4|0x0000000080400000, 0x0000000080500000, 0x0000000080500000|100%| O|  |TAMS 0x0000000080400000| PB 0x0000000080400000| Untracked 
|   5|0x0000000080500000, 0x0000000080600000, 0x0000000080600000|100%| O|  |TAMS 0x0000000080500000| PB 0x0000000080500000| Untracked 
|   6|0x0000000080600000, 0x0000000080700000, 0x0000000080700000|100%|HS|  |TAMS 0x0000000080600000| PB 0x0000000080600000| Complete 
|   7|0x0000000080700000, 0x0000000080800000, 0x0000000080800000|100%| O|  |TAMS 0x0000000080700000| PB 0x0000000080700000| Untracked 
|   8|0x0000000080800000, 0x0000000080900000, 0x0000000080900000|100%| O|  |TAMS 0x0000000080800000| PB 0x0000000080800000| Untracked 
|   9|0x0000000080900000, 0x0000000080a00000, 0x0000000080a00000|100%| O|  |TAMS 0x0000000080900000| PB 0x0000000080900000| Untracked 
|  10|0x0000000080a00000, 0x0000000080b00000, 0x0000000080b00000|100%| O|  |TAMS 0x0000000080a00000| PB 0x0000000080a00000| Untracked 
|  11|0x0000000080b00000, 0x0000000080c00000, 0x0000000080c00000|100%| O|  |TAMS 0x0000000080b00000| PB 0x0000000080b00000| Untracked 
|  12|0x0000000080c00000, 0x0000000080d00000, 0x0000000080d00000|100%| O|  |TAMS 0x0000000080c00000| PB 0x0000000080c00000| Untracked 
|  13|0x0000000080d00000, 0x0000000080e00000, 0x0000000080e00000|100%| O|  |TAMS 0x0000000080d00000| PB 0x0000000080d00000| Untracked 
|  14|0x0000000080e00000, 0x0000000080f00000, 0x0000000080f00000|100%| O|  |TAMS 0x0000000080e00000| PB 0x0000000080e00000| Untracked 
|  15|0x0000000080f00000, 0x0000000081000000, 0x0000000081000000|100%| O|  |TAMS 0x0000000080f00000| PB 0x0000000080f00000| Untracked 
|  16|0x0000000081000000, 0x0000000081100000, 0x0000000081100000|100%| O|  |TAMS 0x0000000081000000| PB 0x0000000081000000| Untracked 
|  17|0x0000000081100000, 0x0000000081200000, 0x0000000081200000|100%|HS|  |TAMS 0x0000000081100000| PB 0x0000000081100000| Complete 
|  18|0x0000000081200000, 0x0000000081300000, 0x0000000081300000|100%|HC|  |TAMS 0x0000000081200000| PB 0x0000000081200000| Complete 
|  19|0x0000000081300000, 0x0000000081400000, 0x0000000081400000|100%|HC|  |TAMS 0x0000000081300000| PB 0x0000000081300000| Complete 
|  20|0x0000000081400000, 0x0000000081500000, 0x0000000081500000|100%|HC|  |TAMS 0x0000000081400000| PB 0x0000000081400000| Complete 
|  21|0x0000000081500000, 0x0000000081600000, 0x0000000081600000|100%|HC|  |TAMS 0x0000000081500000| PB 0x0000000081500000| Complete 
|  22|0x0000000081600000, 0x0000000081700000, 0x0000000081700000|100%|HC|  |TAMS 0x0000000081600000| PB 0x0000000081600000| Complete 
|  23|0x0000000081700000, 0x0000000081800000, 0x0000000081800000|100%|HS|  |TAMS 0x0000000081700000| PB 0x0000000081700000| Complete 
|  24|0x0000000081800000, 0x0000000081900000, 0x0000000081900000|100%|HS|  |TAMS 0x0000000081800000| PB 0x0000000081800000| Complete 
|  25|0x0000000081900000, 0x0000000081a00000, 0x0000000081a00000|100%|HC|  |TAMS 0x0000000081900000| PB 0x0000000081900000| Complete 
|  26|0x0000000081a00000, 0x0000000081b00000, 0x0000000081b00000|100%|HC|  |TAMS 0x0000000081a00000| PB 0x0000000081a00000| Complete 
|  27|0x0000000081b00000, 0x0000000081c00000, 0x0000000081c00000|100%|HC|  |TAMS 0x0000000081b00000| PB 0x0000000081b00000| Complete 
|  28|0x0000000081c00000, 0x0000000081d00000, 0x0000000081d00000|100%|HS|  |TAMS 0x0000000081c00000| PB 0x0000000081c00000| Complete 
|  29|0x0000000081d00000, 0x0000000081e00000, 0x0000000081e00000|100%|HC|  |TAMS 0x0000000081d00000| PB 0x0000000081d00000| Complete 
|  30|0x0000000081e00000, 0x0000000081f00000, 0x0000000081f00000|100%|HS|  |TAMS 0x0000000081e00000| PB 0x0000000081e00000| Complete 
|  31|0x0000000081f00000, 0x0000000082000000, 0x0000000082000000|100%|HS|  |TAMS 0x0000000081f00000| PB 0x0000000081f00000| Complete 
|  32|0x0000000082000000, 0x0000000082100000, 0x0000000082100000|100%|HC|  |TAMS 0x0000000082000000| PB 0x0000000082000000| Complete 
|  33|0x0000000082100000, 0x0000000082200000, 0x0000000082200000|100%|HC|  |TAMS 0x0000000082100000| PB 0x0000000082100000| Complete 
|  34|0x0000000082200000, 0x0000000082300000, 0x0000000082300000|100%|HC|  |TAMS 0x0000000082200000| PB 0x0000000082200000| Complete 
|  35|0x0000000082300000, 0x0000000082400000, 0x0000000082400000|100%|HC|  |TAMS 0x0000000082300000| PB 0x0000000082300000| Complete 
|  36|0x0000000082400000, 0x0000000082500000, 0x0000000082500000|100%|HC|  |TAMS 0x0000000082400000| PB 0x0000000082400000| Complete 
|  37|0x0000000082500000, 0x0000000082600000, 0x0000000082600000|100%|HS|  |TAMS 0x0000000082500000| PB 0x0000000082500000| Complete 
|  38|0x0000000082600000, 0x0000000082700000, 0x0000000082700000|100%|HS|  |TAMS 0x0000000082600000| PB 0x0000000082600000| Complete 
|  39|0x0000000082700000, 0x0000000082800000, 0x0000000082800000|100%|HC|  |TAMS 0x0000000082700000| PB 0x0000000082700000| Complete 
|  40|0x0000000082800000, 0x0000000082900000, 0x0000000082900000|100%|HC|  |TAMS 0x0000000082800000| PB 0x0000000082800000| Complete 
|  41|0x0000000082900000, 0x0000000082a00000, 0x0000000082a00000|100%|HC|  |TAMS 0x0000000082900000| PB 0x0000000082900000| Complete 
|  42|0x0000000082a00000, 0x0000000082b00000, 0x0000000082b00000|100%|HS|  |TAMS 0x0000000082a00000| PB 0x0000000082a00000| Complete 
|  43|0x0000000082b00000, 0x0000000082c00000, 0x0000000082c00000|100%|HC|  |TAMS 0x0000000082b00000| PB 0x0000000082b00000| Complete 
|  44|0x0000000082c00000, 0x0000000082d00000, 0x0000000082d00000|100%|HS|  |TAMS 0x0000000082c00000| PB 0x0000000082c00000| Complete 
|  45|0x0000000082d00000, 0x0000000082e00000, 0x0000000082e00000|100%| O|  |TAMS 0x0000000082d00000| PB 0x0000000082d00000| Untracked 
|  46|0x0000000082e00000, 0x0000000082f00000, 0x0000000082f00000|100%| O|  |TAMS 0x0000000082e00000| PB 0x0000000082e00000| Untracked 
|  47|0x0000000082f00000, 0x0000000083000000, 0x0000000083000000|100%| O|  |TAMS 0x0000000082f00000| PB 0x0000000082f00000| Untracked 
|  48|0x0000000083000000, 0x0000000083100000, 0x0000000083100000|100%| O|  |TAMS 0x0000000083000000| PB 0x0000000083000000| Untracked 
|  49|0x0000000083100000, 0x0000000083200000, 0x0000000083200000|100%| O|  |TAMS 0x0000000083100000| PB 0x0000000083100000| Untracked 
|  50|0x0000000083200000, 0x0000000083300000, 0x0000000083300000|100%| O|  |TAMS 0x0000000083200000| PB 0x0000000083200000| Untracked 
|  51|0x0000000083300000, 0x0000000083400000, 0x0000000083400000|100%| O|  |TAMS 0x0000000083300000| PB 0x0000000083300000| Untracked 
|  52|0x0000000083400000, 0x0000000083500000, 0x0000000083500000|100%| O|  |TAMS 0x0000000083400000| PB 0x0000000083400000| Untracked 
|  53|0x0000000083500000, 0x0000000083600000, 0x0000000083600000|100%| O|  |TAMS 0x0000000083500000| PB 0x0000000083500000| Untracked 
|  54|0x0000000083600000, 0x0000000083700000, 0x0000000083700000|100%| O|  |TAMS 0x0000000083600000| PB 0x0000000083600000| Untracked 
|  55|0x0000000083700000, 0x0000000083800000, 0x0000000083800000|100%|HS|  |TAMS 0x0000000083700000| PB 0x0000000083700000| Complete 
|  56|0x0000000083800000, 0x0000000083900000, 0x0000000083900000|100%|HC|  |TAMS 0x0000000083800000| PB 0x0000000083800000| Complete 
|  57|0x0000000083900000, 0x0000000083a00000, 0x0000000083a00000|100%| O|  |TAMS 0x0000000083900000| PB 0x0000000083900000| Untracked 
|  58|0x0000000083a00000, 0x0000000083b00000, 0x0000000083b00000|100%| O|  |TAMS 0x0000000083a00000| PB 0x0000000083a00000| Untracked 
|  59|0x0000000083b00000, 0x0000000083c00000, 0x0000000083c00000|100%| O|  |TAMS 0x0000000083b00000| PB 0x0000000083b00000| Untracked 
|  60|0x0000000083c00000, 0x0000000083d00000, 0x0000000083d00000|100%| O|  |TAMS 0x0000000083c00000| PB 0x0000000083c00000| Untracked 
|  61|0x0000000083d00000, 0x0000000083e00000, 0x0000000083e00000|100%| O|  |TAMS 0x0000000083d00000| PB 0x0000000083d00000| Untracked 
|  62|0x0000000083e00000, 0x0000000083f00000, 0x0000000083f00000|100%| O|  |TAMS 0x0000000083e00000| PB 0x0000000083e00000| Untracked 
|  63|0x0000000083f00000, 0x0000000084000000, 0x0000000084000000|100%| O|  |TAMS 0x0000000083f00000| PB 0x0000000083f00000| Untracked 
|  64|0x0000000084000000, 0x0000000084100000, 0x0000000084100000|100%| O|  |TAMS 0x0000000084000000| PB 0x0000000084000000| Untracked 
|  65|0x0000000084100000, 0x0000000084200000, 0x0000000084200000|100%| O|  |TAMS 0x0000000084100000| PB 0x0000000084100000| Untracked 
|  66|0x0000000084200000, 0x0000000084300000, 0x0000000084300000|100%| O|  |TAMS 0x0000000084200000| PB 0x0000000084200000| Untracked 
|  67|0x0000000084300000, 0x0000000084400000, 0x0000000084400000|100%| O|  |TAMS 0x0000000084300000| PB 0x0000000084300000| Untracked 
|  68|0x0000000084400000, 0x0000000084500000, 0x0000000084500000|100%| O|  |TAMS 0x0000000084400000| PB 0x0000000084400000| Untracked 
|  69|0x0000000084500000, 0x0000000084600000, 0x0000000084600000|100%| O|  |TAMS 0x0000000084500000| PB 0x0000000084500000| Untracked 
|  70|0x0000000084600000, 0x0000000084700000, 0x0000000084700000|100%|HS|  |TAMS 0x0000000084600000| PB 0x0000000084600000| Complete 
|  71|0x0000000084700000, 0x0000000084800000, 0x0000000084800000|100%|HC|  |TAMS 0x0000000084700000| PB 0x0000000084700000| Complete 
|  72|0x0000000084800000, 0x0000000084900000, 0x0000000084900000|100%|HC|  |TAMS 0x0000000084800000| PB 0x0000000084800000| Complete 
|  73|0x0000000084900000, 0x0000000084a00000, 0x0000000084a00000|100%|HC|  |TAMS 0x0000000084900000| PB 0x0000000084900000| Complete 
|  74|0x0000000084a00000, 0x0000000084b00000, 0x0000000084b00000|100%|HC|  |TAMS 0x0000000084a00000| PB 0x0000000084a00000| Complete 
|  75|0x0000000084b00000, 0x0000000084c00000, 0x0000000084c00000|100%|HC|  |TAMS 0x0000000084b00000| PB 0x0000000084b00000| Complete 
|  76|0x0000000084c00000, 0x0000000084d00000, 0x0000000084d00000|100%|HS|  |TAMS 0x0000000084c00000| PB 0x0000000084c00000| Complete 
|  77|0x0000000084d00000, 0x0000000084e00000, 0x0000000084e00000|100%| O|  |TAMS 0x0000000084d00000| PB 0x0000000084d00000| Untracked 
|  78|0x0000000084e00000, 0x0000000084f00000, 0x0000000084f00000|100%| O|  |TAMS 0x0000000084e00000| PB 0x0000000084e00000| Untracked 
|  79|0x0000000084f00000, 0x0000000085000000, 0x0000000085000000|100%| O|  |TAMS 0x0000000084f00000| PB 0x0000000084f00000| Untracked 
|  80|0x0000000085000000, 0x0000000085100000, 0x0000000085100000|100%| O|  |TAMS 0x0000000085000000| PB 0x0000000085000000| Untracked 
|  81|0x0000000085100000, 0x0000000085200000, 0x0000000085200000|100%|HS|  |TAMS 0x0000000085100000| PB 0x0000000085100000| Complete 
|  82|0x0000000085200000, 0x0000000085300000, 0x0000000085300000|100%|HS|  |TAMS 0x0000000085200000| PB 0x0000000085200000| Complete 
|  83|0x0000000085300000, 0x0000000085400000, 0x0000000085400000|100%|HC|  |TAMS 0x0000000085300000| PB 0x0000000085300000| Complete 
|  84|0x0000000085400000, 0x0000000085500000, 0x0000000085500000|100%|HC|  |TAMS 0x0000000085400000| PB 0x0000000085400000| Complete 
|  85|0x0000000085500000, 0x0000000085600000, 0x0000000085600000|100%|HC|  |TAMS 0x0000000085500000| PB 0x0000000085500000| Complete 
|  86|0x0000000085600000, 0x0000000085700000, 0x0000000085700000|100%|HC|  |TAMS 0x0000000085600000| PB 0x0000000085600000| Complete 
|  87|0x0000000085700000, 0x0000000085800000, 0x0000000085800000|100%|HC|  |TAMS 0x0000000085700000| PB 0x0000000085700000| Complete 
|  88|0x0000000085800000, 0x0000000085900000, 0x0000000085900000|100%|HS|  |TAMS 0x0000000085800000| PB 0x0000000085800000| Complete 
|  89|0x0000000085900000, 0x0000000085a00000, 0x0000000085a00000|100%| O|  |TAMS 0x0000000085900000| PB 0x0000000085900000| Untracked 
|  90|0x0000000085a00000, 0x0000000085b00000, 0x0000000085b00000|100%| O|  |TAMS 0x0000000085a00000| PB 0x0000000085a00000| Untracked 
|  91|0x0000000085b00000, 0x0000000085c00000, 0x0000000085c00000|100%| O|  |TAMS 0x0000000085b00000| PB 0x0000000085b00000| Untracked 
|  92|0x0000000085c00000, 0x0000000085d00000, 0x0000000085d00000|100%| O|  |TAMS 0x0000000085c00000| PB 0x0000000085c00000| Untracked 
|  93|0x0000000085d00000, 0x0000000085e00000, 0x0000000085e00000|100%| O|  |TAMS 0x0000000085d00000| PB 0x0000000085d00000| Untracked 
|  94|0x0000000085e00000, 0x0000000085f00000, 0x0000000085f00000|100%| O|  |TAMS 0x0000000085e00000| PB 0x0000000085e00000| Untracked 
|  95|0x0000000085f00000, 0x0000000086000000, 0x0000000086000000|100%| O|  |TAMS 0x0000000085f00000| PB 0x0000000085f00000| Untracked 
|  96|0x0000000086000000, 0x0000000086100000, 0x0000000086100000|100%| O|  |TAMS 0x0000000086000000| PB 0x0000000086000000| Untracked 
|  97|0x0000000086100000, 0x0000000086200000, 0x0000000086200000|100%| O|  |TAMS 0x0000000086100000| PB 0x0000000086100000| Untracked 
|  98|0x0000000086200000, 0x0000000086300000, 0x0000000086300000|100%| O|  |TAMS 0x0000000086200000| PB 0x0000000086200000| Untracked 
|  99|0x0000000086300000, 0x0000000086400000, 0x0000000086400000|100%| O|  |TAMS 0x0000000086300000| PB 0x0000000086300000| Untracked 
| 100|0x0000000086400000, 0x0000000086500000, 0x0000000086500000|100%| O|  |TAMS 0x0000000086400000| PB 0x0000000086400000| Untracked 
| 101|0x0000000086500000, 0x0000000086600000, 0x0000000086600000|100%| O|  |TAMS 0x0000000086500000| PB 0x0000000086500000| Untracked 
| 102|0x0000000086600000, 0x0000000086700000, 0x0000000086700000|100%| O|  |TAMS 0x0000000086600000| PB 0x0000000086600000| Untracked 
| 103|0x0000000086700000, 0x0000000086800000, 0x0000000086800000|100%| O|  |TAMS 0x0000000086700000| PB 0x0000000086700000| Untracked 
| 104|0x0000000086800000, 0x0000000086900000, 0x0000000086900000|100%| O|  |TAMS 0x0000000086800000| PB 0x0000000086800000| Untracked 
| 105|0x0000000086900000, 0x0000000086a00000, 0x0000000086a00000|100%| O|  |TAMS 0x0000000086900000| PB 0x0000000086900000| Untracked 
| 106|0x0000000086a00000, 0x0000000086b00000, 0x0000000086b00000|100%|HS|  |TAMS 0x0000000086a00000| PB 0x0000000086a00000| Complete 
| 107|0x0000000086b00000, 0x0000000086c00000, 0x0000000086c00000|100%|HS|  |TAMS 0x0000000086b00000| PB 0x0000000086b00000| Complete 
| 108|0x0000000086c00000, 0x0000000086d00000, 0x0000000086d00000|100%|HC|  |TAMS 0x0000000086c00000| PB 0x0000000086c00000| Complete 
| 109|0x0000000086d00000, 0x0000000086e00000, 0x0000000086e00000|100%|HS|  |TAMS 0x0000000086d00000| PB 0x0000000086d00000| Complete 
| 110|0x0000000086e00000, 0x0000000086f00000, 0x0000000086f00000|100%|HC|  |TAMS 0x0000000086e00000| PB 0x0000000086e00000| Complete 
| 111|0x0000000086f00000, 0x0000000087000000, 0x0000000087000000|100%|HS|  |TAMS 0x0000000086f00000| PB 0x0000000086f00000| Complete 
| 112|0x0000000087000000, 0x0000000087100000, 0x0000000087100000|100%|HS|  |TAMS 0x0000000087000000| PB 0x0000000087000000| Complete 
| 113|0x0000000087100000, 0x0000000087200000, 0x0000000087200000|100%|HC|  |TAMS 0x0000000087100000| PB 0x0000000087100000| Complete 
| 114|0x0000000087200000, 0x0000000087300000, 0x0000000087300000|100%|HC|  |TAMS 0x0000000087200000| PB 0x0000000087200000| Complete 
| 115|0x0000000087300000, 0x0000000087400000, 0x0000000087400000|100%|HS|  |TAMS 0x0000000087300000| PB 0x0000000087300000| Complete 
| 116|0x0000000087400000, 0x0000000087500000, 0x0000000087500000|100%|HS|  |TAMS 0x0000000087400000| PB 0x0000000087400000| Complete 
| 117|0x0000000087500000, 0x0000000087600000, 0x0000000087600000|100%| O|  |TAMS 0x0000000087500000| PB 0x0000000087500000| Untracked 
| 118|0x0000000087600000, 0x0000000087700000, 0x0000000087700000|100%|HS|  |TAMS 0x0000000087600000| PB 0x0000000087600000| Complete 
| 119|0x0000000087700000, 0x0000000087800000, 0x0000000087800000|100%| O|  |TAMS 0x0000000087700000| PB 0x0000000087700000| Untracked 
| 120|0x0000000087800000, 0x0000000087900000, 0x0000000087900000|100%| O|Cm|TAMS 0x0000000087800000| PB 0x0000000087800000| Complete 
| 121|0x0000000087900000, 0x0000000087a00000, 0x0000000087a00000|100%| O|Cm|TAMS 0x0000000087900000| PB 0x0000000087900000| Complete 
| 122|0x0000000087a00000, 0x0000000087b00000, 0x0000000087b00000|100%| O|Cm|TAMS 0x0000000087a00000| PB 0x0000000087a00000| Complete 
| 123|0x0000000087b00000, 0x0000000087c00000, 0x0000000087c00000|100%| O|  |TAMS 0x0000000087b00000| PB 0x0000000087b00000| Untracked 
| 124|0x0000000087c00000, 0x0000000087d00000, 0x0000000087d00000|100%| O|  |TAMS 0x0000000087c00000| PB 0x0000000087c00000| Untracked 
| 125|0x0000000087d00000, 0x0000000087e00000, 0x0000000087e00000|100%| O|  |TAMS 0x0000000087d00000| PB 0x0000000087d00000| Untracked 
| 126|0x0000000087e00000, 0x0000000087f00000, 0x0000000087f00000|100%| O|  |TAMS 0x0000000087e00000| PB 0x0000000087e00000| Untracked 
| 127|0x0000000087f00000, 0x0000000088000000, 0x0000000088000000|100%| O|  |TAMS 0x0000000087f00000| PB 0x0000000087f00000| Untracked 
| 128|0x0000000088000000, 0x0000000088100000, 0x0000000088100000|100%| O|  |TAMS 0x0000000088000000| PB 0x0000000088000000| Untracked 
| 129|0x0000000088100000, 0x0000000088200000, 0x0000000088200000|100%| O|  |TAMS 0x0000000088100000| PB 0x0000000088100000| Untracked 
| 130|0x0000000088200000, 0x0000000088300000, 0x0000000088300000|100%| O|  |TAMS 0x0000000088200000| PB 0x0000000088200000| Untracked 
| 131|0x0000000088300000, 0x0000000088400000, 0x0000000088400000|100%|HS|  |TAMS 0x0000000088300000| PB 0x0000000088300000| Complete 
| 132|0x0000000088400000, 0x0000000088500000, 0x0000000088500000|100%| O|  |TAMS 0x0000000088400000| PB 0x0000000088400000| Untracked 
| 133|0x0000000088500000, 0x0000000088600000, 0x0000000088600000|100%| O|  |TAMS 0x0000000088500000| PB 0x0000000088500000| Untracked 
| 134|0x0000000088600000, 0x0000000088700000, 0x0000000088700000|100%| O|  |TAMS 0x0000000088600000| PB 0x0000000088600000| Untracked 
| 135|0x0000000088700000, 0x0000000088800000, 0x0000000088800000|100%| O|  |TAMS 0x0000000088700000| PB 0x0000000088700000| Untracked 
| 136|0x0000000088800000, 0x0000000088900000, 0x0000000088900000|100%|HS|  |TAMS 0x0000000088800000| PB 0x0000000088800000| Complete 
| 137|0x0000000088900000, 0x0000000088a00000, 0x0000000088a00000|100%|HC|  |TAMS 0x0000000088900000| PB 0x0000000088900000| Complete 
| 138|0x0000000088a00000, 0x0000000088b00000, 0x0000000088b00000|100%|HC|  |TAMS 0x0000000088a00000| PB 0x0000000088a00000| Complete 
| 139|0x0000000088b00000, 0x0000000088b4d580, 0x0000000088c00000| 30%| O|  |TAMS 0x0000000088b00000| PB 0x0000000088b00000| Untracked 
| 140|0x0000000088c00000, 0x0000000088c00000, 0x0000000088d00000|  0%| F|  |TAMS 0x0000000088c00000| PB 0x0000000088c00000| Untracked 
| 141|0x0000000088d00000, 0x0000000088d00000, 0x0000000088e00000|  0%| F|  |TAMS 0x0000000088d00000| PB 0x0000000088d00000| Untracked 
| 142|0x0000000088e00000, 0x0000000088e00000, 0x0000000088f00000|  0%| F|  |TAMS 0x0000000088e00000| PB 0x0000000088e00000| Untracked 
| 143|0x0000000088f00000, 0x0000000088f00000, 0x0000000089000000|  0%| F|  |TAMS 0x0000000088f00000| PB 0x0000000088f00000| Untracked 
| 144|0x0000000089000000, 0x0000000089000000, 0x0000000089100000|  0%| F|  |TAMS 0x0000000089000000| PB 0x0000000089000000| Untracked 
| 145|0x0000000089100000, 0x0000000089100000, 0x0000000089200000|  0%| F|  |TAMS 0x0000000089100000| PB 0x0000000089100000| Untracked 
| 146|0x0000000089200000, 0x0000000089200000, 0x0000000089300000|  0%| F|  |TAMS 0x0000000089200000| PB 0x0000000089200000| Untracked 
| 147|0x0000000089300000, 0x0000000089300000, 0x0000000089400000|  0%| F|  |TAMS 0x0000000089300000| PB 0x0000000089300000| Untracked 
| 148|0x0000000089400000, 0x0000000089400000, 0x0000000089500000|  0%| F|  |TAMS 0x0000000089400000| PB 0x0000000089400000| Untracked 
| 149|0x0000000089500000, 0x0000000089500000, 0x0000000089600000|  0%| F|  |TAMS 0x0000000089500000| PB 0x0000000089500000| Untracked 
| 150|0x0000000089600000, 0x0000000089600000, 0x0000000089700000|  0%| F|  |TAMS 0x0000000089600000| PB 0x0000000089600000| Untracked 
| 151|0x0000000089700000, 0x00000000897d5700, 0x0000000089800000| 83%| S|CS|TAMS 0x0000000089700000| PB 0x0000000089700000| Complete 
| 152|0x0000000089800000, 0x0000000089800000, 0x0000000089900000|  0%| F|  |TAMS 0x0000000089800000| PB 0x0000000089800000| Untracked 
| 153|0x0000000089900000, 0x0000000089900000, 0x0000000089a00000|  0%| F|  |TAMS 0x0000000089900000| PB 0x0000000089900000| Untracked 
| 154|0x0000000089a00000, 0x0000000089a00000, 0x0000000089b00000|  0%| F|  |TAMS 0x0000000089a00000| PB 0x0000000089a00000| Untracked 
| 155|0x0000000089b00000, 0x0000000089b00000, 0x0000000089c00000|  0%| F|  |TAMS 0x0000000089b00000| PB 0x0000000089b00000| Untracked 
| 156|0x0000000089c00000, 0x0000000089c00000, 0x0000000089d00000|  0%| F|  |TAMS 0x0000000089c00000| PB 0x0000000089c00000| Untracked 
| 157|0x0000000089d00000, 0x0000000089d00000, 0x0000000089e00000|  0%| F|  |TAMS 0x0000000089d00000| PB 0x0000000089d00000| Untracked 
| 158|0x0000000089e00000, 0x0000000089e00000, 0x0000000089f00000|  0%| F|  |TAMS 0x0000000089e00000| PB 0x0000000089e00000| Untracked 
| 159|0x0000000089f00000, 0x0000000089f00000, 0x000000008a000000|  0%| F|  |TAMS 0x0000000089f00000| PB 0x0000000089f00000| Untracked 
| 160|0x000000008a000000, 0x000000008a000000, 0x000000008a100000|  0%| F|  |TAMS 0x000000008a000000| PB 0x000000008a000000| Untracked 
| 161|0x000000008a100000, 0x000000008a200000, 0x000000008a200000|100%| S|CS|TAMS 0x000000008a100000| PB 0x000000008a100000| Complete 
| 162|0x000000008a200000, 0x000000008a300000, 0x000000008a300000|100%| S|CS|TAMS 0x000000008a200000| PB 0x000000008a200000| Complete 
| 163|0x000000008a300000, 0x000000008a400000, 0x000000008a400000|100%| S|CS|TAMS 0x000000008a300000| PB 0x000000008a300000| Complete 
| 164|0x000000008a400000, 0x000000008a500000, 0x000000008a500000|100%| S|CS|TAMS 0x000000008a400000| PB 0x000000008a400000| Complete 
| 165|0x000000008a500000, 0x000000008a600000, 0x000000008a600000|100%| S|CS|TAMS 0x000000008a500000| PB 0x000000008a500000| Complete 
| 166|0x000000008a600000, 0x000000008a700000, 0x000000008a700000|100%| S|CS|TAMS 0x000000008a600000| PB 0x000000008a600000| Complete 
| 167|0x000000008a700000, 0x000000008a800000, 0x000000008a800000|100%| S|CS|TAMS 0x000000008a700000| PB 0x000000008a700000| Complete 
| 168|0x000000008a800000, 0x000000008a900000, 0x000000008a900000|100%| S|CS|TAMS 0x000000008a800000| PB 0x000000008a800000| Complete 
| 169|0x000000008a900000, 0x000000008a900000, 0x000000008aa00000|  0%| F|  |TAMS 0x000000008a900000| PB 0x000000008a900000| Untracked 
| 170|0x000000008aa00000, 0x000000008aa00000, 0x000000008ab00000|  0%| F|  |TAMS 0x000000008aa00000| PB 0x000000008aa00000| Untracked 
| 171|0x000000008ab00000, 0x000000008ab00000, 0x000000008ac00000|  0%| F|  |TAMS 0x000000008ab00000| PB 0x000000008ab00000| Untracked 
| 172|0x000000008ac00000, 0x000000008ac00000, 0x000000008ad00000|  0%| F|  |TAMS 0x000000008ac00000| PB 0x000000008ac00000| Untracked 
| 173|0x000000008ad00000, 0x000000008ad00000, 0x000000008ae00000|  0%| F|  |TAMS 0x000000008ad00000| PB 0x000000008ad00000| Untracked 
| 174|0x000000008ae00000, 0x000000008ae00000, 0x000000008af00000|  0%| F|  |TAMS 0x000000008ae00000| PB 0x000000008ae00000| Untracked 
| 175|0x000000008af00000, 0x000000008af00000, 0x000000008b000000|  0%| F|  |TAMS 0x000000008af00000| PB 0x000000008af00000| Untracked 
| 176|0x000000008b000000, 0x000000008b000000, 0x000000008b100000|  0%| F|  |TAMS 0x000000008b000000| PB 0x000000008b000000| Untracked 
| 177|0x000000008b100000, 0x000000008b100000, 0x000000008b200000|  0%| F|  |TAMS 0x000000008b100000| PB 0x000000008b100000| Untracked 
| 178|0x000000008b200000, 0x000000008b200000, 0x000000008b300000|  0%| F|  |TAMS 0x000000008b200000| PB 0x000000008b200000| Untracked 
| 179|0x000000008b300000, 0x000000008b300000, 0x000000008b400000|  0%| F|  |TAMS 0x000000008b300000| PB 0x000000008b300000| Untracked 
| 180|0x000000008b400000, 0x000000008b400000, 0x000000008b500000|  0%| F|  |TAMS 0x000000008b400000| PB 0x000000008b400000| Untracked 
| 181|0x000000008b500000, 0x000000008b500000, 0x000000008b600000|  0%| F|  |TAMS 0x000000008b500000| PB 0x000000008b500000| Untracked 
| 182|0x000000008b600000, 0x000000008b600000, 0x000000008b700000|  0%| F|  |TAMS 0x000000008b600000| PB 0x000000008b600000| Untracked 
| 183|0x000000008b700000, 0x000000008b700000, 0x000000008b800000|  0%| F|  |TAMS 0x000000008b700000| PB 0x000000008b700000| Untracked 
| 184|0x000000008b800000, 0x000000008b800000, 0x000000008b900000|  0%| F|  |TAMS 0x000000008b800000| PB 0x000000008b800000| Untracked 
| 185|0x000000008b900000, 0x000000008b900000, 0x000000008ba00000|  0%| F|  |TAMS 0x000000008b900000| PB 0x000000008b900000| Untracked 
| 186|0x000000008ba00000, 0x000000008ba00000, 0x000000008bb00000|  0%| F|  |TAMS 0x000000008ba00000| PB 0x000000008ba00000| Untracked 
| 187|0x000000008bb00000, 0x000000008bb00000, 0x000000008bc00000|  0%| F|  |TAMS 0x000000008bb00000| PB 0x000000008bb00000| Untracked 
| 188|0x000000008bc00000, 0x000000008bc00000, 0x000000008bd00000|  0%| F|  |TAMS 0x000000008bc00000| PB 0x000000008bc00000| Untracked 
| 189|0x000000008bd00000, 0x000000008bd00000, 0x000000008be00000|  0%| F|  |TAMS 0x000000008bd00000| PB 0x000000008bd00000| Untracked 
| 190|0x000000008be00000, 0x000000008be00000, 0x000000008bf00000|  0%| F|  |TAMS 0x000000008be00000| PB 0x000000008be00000| Untracked 
| 191|0x000000008bf00000, 0x000000008bf00000, 0x000000008c000000|  0%| F|  |TAMS 0x000000008bf00000| PB 0x000000008bf00000| Untracked 
| 192|0x000000008c000000, 0x000000008c000000, 0x000000008c100000|  0%| F|  |TAMS 0x000000008c000000| PB 0x000000008c000000| Untracked 
| 193|0x000000008c100000, 0x000000008c100000, 0x000000008c200000|  0%| F|  |TAMS 0x000000008c100000| PB 0x000000008c100000| Untracked 
| 194|0x000000008c200000, 0x000000008c200000, 0x000000008c300000|  0%| F|  |TAMS 0x000000008c200000| PB 0x000000008c200000| Untracked 
| 195|0x000000008c300000, 0x000000008c300000, 0x000000008c400000|  0%| F|  |TAMS 0x000000008c300000| PB 0x000000008c300000| Untracked 
| 196|0x000000008c400000, 0x000000008c400000, 0x000000008c500000|  0%| F|  |TAMS 0x000000008c400000| PB 0x000000008c400000| Untracked 
| 197|0x000000008c500000, 0x000000008c500000, 0x000000008c600000|  0%| F|  |TAMS 0x000000008c500000| PB 0x000000008c500000| Untracked 
| 198|0x000000008c600000, 0x000000008c600000, 0x000000008c700000|  0%| F|  |TAMS 0x000000008c600000| PB 0x000000008c600000| Untracked 
| 199|0x000000008c700000, 0x000000008c700000, 0x000000008c800000|  0%| F|  |TAMS 0x000000008c700000| PB 0x000000008c700000| Untracked 
| 200|0x000000008c800000, 0x000000008c800000, 0x000000008c900000|  0%| F|  |TAMS 0x000000008c800000| PB 0x000000008c800000| Untracked 
| 201|0x000000008c900000, 0x000000008c900000, 0x000000008ca00000|  0%| F|  |TAMS 0x000000008c900000| PB 0x000000008c900000| Untracked 
| 202|0x000000008ca00000, 0x000000008ca00000, 0x000000008cb00000|  0%| F|  |TAMS 0x000000008ca00000| PB 0x000000008ca00000| Untracked 
| 203|0x000000008cb00000, 0x000000008cb00000, 0x000000008cc00000|  0%| F|  |TAMS 0x000000008cb00000| PB 0x000000008cb00000| Untracked 
| 204|0x000000008cc00000, 0x000000008cc00000, 0x000000008cd00000|  0%| F|  |TAMS 0x000000008cc00000| PB 0x000000008cc00000| Untracked 
| 205|0x000000008cd00000, 0x000000008cd00000, 0x000000008ce00000|  0%| F|  |TAMS 0x000000008cd00000| PB 0x000000008cd00000| Untracked 
| 206|0x000000008ce00000, 0x000000008ce00000, 0x000000008cf00000|  0%| F|  |TAMS 0x000000008ce00000| PB 0x000000008ce00000| Untracked 
| 207|0x000000008cf00000, 0x000000008cf00000, 0x000000008d000000|  0%| F|  |TAMS 0x000000008cf00000| PB 0x000000008cf00000| Untracked 
| 208|0x000000008d000000, 0x000000008d000000, 0x000000008d100000|  0%| F|  |TAMS 0x000000008d000000| PB 0x000000008d000000| Untracked 
| 209|0x000000008d100000, 0x000000008d100000, 0x000000008d200000|  0%| F|  |TAMS 0x000000008d100000| PB 0x000000008d100000| Untracked 
| 210|0x000000008d200000, 0x000000008d200000, 0x000000008d300000|  0%| F|  |TAMS 0x000000008d200000| PB 0x000000008d200000| Untracked 
| 211|0x000000008d300000, 0x000000008d300000, 0x000000008d400000|  0%| F|  |TAMS 0x000000008d300000| PB 0x000000008d300000| Untracked 
| 212|0x000000008d400000, 0x000000008d400000, 0x000000008d500000|  0%| F|  |TAMS 0x000000008d400000| PB 0x000000008d400000| Untracked 
| 213|0x000000008d500000, 0x000000008d500000, 0x000000008d600000|  0%| F|  |TAMS 0x000000008d500000| PB 0x000000008d500000| Untracked 
| 214|0x000000008d600000, 0x000000008d600000, 0x000000008d700000|  0%| F|  |TAMS 0x000000008d600000| PB 0x000000008d600000| Untracked 
| 215|0x000000008d700000, 0x000000008d700000, 0x000000008d800000|  0%| F|  |TAMS 0x000000008d700000| PB 0x000000008d700000| Untracked 
| 216|0x000000008d800000, 0x000000008d800000, 0x000000008d900000|  0%| F|  |TAMS 0x000000008d800000| PB 0x000000008d800000| Untracked 
| 217|0x000000008d900000, 0x000000008d900000, 0x000000008da00000|  0%| F|  |TAMS 0x000000008d900000| PB 0x000000008d900000| Untracked 
| 218|0x000000008da00000, 0x000000008da00000, 0x000000008db00000|  0%| F|  |TAMS 0x000000008da00000| PB 0x000000008da00000| Untracked 
| 219|0x000000008db00000, 0x000000008db00000, 0x000000008dc00000|  0%| F|  |TAMS 0x000000008db00000| PB 0x000000008db00000| Untracked 
| 220|0x000000008dc00000, 0x000000008dc00000, 0x000000008dd00000|  0%| F|  |TAMS 0x000000008dc00000| PB 0x000000008dc00000| Untracked 
| 221|0x000000008dd00000, 0x000000008dd00000, 0x000000008de00000|  0%| F|  |TAMS 0x000000008dd00000| PB 0x000000008dd00000| Untracked 
| 222|0x000000008de00000, 0x000000008de00000, 0x000000008df00000|  0%| F|  |TAMS 0x000000008de00000| PB 0x000000008de00000| Untracked 
| 223|0x000000008df00000, 0x000000008df00000, 0x000000008e000000|  0%| F|  |TAMS 0x000000008df00000| PB 0x000000008df00000| Untracked 
| 224|0x000000008e000000, 0x000000008e000000, 0x000000008e100000|  0%| F|  |TAMS 0x000000008e000000| PB 0x000000008e000000| Untracked 
| 225|0x000000008e100000, 0x000000008e100000, 0x000000008e200000|  0%| F|  |TAMS 0x000000008e100000| PB 0x000000008e100000| Untracked 
| 226|0x000000008e200000, 0x000000008e200000, 0x000000008e300000|  0%| F|  |TAMS 0x000000008e200000| PB 0x000000008e200000| Untracked 
| 227|0x000000008e300000, 0x000000008e300000, 0x000000008e400000|  0%| F|  |TAMS 0x000000008e300000| PB 0x000000008e300000| Untracked 
| 228|0x000000008e400000, 0x000000008e500000, 0x000000008e500000|100%| E|CS|TAMS 0x000000008e400000| PB 0x000000008e400000| Complete 
| 229|0x000000008e500000, 0x000000008e600000, 0x000000008e600000|100%| E|CS|TAMS 0x000000008e500000| PB 0x000000008e500000| Complete 
| 230|0x000000008e600000, 0x000000008e700000, 0x000000008e700000|100%| E|CS|TAMS 0x000000008e600000| PB 0x000000008e600000| Complete 
| 231|0x000000008e700000, 0x000000008e700000, 0x000000008e800000|  0%| F|  |TAMS 0x000000008e700000| PB 0x000000008e700000| Untracked 
| 232|0x000000008e800000, 0x000000008e800000, 0x000000008e900000|  0%| F|  |TAMS 0x000000008e800000| PB 0x000000008e800000| Untracked 
| 233|0x000000008e900000, 0x000000008e900000, 0x000000008ea00000|  0%| F|  |TAMS 0x000000008e900000| PB 0x000000008e900000| Untracked 
| 234|0x000000008ea00000, 0x000000008ea00000, 0x000000008eb00000|  0%| F|  |TAMS 0x000000008ea00000| PB 0x000000008ea00000| Untracked 
| 235|0x000000008eb00000, 0x000000008eb00000, 0x000000008ec00000|  0%| F|  |TAMS 0x000000008eb00000| PB 0x000000008eb00000| Untracked 
| 236|0x000000008ec00000, 0x000000008ec80000, 0x000000008ed00000| 50%| E|  |TAMS 0x000000008ec00000| PB 0x000000008ec00000| Complete 
| 237|0x000000008ed00000, 0x000000008ee00000, 0x000000008ee00000|100%| E|CS|TAMS 0x000000008ed00000| PB 0x000000008ed00000| Complete 
| 238|0x000000008ee00000, 0x000000008ef00000, 0x000000008ef00000|100%| E|CS|TAMS 0x000000008ee00000| PB 0x000000008ee00000| Complete 
| 239|0x000000008ef00000, 0x000000008f000000, 0x000000008f000000|100%| E|CS|TAMS 0x000000008ef00000| PB 0x000000008ef00000| Complete 
| 240|0x000000008f000000, 0x000000008f100000, 0x000000008f100000|100%| E|CS|TAMS 0x000000008f000000| PB 0x000000008f000000| Complete 
| 241|0x000000008f100000, 0x000000008f200000, 0x000000008f200000|100%| E|CS|TAMS 0x000000008f100000| PB 0x000000008f100000| Complete 
| 242|0x000000008f200000, 0x000000008f300000, 0x000000008f300000|100%| E|CS|TAMS 0x000000008f200000| PB 0x000000008f200000| Complete 
| 243|0x000000008f300000, 0x000000008f400000, 0x000000008f400000|100%| E|CS|TAMS 0x000000008f300000| PB 0x000000008f300000| Complete 
| 244|0x000000008f400000, 0x000000008f500000, 0x000000008f500000|100%| E|CS|TAMS 0x000000008f400000| PB 0x000000008f400000| Complete 
| 245|0x000000008f500000, 0x000000008f600000, 0x000000008f600000|100%| E|CS|TAMS 0x000000008f500000| PB 0x000000008f500000| Complete 
| 246|0x000000008f600000, 0x000000008f700000, 0x000000008f700000|100%| E|CS|TAMS 0x000000008f600000| PB 0x000000008f600000| Complete 
| 247|0x000000008f700000, 0x000000008f800000, 0x000000008f800000|100%| E|CS|TAMS 0x000000008f700000| PB 0x000000008f700000| Complete 
| 248|0x000000008f800000, 0x000000008f900000, 0x000000008f900000|100%| E|CS|TAMS 0x000000008f800000| PB 0x000000008f800000| Complete 
| 249|0x000000008f900000, 0x000000008fa00000, 0x000000008fa00000|100%| E|CS|TAMS 0x000000008f900000| PB 0x000000008f900000| Complete 
| 250|0x000000008fa00000, 0x000000008fb00000, 0x000000008fb00000|100%| E|CS|TAMS 0x000000008fa00000| PB 0x000000008fa00000| Complete 
|2039|0x00000000ff700000, 0x00000000ff800000, 0x00000000ff800000|100%| O|  |TAMS 0x00000000ff700000| PB 0x00000000ff700000| Untracked 
|2040|0x00000000ff800000, 0x00000000ff900000, 0x00000000ff900000|100%| E|CS|TAMS 0x00000000ff800000| PB 0x00000000ff800000| Complete 
|2041|0x00000000ff900000, 0x00000000ffa00000, 0x00000000ffa00000|100%| O|  |TAMS 0x00000000ff900000| PB 0x00000000ff900000| Untracked 
|2042|0x00000000ffa00000, 0x00000000ffb00000, 0x00000000ffb00000|100%| O|  |TAMS 0x00000000ffa00000| PB 0x00000000ffa00000| Untracked 
|2043|0x00000000ffb00000, 0x00000000ffc00000, 0x00000000ffc00000|100%| O|  |TAMS 0x00000000ffb00000| PB 0x00000000ffb00000| Untracked 
|2044|0x00000000ffc00000, 0x00000000ffd00000, 0x00000000ffd00000|100%| E|CS|TAMS 0x00000000ffc00000| PB 0x00000000ffc00000| Complete 
|2045|0x00000000ffd00000, 0x00000000ffe00000, 0x00000000ffe00000|100%| O|  |TAMS 0x00000000ffd00000| PB 0x00000000ffd00000| Untracked 
|2046|0x00000000ffe00000, 0x00000000fff00000, 0x00000000fff00000|100%| O|  |TAMS 0x00000000ffe00000| PB 0x00000000ffe00000| Untracked 
|2047|0x00000000fff00000, 0x0000000100000000, 0x0000000100000000|100%| O|  |TAMS 0x00000000fff00000| PB 0x00000000fff00000| Untracked 

Card table byte_map: [0x000001846ff70000,0x0000018470370000] _byte_map_base: 0x000001846fb70000

Marking Bits: (CMBitMap*) 0x000001845d744c30
 Bits: [0x0000018470370000, 0x0000018472370000)

Polling page: 0x000001845b4f0000

Metaspace:

Usage:
  Non-class:     93.95 MB used.
      Class:     14.42 MB used.
       Both:    108.37 MB used.

Virtual space:
  Non-class space:      128.00 MB reserved,      95.00 MB ( 74%) committed,  2 nodes.
      Class space:        1.00 GB reserved,      15.44 MB (  2%) committed,  1 nodes.
             Both:        1.12 GB reserved,     110.44 MB ( 10%) committed. 

Chunk freelists:
   Non-Class:  64.00 KB
       Class:  384.00 KB
        Both:  448.00 KB

MaxMetaspaceSize: unlimited
CompressedClassSpaceSize: 1.00 GB
Initial GC threshold: 21.00 MB
Current GC threshold: 182.19 MB
CDS: off
 - commit_granule_bytes: 65536.
 - commit_granule_words: 8192.
 - virtual_space_node_default_size: 8388608.
 - enlarge_chunks_in_place: 1.
 - use_allocation_guard: 0.


Internal statistics:

num_allocs_failed_limit: 6.
num_arena_births: 3988.
num_arena_deaths: 4.
num_vsnodes_births: 3.
num_vsnodes_deaths: 0.
num_space_committed: 1767.
num_space_uncommitted: 0.
num_chunks_returned_to_freelist: 16.
num_chunks_taken_from_freelist: 8561.
num_chunk_merges: 6.
num_chunk_splits: 5595.
num_chunks_enlarged: 3481.
num_inconsistent_stats: 0.

CodeHeap 'non-profiled nmethods': size=120000Kb used=6471Kb max_used=6718Kb free=113528Kb
 bounds [0x0000018468310000, 0x00000184689a0000, 0x000001846f840000]
CodeHeap 'profiled nmethods': size=120000Kb used=19312Kb max_used=19437Kb free=100687Kb
 bounds [0x0000018460840000, 0x0000018461b40000, 0x0000018467d70000]
CodeHeap 'non-nmethods': size=5760Kb used=2893Kb max_used=2942Kb free=2866Kb
 bounds [0x0000018467d70000, 0x0000018468070000, 0x0000018468310000]
 total_blobs=11452 nmethods=10450 adapters=906
 compilation: enabled
              stopped_count=0, restarted_count=0
 full_count=0

Compilation events (20 events):
Event: 39.063 Thread 0x000001847905c730 nmethod 12528 0x0000018460c78c10 code [0x0000018460c78de0, 0x0000018460c790e0]
Event: 39.063 Thread 0x000001847905c730 12532       3       org.gradle.api.internal.tasks.DefaultTaskDependency::<init> (16 bytes)
Event: 39.063 Thread 0x000001847905c730 nmethod 12532 0x0000018461212490 code [0x0000018461212640, 0x0000018461212948]
Event: 39.064 Thread 0x000001847905c730 12531       3       java.util.HashSet::toArray (18 bytes)
Event: 39.064 Thread 0x000001847905c730 nmethod 12531 0x0000018460c5a110 code [0x0000018460c5a2c0, 0x0000018460c5a5b0]
Event: 39.070 Thread 0x000001847905c730 12533       1       org.gradle.api.internal.plugins.DefaultPluginRegistry$PluginIdLookupCacheKey::getId (5 bytes)
Event: 39.070 Thread 0x000001847905c730 nmethod 12533 0x000001846877b410 code [0x000001846877b5a0, 0x000001846877b668]
Event: 39.070 Thread 0x000001847905c730 12534       1       org.gradle.api.internal.plugins.DefaultPluginRegistry$PluginIdLookupCacheKey::getClassLoader (5 bytes)
Event: 39.070 Thread 0x000001847905c730 nmethod 12534 0x0000018468540b90 code [0x0000018468540d20, 0x0000018468540de8]
Event: 39.070 Thread 0x000001847905c730 12535       3       sun.net.www.protocol.jar.Handler::openConnection (10 bytes)
Event: 39.071 Thread 0x000001847905c730 nmethod 12535 0x00000184609d0490 code [0x00000184609d06a0, 0x00000184609d0c40]
Event: 39.071 Thread 0x000001847905c730 12536       3       sun.net.www.protocol.jar.JarURLConnection::<init> (28 bytes)
Event: 39.071 Thread 0x000001847905c730 nmethod 12536 0x0000018460e94510 code [0x0000018460e94700, 0x0000018460e94be0]
Event: 39.071 Thread 0x000001847905c730 12537       3       sun.net.www.protocol.jar.URLJarFile::getEntry (69 bytes)
Event: 39.072 Thread 0x000001847905c730 nmethod 12537 0x0000018460a8a310 code [0x0000018460a8a660, 0x0000018460a8b980]
Event: 39.073 Thread 0x000001847905c730 12538   !   3       jdk.internal.loader.BuiltinClassLoader::findMiscResource (122 bytes)
Event: 39.073 Thread 0x000001847905b130 12539   !   4       com.google.common.cache.LocalCache$Segment::lockedGetOrLoad (447 bytes)
Event: 39.074 Thread 0x000001847905c730 nmethod 12538 0x00000184609ec510 code [0x00000184609ec7e0, 0x00000184609eda90]
Event: 39.079 Thread 0x000001847905c730 12540       3       jdk.internal.loader.BuiltinClassLoader::findResourceOnClassPath (41 bytes)
Event: 39.079 Thread 0x000001847905c730 nmethod 12540 0x000001846093a710 code [0x000001846093a8e0, 0x000001846093acc0]

GC Heap History (20 events):
Event: 31.996 GC heap before
{Heap before GC invocations=29 (full 0):
 garbage-first heap   total 192512K, used 170748K [0x0000000080000000, 0x0000000100000000)
  region size 1024K, 72 young (73728K), 9 survivors (9216K)
 Metaspace       used 86912K, committed 88832K, reserved 1179648K
  class space    used 11759K, committed 12672K, reserved 1048576K
}
Event: 32.008 GC heap after
{Heap after GC invocations=30 (full 0):
 garbage-first heap   total 192512K, used 114582K [0x0000000080000000, 0x0000000100000000)
  region size 1024K, 9 young (9216K), 9 survivors (9216K)
 Metaspace       used 86912K, committed 88832K, reserved 1179648K
  class space    used 11759K, committed 12672K, reserved 1048576K
}
Event: 32.415 GC heap before
{Heap before GC invocations=31 (full 0):
 garbage-first heap   total 192512K, used 171926K [0x0000000080000000, 0x0000000100000000)
  region size 1024K, 66 young (67584K), 9 survivors (9216K)
 Metaspace       used 87266K, committed 89088K, reserved 1179648K
  class space    used 11759K, committed 12672K, reserved 1048576K
}
Event: 32.426 GC heap after
{Heap after GC invocations=32 (full 0):
 garbage-first heap   total 192512K, used 117839K [0x0000000080000000, 0x0000000100000000)
  region size 1024K, 5 young (5120K), 5 survivors (5120K)
 Metaspace       used 87266K, committed 89088K, reserved 1179648K
  class space    used 11759K, committed 12672K, reserved 1048576K
}
Event: 32.709 GC heap before
{Heap before GC invocations=32 (full 0):
 garbage-first heap   total 192512K, used 174159K [0x0000000080000000, 0x0000000100000000)
  region size 1024K, 61 young (62464K), 5 survivors (5120K)
 Metaspace       used 87320K, committed 89216K, reserved 1179648K
  class space    used 11759K, committed 12672K, reserved 1048576K
}
Event: 32.714 GC heap after
{Heap after GC invocations=33 (full 0):
 garbage-first heap   total 192512K, used 117709K [0x0000000080000000, 0x0000000100000000)
  region size 1024K, 5 young (5120K), 5 survivors (5120K)
 Metaspace       used 87320K, committed 89216K, reserved 1179648K
  class space    used 11759K, committed 12672K, reserved 1048576K
}
Event: 32.980 GC heap before
{Heap before GC invocations=33 (full 0):
 garbage-first heap   total 192512K, used 158669K [0x0000000080000000, 0x0000000100000000)
  region size 1024K, 47 young (48128K), 5 survivors (5120K)
 Metaspace       used 87465K, committed 89408K, reserved 1179648K
  class space    used 11780K, committed 12736K, reserved 1048576K
}
Event: 32.984 GC heap after
{Heap after GC invocations=34 (full 0):
 garbage-first heap   total 192512K, used 119313K [0x0000000080000000, 0x0000000100000000)
  region size 1024K, 5 young (5120K), 5 survivors (5120K)
 Metaspace       used 87465K, committed 89408K, reserved 1179648K
  class space    used 11780K, committed 12736K, reserved 1048576K
}
Event: 33.963 GC heap before
{Heap before GC invocations=35 (full 0):
 garbage-first heap   total 209920K, used 188945K [0x0000000080000000, 0x0000000100000000)
  region size 1024K, 60 young (61440K), 5 survivors (5120K)
 Metaspace       used 91289K, committed 93248K, reserved 1179648K
  class space    used 12215K, committed 13184K, reserved 1048576K
}
Event: 33.968 GC heap after
{Heap after GC invocations=36 (full 0):
 garbage-first heap   total 209920K, used 140536K [0x0000000080000000, 0x0000000100000000)
  region size 1024K, 8 young (8192K), 8 survivors (8192K)
 Metaspace       used 91289K, committed 93248K, reserved 1179648K
  class space    used 12215K, committed 13184K, reserved 1048576K
}
Event: 34.691 GC heap before
{Heap before GC invocations=36 (full 0):
 garbage-first heap   total 209920K, used 189688K [0x0000000080000000, 0x0000000100000000)
  region size 1024K, 56 young (57344K), 8 survivors (8192K)
 Metaspace       used 96690K, committed 98688K, reserved 1179648K
  class space    used 12842K, committed 13888K, reserved 1048576K
}
Event: 34.698 GC heap after
{Heap after GC invocations=37 (full 0):
 garbage-first heap   total 209920K, used 141122K [0x0000000080000000, 0x0000000100000000)
  region size 1024K, 2 young (2048K), 2 survivors (2048K)
 Metaspace       used 96690K, committed 98688K, reserved 1179648K
  class space    used 12842K, committed 13888K, reserved 1048576K
}
Event: 34.884 GC heap before
{Heap before GC invocations=37 (full 0):
 garbage-first heap   total 209920K, used 154434K [0x0000000080000000, 0x0000000100000000)
  region size 1024K, 16 young (16384K), 2 survivors (2048K)
 Metaspace       used 97812K, committed 99904K, reserved 1179648K
  class space    used 13009K, committed 14080K, reserved 1048576K
}
Event: 34.888 GC heap after
{Heap after GC invocations=38 (full 0):
 garbage-first heap   total 209920K, used 142870K [0x0000000080000000, 0x0000000100000000)
  region size 1024K, 4 young (4096K), 4 survivors (4096K)
 Metaspace       used 97812K, committed 99904K, reserved 1179648K
  class space    used 13009K, committed 14080K, reserved 1048576K
}
Event: 35.662 GC heap before
{Heap before GC invocations=39 (full 0):
 garbage-first heap   total 245760K, used 198166K [0x0000000080000000, 0x0000000100000000)
  region size 1024K, 53 young (54272K), 4 survivors (4096K)
 Metaspace       used 100546K, committed 102656K, reserved 1179648K
  class space    used 13386K, committed 14400K, reserved 1048576K
}
Event: 35.669 GC heap after
{Heap after GC invocations=40 (full 0):
 garbage-first heap   total 245760K, used 147675K [0x0000000080000000, 0x0000000100000000)
  region size 1024K, 7 young (7168K), 7 survivors (7168K)
 Metaspace       used 100546K, committed 102656K, reserved 1179648K
  class space    used 13386K, committed 14400K, reserved 1048576K
}
Event: 36.926 GC heap before
{Heap before GC invocations=40 (full 0):
 garbage-first heap   total 245760K, used 217307K [0x0000000080000000, 0x0000000100000000)
  region size 1024K, 72 young (73728K), 7 survivors (7168K)
 Metaspace       used 106856K, committed 108992K, reserved 1179648K
  class space    used 14198K, committed 15232K, reserved 1048576K
}
Event: 36.935 GC heap after
{Heap after GC invocations=41 (full 0):
 garbage-first heap   total 245760K, used 153485K [0x0000000080000000, 0x0000000100000000)
  region size 1024K, 9 young (9216K), 9 survivors (9216K)
 Metaspace       used 106856K, committed 108992K, reserved 1179648K
  class space    used 14198K, committed 15232K, reserved 1048576K
}
Event: 37.806 GC heap before
{Heap before GC invocations=41 (full 0):
 garbage-first heap   total 245760K, used 219021K [0x0000000080000000, 0x0000000100000000)
  region size 1024K, 73 young (74752K), 9 survivors (9216K)
 Metaspace       used 109759K, committed 111936K, reserved 1179648K
  class space    used 14610K, committed 15680K, reserved 1048576K
}
Event: 37.816 GC heap after
{Heap after GC invocations=42 (full 0):
 garbage-first heap   total 245760K, used 158859K [0x0000000080000000, 0x0000000100000000)
  region size 1024K, 9 young (9216K), 9 survivors (9216K)
 Metaspace       used 109759K, committed 111936K, reserved 1179648K
  class space    used 14610K, committed 15680K, reserved 1048576K
}

Dll operation events (3 events):
Event: 0.035 Loaded shared library C:\Program Files\Android\Android Studio\jbr\bin\java.dll
Event: 0.046 Loaded shared library C:\Program Files\Android\Android Studio\jbr\bin\zip.dll
Event: 2.053 Loaded shared library C:\Program Files\Android\Android Studio\jbr\bin\verify.dll

Deoptimization events (20 events):
Event: 37.531 Thread 0x000001847ad77300 DEOPT PACKING pc=0x00000184685ad178 sp=0x0000002be74f5e80
Event: 37.531 Thread 0x000001847ad77300 DEOPT UNPACKING pc=0x0000018467dc46a2 sp=0x0000002be74f5e50 mode 2
Event: 37.909 Thread 0x000001847ad77300 Uncommon trap: trap_request=0xffffffd6 fr.pc=0x000001846899ba8c relative=0x0000000000000b2c
Event: 37.909 Thread 0x000001847ad77300 Uncommon trap: reason=array_check action=maybe_recompile pc=0x000001846899ba8c method=com.google.common.collect.RegularImmutableMap.fromEntryArrayCheckingBucketOverflow(I[Ljava/util/Map$Entry;Z)Lcom/google/common/collect/ImmutableMap; @ 220 c2
Event: 37.909 Thread 0x000001847ad77300 DEOPT PACKING pc=0x000001846899ba8c sp=0x0000002be74f7510
Event: 37.909 Thread 0x000001847ad77300 DEOPT UNPACKING pc=0x0000018467dc46a2 sp=0x0000002be74f74b8 mode 2
Event: 37.910 Thread 0x000001847ad77300 Uncommon trap: trap_request=0xffffffd6 fr.pc=0x000001846899ba8c relative=0x0000000000000b2c
Event: 37.910 Thread 0x000001847ad77300 Uncommon trap: reason=array_check action=maybe_recompile pc=0x000001846899ba8c method=com.google.common.collect.RegularImmutableMap.fromEntryArrayCheckingBucketOverflow(I[Ljava/util/Map$Entry;Z)Lcom/google/common/collect/ImmutableMap; @ 220 c2
Event: 37.910 Thread 0x000001847ad77300 DEOPT PACKING pc=0x000001846899ba8c sp=0x0000002be74f7940
Event: 37.910 Thread 0x000001847ad77300 DEOPT UNPACKING pc=0x0000018467dc46a2 sp=0x0000002be74f78e8 mode 2
Event: 37.924 Thread 0x000001847ad77300 Uncommon trap: trap_request=0xffffffd6 fr.pc=0x000001846899ba8c relative=0x0000000000000b2c
Event: 37.924 Thread 0x000001847ad77300 Uncommon trap: reason=array_check action=maybe_recompile pc=0x000001846899ba8c method=com.google.common.collect.RegularImmutableMap.fromEntryArrayCheckingBucketOverflow(I[Ljava/util/Map$Entry;Z)Lcom/google/common/collect/ImmutableMap; @ 220 c2
Event: 37.924 Thread 0x000001847ad77300 DEOPT PACKING pc=0x000001846899ba8c sp=0x0000002be74f7a70
Event: 37.924 Thread 0x000001847ad77300 DEOPT UNPACKING pc=0x0000018467dc46a2 sp=0x0000002be74f7a18 mode 2
Event: 37.944 Thread 0x000001847ad77300 Uncommon trap: trap_request=0xffffff45 fr.pc=0x0000018468775d74 relative=0x00000000000023f4
Event: 37.944 Thread 0x000001847ad77300 Uncommon trap: reason=unstable_if action=reinterpret pc=0x0000018468775d74 method=java.lang.String.split(CIZ)[Ljava/lang/String; @ 184 c2
Event: 37.944 Thread 0x000001847ad77300 DEOPT PACKING pc=0x0000018468775d74 sp=0x0000002be74f7b40
Event: 37.944 Thread 0x000001847ad77300 DEOPT UNPACKING pc=0x0000018467dc46a2 sp=0x0000002be74f7b10 mode 2
Event: 38.980 Thread 0x000001847ad77300 DEOPT PACKING pc=0x0000018461485c06 sp=0x0000002be74f7620
Event: 38.980 Thread 0x000001847ad77300 DEOPT UNPACKING pc=0x0000018467dc4e42 sp=0x0000002be74f6b70 mode 0

Classes loaded (20 events):
Event: 36.545 Loading class javax/management/NotificationFilter
Event: 36.545 Loading class javax/management/NotificationFilter done
Event: 36.545 Loading class javax/management/ListenerNotFoundException
Event: 36.545 Loading class javax/management/OperationsException
Event: 36.545 Loading class javax/management/JMException
Event: 36.545 Loading class javax/management/JMException done
Event: 36.545 Loading class javax/management/OperationsException done
Event: 36.545 Loading class javax/management/ListenerNotFoundException done
Event: 36.545 Loading class jdk/jfr/Recording
Event: 36.546 Loading class jdk/jfr/Recording done
Event: 36.546 Loading class jdk/jfr/FlightRecorder
Event: 36.546 Loading class jdk/jfr/FlightRecorder done
Event: 36.546 Loading class jdk/management/jfr/FlightRecorderMXBeanImpl$MXBeanListener
Event: 36.546 Loading class jdk/jfr/FlightRecorderListener
Event: 36.546 Loading class jdk/jfr/FlightRecorderListener done
Event: 36.546 Loading class jdk/management/jfr/FlightRecorderMXBeanImpl$MXBeanListener done
Event: 36.582 Loading class com/sun/jmx/mbeanserver/StandardMBeanSupport
Event: 36.582 Loading class com/sun/jmx/mbeanserver/StandardMBeanSupport done
Event: 36.582 Loading class com/sun/jmx/mbeanserver/StandardMBeanIntrospector
Event: 36.582 Loading class com/sun/jmx/mbeanserver/StandardMBeanIntrospector done

Classes unloaded (12 events):
Event: 32.072 Thread 0x0000018479008380 Unloading class 0x0000000100924948 '_BuildScript_$_run_closure1$_closure2'
Event: 32.072 Thread 0x0000018479008380 Unloading class 0x0000000100924548 '_BuildScript_$_run_closure1'
Event: 32.072 Thread 0x0000018479008380 Unloading class 0x0000000100924000 '_BuildScript_'
Event: 33.053 Thread 0x0000018479008380 Unloading class 0x000000010094d948 '_BuildScript_$_run_closure1$_closure3'
Event: 33.053 Thread 0x0000018479008380 Unloading class 0x000000010094d548 '_BuildScript_$_run_closure1$_closure2'
Event: 33.053 Thread 0x0000018479008380 Unloading class 0x000000010094d148 '_BuildScript_$_run_closure1'
Event: 33.053 Thread 0x0000018479008380 Unloading class 0x000000010094cc00 '_BuildScript_'
Event: 33.053 Thread 0x0000018479008380 Unloading class 0x000000010094c800 'JetGradlePlugin$_apply_closure1$_closure2$_closure3'
Event: 33.053 Thread 0x0000018479008380 Unloading class 0x000000010094c400 'JetGradlePlugin$_apply_closure1$_closure2'
Event: 33.053 Thread 0x0000018479008380 Unloading class 0x000000010094c000 'JetGradlePlugin$_apply_closure1'
Event: 33.053 Thread 0x0000018479008380 Unloading class 0x00000001009452e0 'JetGradlePlugin'
Event: 33.053 Thread 0x0000018479008380 Unloading class 0x0000000100945000 'RegistryProcessor'

Classes redefined (0 events):
No events

Internal exceptions (20 events):
Event: 36.319 Thread 0x000001847ad77300 Exception <a 'java/lang/NoSuchMethodError'{0x000000008c791bd0}: static Lorg/jetbrains/kotlin/gradle/targets/js/nodejs/DefaultUnameExecutorVariantFactory;.<clinit>()V> (0x000000008c791bd0) 
thrown [s\src\hotspot\share\prims\jni.cpp, line 1139]
Event: 36.321 Thread 0x000001847ad77300 Exception <a 'java/lang/NoSuchMethodError'{0x000000008c7b2480}: static Lorg/jetbrains/kotlin/gradle/plugin/internal/DefaultBasePluginConfigurationVariantFactory;.<clinit>()V> (0x000000008c7b2480) 
thrown [s\src\hotspot\share\prims\jni.cpp, line 1139]
Event: 36.323 Thread 0x000001847ad77300 Exception <a 'java/lang/NoSuchMethodError'{0x000000008c7d3108}: static Lorg/jetbrains/kotlin/gradle/plugin/internal/DefaultAttributeConfigurationHelperVariantFactory;.<clinit>()V> (0x000000008c7d3108) 
thrown [s\src\hotspot\share\prims\jni.cpp, line 1139]
Event: 36.403 Thread 0x000001847ad77300 Exception <a 'java/lang/IncompatibleClassChangeError'{0x000000008c336dd0}: Found class java.lang.Object, but interface was expected> (0x000000008c336dd0) 
thrown [s\src\hotspot\share\interpreter\linkResolver.cpp, line 851]
Event: 37.230 Thread 0x000001847ad77300 Exception <a 'java/lang/NoSuchMethodError'{0x000000008d01ee00}: 'java.lang.Object java.lang.invoke.DirectMethodHandle$Holder.newInvokeSpecial(java.lang.Object, java.lang.Object, java.lang.Object, java.lang.Object, java.lang.Object, java.lang.Object, java.lang.Object, java.lang.Object, java.lang.Object, java.lang.Object, java.lang.Object, java.lang.Object, java.lang.Object, java.lang.Object, java.lang.Object, java.lang.Object, java.lang.Object, java.lang.Object, java.lang.Object, java.lang.Object, java.lang
Event: 37.230 Thread 0x000001847ad77300 Exception <a 'java/lang/NoSuchMethodError'{0x000000008d026ef8}: 'java.lang.Object java.lang.invoke.DirectMethodHandle$Holder.invokeSpecial(java.lang.Object, java.lang.Object, java.lang.Object, java.lang.Object, java.lang.Object, java.lang.Object, java.lang.Object, java.lang.Object, java.lang.Object, java.lang.Object, java.lang.Object, java.lang.Object, java.lang.Object, java.lang.Object, java.lang.Object, java.lang.Object, java.lang.Object, java.lang.Object, java.lang.Object, java.lang.Object, java.lang.Ob
Event: 37.230 Thread 0x000001847ad77300 Exception <a 'java/lang/NoSuchMethodError'{0x000000008d02d9e0}: 'java.lang.Object java.lang.invoke.DelegatingMethodHandle$Holder.reinvoke_L(java.lang.Object, java.lang.Object, java.lang.Object, java.lang.Object, java.lang.Object, java.lang.Object, java.lang.Object, java.lang.Object, java.lang.Object, java.lang.Object, java.lang.Object, java.lang.Object, java.lang.Object, java.lang.Object, java.lang.Object, java.lang.Object, java.lang.Object, java.lang.Object, java.lang.Object, java.lang.Object, java.lang.O
Event: 37.312 Thread 0x000001847ad77300 Exception <a 'java/lang/ClassNotFoundException'{0x000000008cb01478}: org/jetbrains/kotlin/gradle/targets/js/npm/DefaultNpmDependencyExtensionBeanInfo> (0x000000008cb01478) 
thrown [s\src\hotspot\share\classfile\systemDictionary.cpp, line 312]
Event: 37.313 Thread 0x000001847ad77300 Exception <a 'java/lang/ClassNotFoundException'{0x000000008cb13400}: org/jetbrains/kotlin/gradle/targets/js/npm/DefaultNpmDependencyExtensionCustomizer> (0x000000008cb13400) 
thrown [s\src\hotspot\share\classfile\systemDictionary.cpp, line 312]
Event: 37.319 Thread 0x000001847ad77300 Exception <a 'java/lang/ClassNotFoundException'{0x000000008cbad040}: org/jetbrains/kotlin/gradle/targets/js/npm/NpmDependencyExtensionKt$defaultNpmDependencyDelegate$1BeanInfo> (0x000000008cbad040) 
thrown [s\src\hotspot\share\classfile\systemDictionary.cpp, line 312]
Event: 37.320 Thread 0x000001847ad77300 Exception <a 'java/lang/ClassNotFoundException'{0x000000008cbbf010}: org/jetbrains/kotlin/gradle/targets/js/npm/NpmDependencyExtensionDelegateBeanInfo> (0x000000008cbbf010) 
thrown [s\src\hotspot\share\classfile\systemDictionary.cpp, line 312]
Event: 37.321 Thread 0x000001847ad77300 Exception <a 'java/lang/ClassNotFoundException'{0x000000008cbd0fc8}: org/jetbrains/kotlin/gradle/targets/js/npm/NpmDependencyExtensionDelegateCustomizer> (0x000000008cbd0fc8) 
thrown [s\src\hotspot\share\classfile\systemDictionary.cpp, line 312]
Event: 37.322 Thread 0x000001847ad77300 Exception <a 'java/lang/ClassNotFoundException'{0x000000008ca08e30}: org/jetbrains/kotlin/gradle/targets/js/npm/NpmDependencyExtensionKt$defaultNpmDependencyDelegate$1Customizer> (0x000000008ca08e30) 
thrown [s\src\hotspot\share\classfile\systemDictionary.cpp, line 312]
Event: 37.326 Thread 0x000001847ad77300 Exception <a 'java/lang/ClassNotFoundException'{0x000000008ca4eb78}: org/jetbrains/kotlin/gradle/targets/js/npm/DefaultDevNpmDependencyExtensionBeanInfo> (0x000000008ca4eb78) 
thrown [s\src\hotspot\share\classfile\systemDictionary.cpp, line 312]
Event: 37.326 Thread 0x000001847ad77300 Exception <a 'java/lang/ClassNotFoundException'{0x000000008ca60b50}: org/jetbrains/kotlin/gradle/targets/js/npm/DefaultDevNpmDependencyExtensionCustomizer> (0x000000008ca60b50) 
thrown [s\src\hotspot\share\classfile\systemDictionary.cpp, line 312]
Event: 37.329 Thread 0x000001847ad77300 Exception <a 'java/lang/ClassNotFoundException'{0x000000008caafb20}: org/jetbrains/kotlin/gradle/targets/js/npm/DefaultPeerNpmDependencyExtensionBeanInfo> (0x000000008caafb20) 
thrown [s\src\hotspot\share\classfile\systemDictionary.cpp, line 312]
Event: 37.330 Thread 0x000001847ad77300 Exception <a 'java/lang/ClassNotFoundException'{0x000000008cac1b60}: org/jetbrains/kotlin/gradle/targets/js/npm/DefaultPeerNpmDependencyExtensionCustomizer> (0x000000008cac1b60) 
thrown [s\src\hotspot\share\classfile\systemDictionary.cpp, line 312]
Event: 37.333 Thread 0x000001847ad77300 Exception <a 'java/lang/ClassNotFoundException'{0x000000008c9198d0}: org/jetbrains/kotlin/gradle/targets/js/npm/DefaultPeerNpmDependencyExtension$delegate$1BeanInfo> (0x000000008c9198d0) 
thrown [s\src\hotspot\share\classfile\systemDictionary.cpp, line 312]
Event: 37.334 Thread 0x000001847ad77300 Exception <a 'java/lang/ClassNotFoundException'{0x000000008c92be08}: org/jetbrains/kotlin/gradle/targets/js/npm/DefaultPeerNpmDependencyExtension$delegate$1Customizer> (0x000000008c92be08) 
thrown [s\src\hotspot\share\classfile\systemDictionary.cpp, line 312]
Event: 37.344 Thread 0x000001847ad77300 Exception <a 'java/lang/NoSuchMethodError'{0x000000008c9e2b28}: static Lorg/jetbrains/kotlin/gradle/plugin/internal/DefaultIdeaSyncDetector$createIdeaPropertiesEvaluator$1;.<clinit>()V> (0x000000008c9e2b28) 
thrown [s\src\hotspot\share\prims\jni.cpp, line 1139]

ZGC Phase Switch (0 events):
No events

VM Operations (20 events):
Event: 34.979 Executing VM operation: G1PauseRemark done
Event: 35.020 Executing VM operation: G1PauseCleanup
Event: 35.021 Executing VM operation: G1PauseCleanup done
Event: 35.662 Executing VM operation: G1CollectForAllocation (G1 Evacuation Pause)
Event: 35.669 Executing VM operation: G1CollectForAllocation (G1 Evacuation Pause) done
Event: 36.470 Executing VM operation: ICBufferFull
Event: 36.470 Executing VM operation: ICBufferFull done
Event: 36.642 Executing VM operation: HandshakeAllThreads (Deoptimize)
Event: 36.642 Executing VM operation: HandshakeAllThreads (Deoptimize) done
Event: 36.798 Executing VM operation: HandshakeAllThreads (Deoptimize)
Event: 36.798 Executing VM operation: HandshakeAllThreads (Deoptimize) done
Event: 36.926 Executing VM operation: G1CollectForAllocation (G1 Evacuation Pause)
Event: 36.935 Executing VM operation: G1CollectForAllocation (G1 Evacuation Pause) done
Event: 37.806 Executing VM operation: G1CollectForAllocation (G1 Evacuation Pause)
Event: 37.816 Executing VM operation: G1CollectForAllocation (G1 Evacuation Pause) done
Event: 37.911 Executing VM operation: G1PauseRemark
Event: 37.917 Executing VM operation: G1PauseRemark done
Event: 37.962 Executing VM operation: G1PauseCleanup
Event: 38.969 Executing VM operation: G1PauseCleanup done
Event: 39.983 Executing VM operation: Cleanup

Memory protections (0 events):
No events

Nmethod flushes (20 events):
Event: 37.916 Thread 0x0000018479008380 flushing  nmethod 0x0000018460d56490
Event: 37.916 Thread 0x0000018479008380 flushing  nmethod 0x0000018461339610
Event: 37.916 Thread 0x0000018479008380 flushing  nmethod 0x000001846165dc90
Event: 37.916 Thread 0x0000018479008380 flushing  nmethod 0x00000184617b8e90
Event: 37.916 Thread 0x0000018479008380 flushing  nmethod 0x000001846187eb90
Event: 37.916 Thread 0x0000018479008380 flushing  nmethod 0x0000018460840410
Event: 37.916 Thread 0x0000018479008380 flushing  nmethod 0x0000018460923490
Event: 37.916 Thread 0x0000018479008380 flushing  nmethod 0x000001846096b410
Event: 37.916 Thread 0x0000018479008380 flushing  nmethod 0x0000018460974890
Event: 37.916 Thread 0x0000018479008380 flushing  nmethod 0x0000018460975110
Event: 37.916 Thread 0x0000018479008380 flushing  nmethod 0x0000018460bf6b90
Event: 37.916 Thread 0x0000018479008380 flushing osr nmethod 0x0000018460ceff90
Event: 37.916 Thread 0x0000018479008380 flushing  nmethod 0x0000018460cf3590
Event: 37.916 Thread 0x0000018479008380 flushing  nmethod 0x0000018460ff3210
Event: 37.916 Thread 0x0000018479008380 flushing  nmethod 0x00000184610e6a10
Event: 37.916 Thread 0x0000018479008380 flushing  nmethod 0x00000184610e7690
Event: 37.916 Thread 0x0000018479008380 flushing  nmethod 0x000001846136f510
Event: 37.916 Thread 0x0000018479008380 flushing  nmethod 0x0000018461402d10
Event: 37.916 Thread 0x0000018479008380 flushing  nmethod 0x000001846154ed90
Event: 37.916 Thread 0x0000018479008380 flushing  nmethod 0x0000018461653e90

Events (20 events):
Event: 32.241 Thread 0x000001847ad77300 Thread added: 0x000001847b5b8a70
Event: 32.242 Thread 0x000001847ad77300 Thread added: 0x000001847b5bc580
Event: 32.242 Thread 0x000001847ad77300 Thread added: 0x000001847b5bd930
Event: 32.242 Thread 0x000001847ad77300 Thread added: 0x000001847b5be650
Event: 32.243 Thread 0x000001847ad77300 Thread added: 0x000001847b5bcc10
Event: 32.243 Thread 0x000001847ad77300 Thread added: 0x000001847b5bdfc0
Event: 33.229 Thread 0x000001847dbe0ba0 Thread exited: 0x000001847dbe0ba0
Event: 33.423 Thread 0x000001847e756d30 Thread exited: 0x000001847e756d30
Event: 34.708 Thread 0x000001847ad77300 Thread added: 0x000001847afd1d20
Event: 34.839 Thread 0x000001847905c730 Thread added: 0x000001847dbe3480
Event: 34.869 Thread 0x000001847905c730 Thread added: 0x000001847dbe1940
Event: 35.208 Thread 0x000001847dbe1940 Thread exited: 0x000001847dbe1940
Event: 35.214 Thread 0x000001847dbe3480 Thread exited: 0x000001847dbe3480
Event: 35.474 Thread 0x000001847905c730 Thread added: 0x000001847dbe1270
Event: 35.567 Thread 0x000001847905c730 Thread added: 0x000001847dbe3480
Event: 36.645 Thread 0x000001847ad77300 Thread added: 0x000001847afd2a40
Event: 36.837 Thread 0x000001847dbe3480 Thread exited: 0x000001847dbe3480
Event: 36.837 Thread 0x000001847dbe1270 Thread exited: 0x000001847dbe1270
Event: 37.847 Thread 0x000001847905b130 Thread added: 0x000001847c309340
Event: 38.969 Thread 0x000001847c309340 Thread exited: 0x000001847c309340


Dynamic libraries:
0x00007ff6d6a20000 - 0x00007ff6d6a2a000 	C:\Program Files\Android\Android Studio\jbr\bin\java.exe
0x00007fffe7220000 - 0x00007fffe7488000 	C:\WINDOWS\SYSTEM32\ntdll.dll
0x00007fffe5df0000 - 0x00007fffe5eb9000 	C:\WINDOWS\System32\KERNEL32.DLL
0x00007fffe4920000 - 0x00007fffe4d18000 	C:\WINDOWS\System32\KERNELBASE.dll
0x00007fffe4720000 - 0x00007fffe486b000 	C:\WINDOWS\System32\ucrtbase.dll
0x00007fffddbf0000 - 0x00007fffddc0b000 	C:\Program Files\Android\Android Studio\jbr\bin\VCRUNTIME140.dll
0x00007fffd2ba0000 - 0x00007fffd2bb8000 	C:\Program Files\Android\Android Studio\jbr\bin\jli.dll
0x00007fffe6ac0000 - 0x00007fffe6c87000 	C:\WINDOWS\System32\USER32.dll
0x00007fffe4d20000 - 0x00007fffe4d47000 	C:\WINDOWS\System32\win32u.dll
0x00007fffe5dc0000 - 0x00007fffe5deb000 	C:\WINDOWS\System32\GDI32.dll
0x00007fffe4e90000 - 0x00007fffe4fbc000 	C:\WINDOWS\System32\gdi32full.dll
0x00007fffcddd0000 - 0x00007fffce064000 	C:\WINDOWS\WinSxS\amd64_microsoft.windows.common-controls_6595b64144ccf1df_6.0.26100.7019_none_3e06ffa0e335b8a8\COMCTL32.dll
0x00007fffe4870000 - 0x00007fffe4913000 	C:\WINDOWS\System32\msvcp_win.dll
0x00007fffe57b0000 - 0x00007fffe5859000 	C:\WINDOWS\System32\msvcrt.dll
0x00007fffe5ed0000 - 0x00007fffe5f01000 	C:\WINDOWS\System32\IMM32.DLL
0x00007fffdbba0000 - 0x00007fffdbbac000 	C:\Program Files\Android\Android Studio\jbr\bin\vcruntime140_1.dll
0x00007fff769c0000 - 0x00007fff76a4d000 	C:\Program Files\Android\Android Studio\jbr\bin\msvcp140.dll
0x00007fff36850000 - 0x00007fff374db000 	C:\Program Files\Android\Android Studio\jbr\bin\server\jvm.dll
0x00007fffe7120000 - 0x00007fffe71d4000 	C:\WINDOWS\System32\ADVAPI32.dll
0x00007fffe68b0000 - 0x00007fffe6956000 	C:\WINDOWS\System32\sechost.dll
0x00007fffe6c90000 - 0x00007fffe6da8000 	C:\WINDOWS\System32\RPCRT4.dll
0x00007fffe6e00000 - 0x00007fffe6e74000 	C:\WINDOWS\System32\WS2_32.dll
0x00007fffe41d0000 - 0x00007fffe422e000 	C:\WINDOWS\SYSTEM32\POWRPROF.dll
0x00007fffc6ce0000 - 0x00007fffc6d15000 	C:\WINDOWS\SYSTEM32\WINMM.dll
0x00007fffd4cd0000 - 0x00007fffd4cdb000 	C:\WINDOWS\SYSTEM32\VERSION.dll
0x00007fffe41b0000 - 0x00007fffe41c4000 	C:\WINDOWS\SYSTEM32\UMPDC.dll
0x00007fffe3130000 - 0x00007fffe314b000 	C:\WINDOWS\SYSTEM32\kernel.appcore.dll
0x00007fffdbb60000 - 0x00007fffdbb6a000 	C:\Program Files\Android\Android Studio\jbr\bin\jimage.dll
0x00007fffde9f0000 - 0x00007fffdec32000 	C:\WINDOWS\SYSTEM32\DBGHELP.DLL
0x00007fffe5a30000 - 0x00007fffe5dbb000 	C:\WINDOWS\System32\combase.dll
0x00007fffe6960000 - 0x00007fffe6a37000 	C:\WINDOWS\System32\OLEAUT32.dll
0x00007fffb9230000 - 0x00007fffb926c000 	C:\WINDOWS\SYSTEM32\dbgcore.DLL
0x00007fffe4de0000 - 0x00007fffe4e85000 	C:\WINDOWS\System32\bcryptPrimitives.dll
0x00007fffd30d0000 - 0x00007fffd30de000 	C:\Program Files\Android\Android Studio\jbr\bin\instrument.dll
0x00007fffd52b0000 - 0x00007fffd52d0000 	C:\Program Files\Android\Android Studio\jbr\bin\java.dll
0x00007fffd4fb0000 - 0x00007fffd4fc8000 	C:\Program Files\Android\Android Studio\jbr\bin\zip.dll
0x00007fffe4fc0000 - 0x00007fffe570f000 	C:\WINDOWS\System32\SHELL32.dll
0x00007fffe45b0000 - 0x00007fffe471b000 	C:\WINDOWS\System32\wintypes.dll
0x00007fffe1f60000 - 0x00007fffe27bd000 	C:\WINDOWS\SYSTEM32\windows.storage.dll
0x00007fffe6e80000 - 0x00007fffe6f72000 	C:\WINDOWS\System32\SHCORE.dll
0x00007fffe6a50000 - 0x00007fffe6ab7000 	C:\WINDOWS\System32\shlwapi.dll
0x00007fffe4290000 - 0x00007fffe42b9000 	C:\WINDOWS\SYSTEM32\profapi.dll
0x00007fffd8cf0000 - 0x00007fffd8d00000 	C:\Program Files\Android\Android Studio\jbr\bin\net.dll
0x00007fffd5840000 - 0x00007fffd5968000 	C:\WINDOWS\SYSTEM32\WINHTTP.dll
0x00007fffe36a0000 - 0x00007fffe370b000 	C:\WINDOWS\system32\mswsock.dll
0x00007fffd3d60000 - 0x00007fffd3d76000 	C:\Program Files\Android\Android Studio\jbr\bin\nio.dll
0x00007fffd3a90000 - 0x00007fffd3aa0000 	C:\Program Files\Android\Android Studio\jbr\bin\verify.dll
0x00007fffcb820000 - 0x00007fffcb847000 	C:\Users\Asus\.gradle\native\1def1411415f61bf3af743bc5b6707747c0891f09f0c88961ee8f79bc544acac\windows-amd64\native-platform.dll
0x00007fff7c6f0000 - 0x00007fff7c768000 	C:\Users\Asus\.gradle\native\0.2.7\x86_64-windows-gnu\gradle-fileevents.dll
0x00007fffd5060000 - 0x00007fffd5069000 	C:\Program Files\Android\Android Studio\jbr\bin\management.dll
0x00007fffd4e50000 - 0x00007fffd4e5b000 	C:\Program Files\Android\Android Studio\jbr\bin\management_ext.dll
0x00007fffe64a0000 - 0x00007fffe64a8000 	C:\WINDOWS\System32\PSAPI.DLL
0x00007fffe2bb0000 - 0x00007fffe2be4000 	C:\WINDOWS\SYSTEM32\IPHLPAPI.DLL
0x00007fffe5860000 - 0x00007fffe586a000 	C:\WINDOWS\System32\NSI.dll
0x00007fffd8c80000 - 0x00007fffd8c89000 	C:\Program Files\Android\Android Studio\jbr\bin\extnet.dll
0x00007fffe3960000 - 0x00007fffe397b000 	C:\WINDOWS\SYSTEM32\CRYPTSP.dll
0x00007fffe3090000 - 0x00007fffe30ca000 	C:\WINDOWS\system32\rsaenh.dll
0x00007fffe3750000 - 0x00007fffe377b000 	C:\WINDOWS\SYSTEM32\USERENV.dll
0x00007fffe4260000 - 0x00007fffe428a000 	C:\WINDOWS\SYSTEM32\bcrypt.dll
0x00007fffe3980000 - 0x00007fffe398c000 	C:\WINDOWS\SYSTEM32\CRYPTBASE.dll
0x00007fffa5b90000 - 0x00007fffa5b98000 	C:\WINDOWS\system32\wshunix.dll
0x00007fffe2bf0000 - 0x00007fffe2d1c000 	C:\WINDOWS\SYSTEM32\DNSAPI.dll
0x00007fffd52d0000 - 0x00007fffd52db000 	C:\Windows\System32\rasadhlp.dll
0x00007fffdb5b0000 - 0x00007fffdb636000 	C:\WINDOWS\System32\fwpuclnt.dll

dbghelp: loaded successfully - version: 4.0.5 - missing functions: none
symbol engine: initialized successfully - sym options: 0x614 - pdb path: .;C:\Program Files\Android\Android Studio\jbr\bin;C:\WINDOWS\SYSTEM32;C:\WINDOWS\WinSxS\amd64_microsoft.windows.common-controls_6595b64144ccf1df_6.0.26100.7019_none_3e06ffa0e335b8a8;C:\Program Files\Android\Android Studio\jbr\bin\server;C:\Users\Asus\.gradle\native\1def1411415f61bf3af743bc5b6707747c0891f09f0c88961ee8f79bc544acac\windows-amd64;C:\Users\Asus\.gradle\native\0.2.7\x86_64-windows-gnu

VM Arguments:
jvm_args: --add-opens=java.base/java.lang=ALL-UNNAMED --add-opens=java.base/java.lang.invoke=ALL-UNNAMED --add-opens=java.base/java.util=ALL-UNNAMED --add-opens=java.prefs/java.util.prefs=ALL-UNNAMED --add-exports=jdk.compiler/com.sun.tools.javac.api=ALL-UNNAMED --add-exports=jdk.compiler/com.sun.tools.javac.util=ALL-UNNAMED --add-opens=java.base/java.util=ALL-UNNAMED --add-opens=java.prefs/java.util.prefs=ALL-UNNAMED --add-opens=java.base/java.nio.charset=ALL-UNNAMED --add-opens=java.base/java.net=ALL-UNNAMED --add-opens=java.base/java.util.concurrent.atomic=ALL-UNNAMED --add-opens=java.xml/javax.xml.namespace=ALL-UNNAMED -Xmx2048m -Dfile.encoding=UTF-8 -Duser.country=US -Duser.language=en -Duser.variant -javaagent:C:\Users\Asus\.gradle\wrapper\dists\gradle-8.13-bin\5xuhj0ry160q40clulazy9h7d\gradle-8.13\lib\agents\gradle-instrumentation-agent-8.13.jar 
java_command: org.gradle.launcher.daemon.bootstrap.GradleDaemon 8.13
java_class_path (initial): C:\Users\Asus\.gradle\wrapper\dists\gradle-8.13-bin\5xuhj0ry160q40clulazy9h7d\gradle-8.13\lib\gradle-daemon-main-8.13.jar
Launcher Type: SUN_STANDARD

[Global flags]
     intx CICompilerCount                          = 4                                         {product} {ergonomic}
     uint ConcGCThreads                            = 2                                         {product} {ergonomic}
     uint G1ConcRefinementThreads                  = 8                                         {product} {ergonomic}
   size_t G1HeapRegionSize                         = 1048576                                   {product} {ergonomic}
    uintx GCDrainStackTargetSize                   = 64                                        {product} {ergonomic}
   size_t InitialHeapSize                          = 132120576                                 {product} {ergonomic}
   size_t MarkStackSize                            = 4194304                                   {product} {ergonomic}
   size_t MaxHeapSize                              = 2147483648                                {product} {command line}
   size_t MaxNewSize                               = 1287651328                                {product} {ergonomic}
   size_t MinHeapDeltaBytes                        = 1048576                                   {product} {ergonomic}
   size_t MinHeapSize                              = 8388608                                   {product} {ergonomic}
    uintx NonNMethodCodeHeapSize                   = 5839372                                {pd product} {ergonomic}
    uintx NonProfiledCodeHeapSize                  = 122909434                              {pd product} {ergonomic}
    uintx ProfiledCodeHeapSize                     = 122909434                              {pd product} {ergonomic}
    uintx ReservedCodeCacheSize                    = 251658240                              {pd product} {ergonomic}
     bool SegmentedCodeCache                       = true                                      {product} {ergonomic}
   size_t SoftMaxHeapSize                          = 2147483648                             {manageable} {ergonomic}
     bool UseCompressedOops                        = true                           {product lp64_product} {ergonomic}
     bool UseG1GC                                  = true                                      {product} {ergonomic}
     bool UseLargePagesIndividualAllocation        = false                                  {pd product} {ergonomic}

Logging:
Log output configuration:
 #0: stdout all=warning uptime,level,tags foldmultilines=false
 #1: stderr all=off uptime,level,tags foldmultilines=false

Environment Variables:
PATH=C:\Program Files\Common Files\Oracle\Java\javapath;C:\Python312\Scripts\;C:\Python312\;C:\Windows\system32;C:\Windows;C:\Windows\System32\Wbem;C:\Windows\System32\WindowsPowerShell\v1.0\;C:\Windows\System32\OpenSSH\;C:\Program Files (x86)\NVIDIA Corporation\PhysX\Common;C:\WINDOWS\system32;C:\WINDOWS;C:\WINDOWS\System32\Wbem;C:\WINDOWS\System32\WindowsPowerShell\v1.0\;C:\WINDOWS\System32\OpenSSH\;C:\php-8.3.9;C:\Program Files\nodejs\;C:\laragon\bin\nodejs\node-v20.15.1-win-x64;C:\ProgramData\chocolatey\bin;C:\composer;C:\Program Files\Git\cmd;C:\Program Files\Java\jdk-22\bin;C:\Program Files\Dart\dart-sdk\bin;C:\src\flutter\bin;C:\Dart\dart-sdk\bin;C:\gradle-9.0.0\bin;C:\Users\Asus\AppData\Local\Microsoft\WindowsApps;C:\Users\Asus\AppData\Local\Programs\Microsoft VS Code\bin;C:\Users\Asus\AppData\Roaming\npm;C:\Users\Asus\AppData\Roaming\Composer\vendor\bin;C:\src\flutter\bin;C:\Dart\dart-sdk\bin;
USERNAME=Asus
OS=Windows_NT
PROCESSOR_IDENTIFIER=Intel64 Family 6 Model 142 Stepping 12, GenuineIntel
TMP=C:\Users\Asus\AppData\Local\Temp
TEMP=C:\Users\Asus\AppData\Local\Temp




Periodic native trim disabled

JNI global refs:
JNI global refs: 28, weak refs: 1

JNI global refs memory usage: 835, weak refs: 833

Process memory usage:
Resident Set Size: 491292K (6% of 8182576K total physical memory with 537736K free physical memory)

OOME stack traces (most recent first):
Classloader memory used:
Loader org.gradle.internal.classloader.VisitableURLClassLoader                         : 47852K
Loader bootstrap                                                                       : 31280K
Loader org.gradle.internal.classloader.VisitableURLClassLoader$InstrumentingVisitableURLClassLoader: 17393K
Loader org.gradle.initialization.MixInLegacyTypesClassLoader                           : 11988K
Loader org.gradle.internal.classloader.VisitableURLClassLoader                         : 984K
Loader jdk.internal.loader.ClassLoaders$PlatformClassLoader                            : 791K
Loader jdk.internal.reflect.DelegatingClassLoader                                      : 358K
Loader jdk.internal.loader.ClassLoaders$AppClassLoader                                 : 235K
Loader org.gradle.groovy.scripts.internal.DefaultScriptCompilationHandler$ScriptClassLoader: 88408B
Loader org.codehaus.groovy.runtime.callsite.CallSiteClassLoader                        : 48680B

Classes loaded by more than one classloader:
Class Program                                                                         : loaded 5 times (x 68B)
Class org.gradle.api.GradleException                                                  : loaded 3 times (x 78B)
Class Build_gradle$1                                                                  : loaded 3 times (x 70B)
Class Build_gradle                                                                    : loaded 3 times (x 126B)
Class org.gradle.internal.classloader.FilteringClassLoader                            : loaded 2 times (x 101B)
Class com.google.common.base.CharMatcher$IsEither                                     : loaded 2 times (x 107B)
Class org.gradle.internal.classloader.ClassLoaderHierarchy                            : loaded 2 times (x 66B)
Class com.google.common.collect.ImmutableEnumSet                                      : loaded 2 times (x 142B)
Class com.google.common.util.concurrent.ExecutionError                                : loaded 2 times (x 78B)
Class com.google.common.collect.ImmutableList$1                                       : loaded 2 times (x 93B)
Class org.gradle.api.internal.classpath.ManifestUtil                                  : loaded 2 times (x 67B)
Class com.google.common.collect.RegularImmutableMap                                   : loaded 2 times (x 117B)
Class com.google.common.collect.ImmutableMap$MapViewOfValuesAsSingletonSets           : loaded 2 times (x 122B)
Class org.jetbrains.plugins.gradle.model.GradleExtensions                             : loaded 2 times (x 66B)
Class org.jetbrains.plugins.gradle.model.AnnotationProcessingModel                    : loaded 2 times (x 66B)
Class [Lorg.objectweb.asm.Symbol;                                                     : loaded 2 times (x 65B)
Class org.objectweb.asm.ClassVisitor                                                  : loaded 2 times (x 84B)
Class com.google.common.collect.UnmodifiableListIterator                              : loaded 2 times (x 91B)
Class org.gradle.internal.operations.MultipleBuildOperationFailures                   : loaded 2 times (x 91B)
Class org.objectweb.asm.MethodTooLargeException                                       : loaded 2 times (x 79B)
Class [Lcom.google.common.cache.CacheBuilder$OneWeigher;                              : loaded 2 times (x 65B)
Class com.google.common.base.Suppliers                                                : loaded 2 times (x 67B)
Class org.gradle.internal.classloader.DefaultClassLoaderFactory                       : loaded 2 times (x 78B)
Class kotlin.collections.AbstractList$Companion                                       : loaded 2 times (x 67B)
Class org.gradle.internal.classloader.ClassLoaderVisitor                              : loaded 2 times (x 72B)
Class [Lcom.google.common.collect.ImmutableMapEntry;                                  : loaded 2 times (x 65B)
Class org.gradle.api.internal.classpath.EffectiveClassPath                            : loaded 2 times (x 86B)
Class com.google.common.collect.ImmutableRangeSet                                     : loaded 2 times (x 111B)
Class com.google.common.collect.ListMultimap                                          : loaded 2 times (x 66B)
Class com.google.common.collect.ImmutableEnumMap                                      : loaded 2 times (x 122B)
Class org.gradle.tooling.internal.gradle.DefaultProjectIdentifier                     : loaded 2 times (x 82B)
Class com.google.common.collect.Sets$1                                                : loaded 2 times (x 135B)
Class org.objectweb.asm.AnnotationVisitor                                             : loaded 2 times (x 74B)
Class org.gradle.api.internal.DefaultClassPathProvider                                : loaded 2 times (x 72B)
Class com.google.common.collect.Sets$2                                                : loaded 2 times (x 135B)
Class [Lorg.gradle.api.internal.ClassPathProvider;                                    : loaded 2 times (x 65B)
Class org.gradle.api.internal.ClassPathProvider                                       : loaded 2 times (x 66B)
Class [Lorg.objectweb.asm.AnnotationVisitor;                                          : loaded 2 times (x 65B)
Class com.google.common.collect.Sets$3                                                : loaded 2 times (x 135B)
Class com.google.common.util.concurrent.AbstractFuture$SafeAtomicHelper               : loaded 2 times (x 75B)
Class com.google.common.cache.LocalCache$LocalLoadingCache                            : loaded 2 times (x 130B)
Class org.gradle.internal.service.UnknownServiceException                             : loaded 2 times (x 79B)
Class com.google.common.collect.Sets$4                                                : loaded 2 times (x 135B)
Class org.objectweb.asm.ModuleVisitor                                                 : loaded 2 times (x 77B)
Class com.google.common.cache.LocalCache$Strength$1                                   : loaded 2 times (x 77B)
Class org.jetbrains.kotlin.idea.gradleTooling.KotlinDslScriptAdditionalTask           : loaded 2 times (x 66B)
Class com.google.common.util.concurrent.SettableFuture                                : loaded 2 times (x 110B)
Class com.google.common.cache.LocalCache$Strength$2                                   : loaded 2 times (x 77B)
Class com.google.common.cache.LocalCache$Strength$3                                   : loaded 2 times (x 77B)
Class com.google.common.collect.MapDifference                                         : loaded 2 times (x 66B)
Class org.objectweb.asm.FieldWriter                                                   : loaded 2 times (x 74B)
Class com.google.common.cache.CacheBuilder$NullListener                               : loaded 2 times (x 78B)
Class org.gradle.internal.classpath.TransformedClassPath                              : loaded 2 times (x 92B)
Class org.gradle.internal.classloader.InstrumentingClassLoader                        : loaded 2 times (x 66B)
Class com.google.common.collect.ImmutableRangeSet$AsSet                               : loaded 2 times (x 296B)
Class com.google.common.cache.CacheLoader$FunctionToCacheLoader                       : loaded 2 times (x 71B)
Class com.google.common.collect.Iterators$ArrayItr                                    : loaded 2 times (x 93B)
Class com.google.common.collect.ImmutableCollection$Builder                           : loaded 2 times (x 72B)
Class kotlin.enums.EnumEntriesList                                                    : loaded 2 times (x 219B)
Class com.google.common.base.Joiner                                                   : loaded 2 times (x 75B)
Class com.google.common.base.MoreObjects                                              : loaded 2 times (x 67B)
Class com.google.common.collect.Platform                                              : loaded 2 times (x 67B)
Class [Lorg.objectweb.asm.Type;                                                       : loaded 2 times (x 65B)
Class com.google.common.collect.UnmodifiableIterator                                  : loaded 2 times (x 76B)
Class org.jetbrains.kotlin.idea.gradleTooling.KotlinSourceSetContainer                : loaded 2 times (x 66B)
Class org.jetbrains.plugins.gradle.model.IntelliJSettings                             : loaded 2 times (x 66B)
Class org.gradle.internal.service.ServiceLocator                                      : loaded 2 times (x 66B)
Class com.google.common.base.Ascii                                                    : loaded 2 times (x 67B)
Class com.google.common.collect.SingletonImmutableBiMap                               : loaded 2 times (x 139B)
Class com.google.common.cache.LocalCache$1                                            : loaded 2 times (x 85B)
Class com.google.common.collect.AbstractMapEntry                                      : loaded 2 times (x 77B)
Class org.gradle.tooling.model.UnsupportedMethodException                             : loaded 2 times (x 78B)
Class com.google.common.collect.ImmutableList$Builder                                 : loaded 2 times (x 73B)
Class com.google.common.collect.AbstractMultimap                                      : loaded 2 times (x 119B)
Class com.google.common.cache.LocalCache$2                                            : loaded 2 times (x 138B)
Class com.google.common.collect.ImmutableRangeSet$1                                   : loaded 2 times (x 206B)
Class com.google.common.util.concurrent.AbstractFuture$UnsafeAtomicHelper$1           : loaded 2 times (x 72B)
Class com.google.common.collect.RegularImmutableAsList                                : loaded 2 times (x 213B)
Class com.google.common.collect.Range                                                 : loaded 2 times (x 83B)
Class com.google.common.util.concurrent.AbstractFuture$Trusted                        : loaded 2 times (x 66B)
Class com.google.common.collect.Iterators                                             : loaded 2 times (x 67B)
Class com.intellij.compose.ide.plugin.gradleTooling.rt.ComposeResourcesModel          : loaded 2 times (x 66B)
Class com.google.common.collect.Lists$StringAsImmutableList                           : loaded 2 times (x 203B)
Class com.google.common.util.concurrent.UncheckedExecutionException                   : loaded 2 times (x 78B)
Class org.gradle.kotlin.dsl.VersionCatalogAccessorsKt                                 : loaded 2 times (x 67B)
Class org.gradle.internal.InternalTransformer                                         : loaded 2 times (x 66B)
Class org.objectweb.asm.ClassWriter                                                   : loaded 2 times (x 102B)
Class com.google.common.base.CharMatcher$And                                          : loaded 2 times (x 108B)
Class com.google.common.cache.CacheLoader$UnsupportedLoadingOperationException        : loaded 2 times (x 78B)
Class org.gradle.internal.time.DefaultTimer                                           : loaded 2 times (x 76B)
Class org.gradle.internal.classloader.ClasspathUtil$1                                 : loaded 2 times (x 72B)
Class org.objectweb.asm.FieldVisitor                                                  : loaded 2 times (x 73B)
Class com.google.common.collect.IndexedImmutableSet                                   : loaded 2 times (x 148B)
Class com.google.common.collect.ImmutableMap$1                                        : loaded 2 times (x 77B)
Class com.google.common.collect.BiMap                                                 : loaded 2 times (x 66B)
Class org.gradle.api.internal.classpath.DefaultModuleRegistry$DefaultModule           : loaded 2 times (x 82B)
Class com.google.common.primitives.Ints                                               : loaded 2 times (x 67B)
Class com.google.common.collect.AbstractIterator                                      : loaded 2 times (x 78B)
Class com.google.common.collect.ObjectArrays                                          : loaded 2 times (x 67B)
Class com.google.common.collect.Multiset                                              : loaded 2 times (x 66B)
Class com.google.common.collect.ArrayListMultimapGwtSerializationDependencies         : loaded 2 times (x 168B)
Class com.google.common.collect.AbstractIndexedListIterator                           : loaded 2 times (x 92B)
Class com.google.common.math.MathPreconditions                                        : loaded 2 times (x 67B)
Class org.gradle.internal.time.DefaultCountdownTimer                                  : loaded 2 times (x 84B)
Class com.google.common.collect.ImmutableMapEntrySet                                  : loaded 2 times (x 148B)
Class org.gradle.tooling.internal.gradle.DefaultBuildIdentifier                       : loaded 2 times (x 75B)
Class kotlin.Function                                                                 : loaded 2 times (x 66B)
Class org.gradle.api.internal.classpath.Module                                        : loaded 2 times (x 66B)
Class com.google.common.cache.Weigher                                                 : loaded 2 times (x 66B)
Class org.gradle.api.internal.classpath.UnknownModuleException                        : loaded 2 times (x 78B)
Class com.google.common.base.Stopwatch                                                : loaded 2 times (x 68B)
Class com.google.common.cache.LocalCache$Strength                                     : loaded 2 times (x 77B)
Class com.google.common.cache.Cache                                                   : loaded 2 times (x 66B)
Class com.intellij.openapi.externalSystem.model.project.dependencies.ProjectDependencies: loaded 2 times (x 66B)
Class com.google.common.util.concurrent.AbstractFuture$Cancellation                   : loaded 2 times (x 68B)
Class com.google.common.collect.ImmutableMap$Builder                                  : loaded 2 times (x 78B)
Class com.google.common.cache.RemovalListener                                         : loaded 2 times (x 66B)
Class org.gradle.tooling.internal.gradle.GradleProjectIdentity                        : loaded 2 times (x 66B)
Class org.gradle.api.internal.DefaultClassPathRegistry                                : loaded 2 times (x 72B)
Class com.google.common.primitives.IntsMethodsForWeb                                  : loaded 2 times (x 67B)
Class com.google.common.collect.Multimap                                              : loaded 2 times (x 66B)
Class org.gradle.api.internal.ClassPathRegistry                                       : loaded 2 times (x 66B)
Class org.gradle.internal.classpath.DefaultClassPath$ImmutableUniqueList              : loaded 2 times (x 195B)
Class kotlin.NotImplementedError                                                      : loaded 2 times (x 78B)
Class com.google.common.cache.CacheBuilder                                            : loaded 2 times (x 68B)
Class com.google.common.collect.SingletonImmutableList                                : loaded 2 times (x 203B)
Class Settings_gradle$1                                                               : loaded 2 times (x 70B)
Class org.gradle.internal.classpath.ClassPath                                         : loaded 2 times (x 66B)
Class org.gradle.api.UncheckedIOException                                             : loaded 2 times (x 78B)
Class com.google.common.collect.ImmutableList$ReverseImmutableList                    : loaded 2 times (x 205B)
Class org.objectweb.asm.SymbolTable$Entry                                             : loaded 2 times (x 70B)
Class com.google.common.util.concurrent.AbstractFuture$AtomicHelper                   : loaded 2 times (x 74B)
Class org.jetbrains.kotlin.idea.gradleTooling.KotlinGradleModel                       : loaded 2 times (x 66B)
Class com.google.common.collect.RegularImmutableMap$KeySet                            : loaded 2 times (x 148B)
Class com.google.common.base.Suppliers$SupplierOfInstance                             : loaded 2 times (x 75B)
Class com.google.common.collect.Iterators$1                                           : loaded 2 times (x 77B)
Class org.gradle.tooling.model.Model                                                  : loaded 2 times (x 66B)
Class com.google.common.cache.LocalCache$ComputingValueReference                      : loaded 2 times (x 92B)
Class com.google.common.collect.SingletonImmutableSet                                 : loaded 2 times (x 142B)
Class com.google.common.collect.ImmutableMap$IteratorBasedImmutableMap                : loaded 2 times (x 122B)
Class kotlin.UninitializedPropertyAccessException                                     : loaded 2 times (x 78B)
Class com.google.common.cache.LocalCache$Segment                                      : loaded 2 times (x 150B)
Class org.jetbrains.plugins.gradle.model.IntelliJProjectSettings                      : loaded 2 times (x 66B)
Class com.google.common.collect.SortedIterable                                        : loaded 2 times (x 66B)
Class com.google.common.collect.AbstractListMultimap                                  : loaded 2 times (x 168B)
Class [Lorg.objectweb.asm.SymbolTable$Entry;                                          : loaded 2 times (x 65B)
Class com.google.common.cache.CacheLoader                                             : loaded 2 times (x 70B)
Class com.google.common.collect.Iterators$4                                           : loaded 2 times (x 78B)
Class com.google.common.collect.ImmutableBiMap                                        : loaded 2 times (x 139B)
Class org.gradle.internal.installation.GradleInstallation$1                           : loaded 2 times (x 71B)
Class org.gradle.api.internal.classpath.ModuleRegistry                                : loaded 2 times (x 66B)
Class com.google.common.util.concurrent.internal.InternalFutureFailureAccess          : loaded 2 times (x 68B)
Class com.google.common.collect.Iterators$5                                           : loaded 2 times (x 78B)
Class com.google.common.collect.ImmutableSet$JdkBackedSetBuilderImpl                  : loaded 2 times (x 72B)
Class org.jetbrains.plugins.gradle.model.VersionCatalogsModel                         : loaded 2 times (x 66B)
Class com.google.common.util.concurrent.AbstractFuture$UnsafeAtomicHelper             : loaded 2 times (x 74B)
Class com.google.common.base.CharMatcher$ForPredicate                                 : loaded 2 times (x 108B)
Class com.google.common.cache.LocalCache$LocalManualCache$1                           : loaded 2 times (x 71B)
Class com.google.common.base.CharMatcher$AnyOf                                        : loaded 2 times (x 108B)
Class com.google.common.collect.ImmutableCollection                                   : loaded 2 times (x 121B)
Class org.gradle.api.internal.classpath.DefaultModuleRegistry                         : loaded 2 times (x 82B)
Class com.google.common.collect.Lists                                                 : loaded 2 times (x 67B)
Class com.google.common.util.concurrent.ListenableFuture                              : loaded 2 times (x 66B)
Class com.google.common.cache.ReferenceEntry                                          : loaded 2 times (x 66B)
Class com.google.common.base.Converter                                                : loaded 2 times (x 86B)
Class com.google.common.collect.ImmutableSet$CachingAsList                            : loaded 2 times (x 144B)
Class com.google.common.collect.AbstractMapBasedMultimap                              : loaded 2 times (x 135B)
Class com.google.common.util.concurrent.AbstractFuture                                : loaded 2 times (x 102B)
Class com.google.common.base.FunctionalEquivalence                                    : loaded 2 times (x 79B)
Class com.google.common.collect.Iterators$9                                           : loaded 2 times (x 77B)
Class com.google.common.collect.ImmutableAsList                                       : loaded 2 times (x 205B)
Class org.objectweb.asm.RecordComponentVisitor                                        : loaded 2 times (x 73B)
Class com.google.common.cache.CacheLoader$SupplierToCacheLoader                       : loaded 2 times (x 71B)
Class com.google.common.collect.Maps$EntryTransformer                                 : loaded 2 times (x 66B)
Class org.gradle.internal.time.MonotonicClock                                         : loaded 2 times (x 73B)
Class org.gradle.internal.service.ServiceLookupException                              : loaded 2 times (x 78B)
Class com.google.common.collect.ImmutableSortedSet                                    : loaded 2 times (x 296B)
Class [Lcom.google.common.cache.LocalCache$EntryFactory;                              : loaded 2 times (x 65B)
Class org.gradle.internal.classloader.ClassLoaderFactory                              : loaded 2 times (x 66B)
Class com.google.common.base.CharMatcher$IsNot                                        : loaded 2 times (x 107B)
Class com.google.common.cache.LocalCache$LocalManualCache                             : loaded 2 times (x 95B)
Class org.gradle.internal.service.CachingServiceLocator                               : loaded 2 times (x 78B)
Class com.google.common.collect.RegularImmutableSortedSet                             : loaded 2 times (x 296B)
Class com.google.common.math.IntMath                                                  : loaded 2 times (x 67B)
Class org.jetbrains.plugins.gradle.model.RepositoryModels                             : loaded 2 times (x 66B)
Class org.objectweb.asm.commons.InstructionAdapter                                    : loaded 2 times (x 184B)
Class com.google.common.collect.ImmutableMapEntry                                     : loaded 2 times (x 81B)
Class sync_studio_tooling_2evuxgn8lxeikbc02wry2myem                                   : loaded 2 times (x 175B)
Class org.gradle.internal.time.TimeSource                                             : loaded 2 times (x 66B)
Class com.google.common.base.Equivalence                                              : loaded 2 times (x 78B)
Class com.google.common.base.Function                                                 : loaded 2 times (x 66B)
Class com.google.common.collect.ImmutableMapEntry$NonTerminalImmutableMapEntry        : loaded 2 times (x 81B)
Class org.gradle.tooling.internal.gradle.GradleBuildIdentity                          : loaded 2 times (x 66B)
Class kotlin.enums.EnumEntries                                                        : loaded 2 times (x 66B)
Class com.google.common.collect.IndexedImmutableSet$1                                 : loaded 2 times (x 209B)
Class com.google.common.cache.CacheBuilder$OneWeigher                                 : loaded 2 times (x 78B)
Class com.google.common.collect.RegularImmutableList                                  : loaded 2 times (x 209B)
Class org.gradle.internal.exceptions.ResolutionProvider                               : loaded 2 times (x 66B)
Class org.gradle.tooling.model.ProjectIdentifier                                      : loaded 2 times (x 66B)
Class org.gradle.internal.classloader.ClasspathUtil                                   : loaded 2 times (x 67B)
Class org.jetbrains.kotlin.tooling.core.HasExtras                                     : loaded 2 times (x 66B)
Class com.google.common.base.Charsets                                                 : loaded 2 times (x 67B)
Class com.google.common.util.concurrent.Uninterruptibles                              : loaded 2 times (x 67B)
Class com.google.common.collect.Maps                                                  : loaded 2 times (x 67B)
Class org.gradle.internal.time.TimeSource$1                                           : loaded 2 times (x 73B)
Class kotlin.jvm.internal.DefaultConstructorMarker                                    : loaded 2 times (x 67B)
Class org.gradle.api.specs.Spec                                                       : loaded 2 times (x 66B)
Class [Lcom.google.common.collect.ImmutableEntry;                                     : loaded 2 times (x 65B)
Class com.google.common.cache.LocalCache$LoadingValueReference                        : loaded 2 times (x 92B)
Class com.google.common.base.Equivalence$Identity                                     : loaded 2 times (x 78B)
Class org.gradle.internal.time.Clock                                                  : loaded 2 times (x 66B)
Class [Lorg.objectweb.asm.AnnotationWriter;                                           : loaded 2 times (x 65B)
Class com.google.common.collect.Maps$8                                                : loaded 2 times (x 78B)
Class kotlin.collections.AbstractList                                                 : loaded 2 times (x 193B)
Class kotlin.collections.AbstractCollection                                           : loaded 2 times (x 113B)
Class com.google.common.collect.ImmutableRangeSet$Builder                             : loaded 2 times (x 73B)
Class org.jetbrains.kotlin.tooling.core.Extras                                        : loaded 2 times (x 66B)
Class com.google.common.collect.Sets$SetView                                          : loaded 2 times (x 134B)
Class com.google.common.cache.LocalCache$StrongValueReference                         : loaded 2 times (x 86B)
Class com.google.common.util.concurrent.AbstractFuture$SynchronizedHelper             : loaded 2 times (x 74B)
Class org.objectweb.asm.Type                                                          : loaded 2 times (x 68B)
Class org.gradle.internal.classloader.VisitableURLClassLoader$InstrumentingVisitableURLClassLoader: loaded 2 times (x 119B)
Class org.objectweb.asm.ByteVector                                                    : loaded 2 times (x 75B)
Class [Lcom.google.common.cache.CacheBuilder$NullListener;                            : loaded 2 times (x 65B)
Class com.google.common.math.IntMath$1                                                : loaded 2 times (x 67B)
Class org.gradle.internal.classloader.VisitableURLClassLoader$Spec                    : loaded 2 times (x 70B)
Class org.gradle.internal.classpath.DefaultClassPath                                  : loaded 2 times (x 86B)
Class org.objectweb.asm.Symbol                                                        : loaded 2 times (x 69B)
Class com.google.common.base.CharMatcher$Ascii                                        : loaded 2 times (x 108B)
Class com.google.common.base.CharMatcher$BitSetMatcher                                : loaded 2 times (x 108B)
Class com.google.common.collect.ImmutableSet                                          : loaded 2 times (x 141B)
Class com.google.common.collect.RegularImmutableMap$Values                            : loaded 2 times (x 203B)
Class org.gradle.internal.classloader.ClassLoaderSpec                                 : loaded 2 times (x 67B)
Class org.objectweb.asm.AnnotationWriter                                              : loaded 2 times (x 75B)
Class com.google.common.cache.CacheStats                                              : loaded 2 times (x 67B)
Class org.objectweb.asm.RecordComponentWriter                                         : loaded 2 times (x 74B)
Class com.google.common.util.concurrent.AbstractFuture$Listener                       : loaded 2 times (x 68B)
Class com.google.common.base.CharMatcher$Or                                           : loaded 2 times (x 108B)
Class Settings_gradle$1$1                                                             : loaded 2 times (x 70B)
Class kotlin.Unit                                                                     : loaded 2 times (x 67B)
Class org.objectweb.asm.Attribute                                                     : loaded 2 times (x 73B)
Class com.google.common.base.Supplier                                                 : loaded 2 times (x 66B)
Class org.gradle.internal.classloader.VisitableURLClassLoader                         : loaded 2 times (x 113B)
Class com.google.common.util.concurrent.AbstractFuture$Waiter                         : loaded 2 times (x 68B)
Class Settings_gradle                                                                 : loaded 2 times (x 124B)
Class org.gradle.internal.Cast                                                        : loaded 2 times (x 67B)
Class org.gradle.api.Action                                                           : loaded 2 times (x 66B)
Class com.google.common.collect.Sets                                                  : loaded 2 times (x 67B)
Class org.objectweb.asm.Handler                                                       : loaded 2 times (x 68B)
Class com.google.common.base.CharMatcher$FastMatcher                                  : loaded 2 times (x 107B)
Class com.google.common.base.Ticker                                                   : loaded 2 times (x 68B)
Class kotlin.jvm.functions.Function1                                                  : loaded 2 times (x 66B)
Class [Lcom.google.common.cache.LocalCache$Segment;                                   : loaded 2 times (x 65B)
Class com.google.common.base.Predicate                                                : loaded 2 times (x 66B)
Class [Lcom.google.common.cache.LocalCache$Strength;                                  : loaded 2 times (x 65B)
Class com.google.common.cache.CacheBuilder$1                                          : loaded 2 times (x 81B)
Class com.google.common.collect.ImmutableMap                                          : loaded 2 times (x 116B)
Class org.gradle.internal.classpath.DefaultClassPath$ImmutableUniqueList$Builder      : loaded 2 times (x 71B)
Class com.google.common.collect.AbstractRangeSet                                      : loaded 2 times (x 110B)
Class com.google.common.base.CharMatcher$NegatedFastMatcher                           : loaded 2 times (x 109B)
Class com.google.common.cache.LocalCache                                              : loaded 2 times (x 183B)
Class com.google.common.cache.CacheBuilder$2                                          : loaded 2 times (x 75B)
Class com.google.common.collect.ArrayListMultimap                                     : loaded 2 times (x 168B)
Class com.google.common.cache.CacheBuilder$3                                          : loaded 2 times (x 68B)
Class [Lcom.google.common.collect.AbstractMapEntry;                                   : loaded 2 times (x 65B)
Class com.google.common.collect.ImmutableEntry                                        : loaded 2 times (x 78B)
Class org.objectweb.asm.Edge                                                          : loaded 2 times (x 68B)
Class org.gradle.internal.exceptions.NonGradleCauseExceptionsHolder                   : loaded 2 times (x 66B)
Class com.google.common.collect.CollectPreconditions                                  : loaded 2 times (x 67B)
Class com.google.common.collect.SortedMapDifference                                   : loaded 2 times (x 66B)
Class org.jetbrains.plugins.gradle.tooling.ModelBuilderService$Parameter              : loaded 2 times (x 66B)
Class com.google.common.cache.LocalCache$EntryFactory                                 : loaded 2 times (x 79B)
Class org.jetbrains.kotlin.tooling.core.HasMutableExtras                              : loaded 2 times (x 66B)
Class com.google.common.cache.LocalCache$AbstractReferenceEntry                       : loaded 2 times (x 103B)
Class kotlin.enums.EnumEntriesKt                                                      : loaded 2 times (x 67B)
Class org.gradle.internal.IoActions                                                   : loaded 2 times (x 67B)
Class com.google.common.collect.ImmutableRangeSet$ComplementRanges                    : loaded 2 times (x 203B)
Class org.objectweb.asm.SymbolTable                                                   : loaded 2 times (x 68B)
Class com.google.common.cache.CacheLoader$InvalidCacheLoadException                   : loaded 2 times (x 78B)
Class com.google.common.collect.ImmutableSet$RegularSetBuilderImpl                    : loaded 2 times (x 73B)
Class org.gradle.internal.classloader.SystemClassLoaderSpec                           : loaded 2 times (x 67B)
Class com.google.common.cache.LocalCache$StrongEntry                                  : loaded 2 times (x 104B)
Class com.google.common.util.concurrent.AbstractFuture$TrustedFuture                  : loaded 2 times (x 110B)
Class com.google.common.cache.LoadingCache                                            : loaded 2 times (x 66B)
Class org.gradle.internal.exceptions.MultiCauseException                              : loaded 2 times (x 66B)
Class org.gradle.internal.time.CountdownTimer                                         : loaded 2 times (x 66B)
Class kotlin.jvm.internal.Intrinsics                                                  : loaded 2 times (x 67B)
Class org.objectweb.asm.MethodWriter                                                  : loaded 2 times (x 102B)
Class [Lcom.google.common.cache.Weigher;                                              : loaded 2 times (x 65B)
Class com.google.common.collect.RegularImmutableMap$BucketOverflowException           : loaded 2 times (x 78B)
Class org.gradle.tooling.model.ProjectModel                                           : loaded 2 times (x 66B)
Class kotlin.KotlinNullPointerException                                               : loaded 2 times (x 79B)
Class com.google.common.collect.RegularImmutableBiMap                                 : loaded 2 times (x 145B)
Class com.google.common.base.CharMatcher$Negated                                      : loaded 2 times (x 109B)
Class com.google.common.base.CharMatcher$Is                                           : loaded 2 times (x 107B)
Class com.google.common.cache.LocalCache$ValueReference                               : loaded 2 times (x 66B)
Class org.jetbrains.plugins.gradle.model.tests.ExternalTestsModel                     : loaded 2 times (x 66B)
Class org.gradle.internal.exceptions.DefaultMultiCauseException                       : loaded 2 times (x 91B)
Class com.google.common.util.concurrent.AbstractFuture$Failure                        : loaded 2 times (x 68B)
Class com.google.common.base.Equivalence$Equals                                       : loaded 2 times (x 78B)
Class com.google.common.collect.Hashing                                               : loaded 2 times (x 67B)
Class com.google.common.base.Preconditions                                            : loaded 2 times (x 67B)
Class com.google.common.base.Joiner$1                                                 : loaded 2 times (x 76B)
Class org.objectweb.asm.Label                                                         : loaded 2 times (x 69B)
Class org.objectweb.asm.CurrentFrame                                                  : loaded 2 times (x 69B)
Class org.objectweb.asm.ClassTooLargeException                                        : loaded 2 times (x 79B)
Class com.google.common.base.CharMatcher                                              : loaded 2 times (x 107B)
Class com.google.common.collect.PeekingIterator                                       : loaded 2 times (x 66B)
Class org.gradle.internal.time.Time                                                   : loaded 2 times (x 67B)
Class com.google.common.collect.RangeGwtSerializationDependencies                     : loaded 2 times (x 67B)
Class com.google.common.base.Joiner$2                                                 : loaded 2 times (x 75B)
Class org.objectweb.asm.Frame                                                         : loaded 2 times (x 69B)
Class org.objectweb.asm.MethodVisitor                                                 : loaded 2 times (x 101B)
Class com.google.common.base.CharMatcher$1                                            : loaded 2 times (x 109B)
Class com.google.common.base.CharMatcher$NamedFastMatcher                             : loaded 2 times (x 108B)
Class com.google.common.cache.LocalCache$EntryFactory$1                               : loaded 2 times (x 79B)
Class [Lcom.google.common.cache.RemovalListener;                                      : loaded 2 times (x 65B)
Class com.google.common.collect.RangeSet                                              : loaded 2 times (x 66B)
Class com.google.common.cache.LocalCache$EntryFactory$2                               : loaded 2 times (x 79B)
Class org.jetbrains.plugins.gradle.model.DependencyAccessorsModel                     : loaded 2 times (x 66B)
Class org.gradle.api.internal.classpath.GlobalCacheRootsProvider                      : loaded 2 times (x 66B)
Class com.google.common.collect.CollectCollectors                                     : loaded 2 times (x 67B)
Class org.objectweb.asm.ModuleWriter                                                  : loaded 2 times (x 78B)
Class com.google.common.cache.LocalCache$EntryFactory$3                               : loaded 2 times (x 79B)
Class com.google.common.base.Ticker$1                                                 : loaded 2 times (x 68B)
Class com.google.common.collect.Maps$BiMapConverter                                   : loaded 2 times (x 86B)
Class com.google.common.collect.ImmutableMapEntrySet$RegularEntrySet                  : loaded 2 times (x 148B)
Class org.jetbrains.kotlin.idea.gradleTooling.KotlinMPPGradleModel                    : loaded 2 times (x 66B)
Class org.gradle.tooling.model.BuildIdentifier                                        : loaded 2 times (x 66B)
Class com.google.common.base.CharMatcher$InRange                                      : loaded 2 times (x 107B)
Class com.google.common.cache.LocalCache$EntryFactory$4                               : loaded 2 times (x 79B)
Class com.google.common.collect.ImmutableSet$Builder                                  : loaded 2 times (x 81B)
Class org.jetbrains.kotlin.idea.gradleTooling.PrepareKotlinIdeImportTaskModel         : loaded 2 times (x 66B)
Class com.google.common.cache.LocalCache$EntryFactory$5                               : loaded 2 times (x 79B)
Class com.google.common.base.PairwiseEquivalence                                      : loaded 2 times (x 79B)
Class com.google.common.cache.LocalCache$EntryFactory$6                               : loaded 2 times (x 79B)
Class org.gradle.internal.time.Timer                                                  : loaded 2 times (x 66B)
Class kotlin.jvm.internal.markers.KMappedMarker                                       : loaded 2 times (x 66B)
Class org.gradle.internal.installation.CurrentGradleInstallationLocator               : loaded 2 times (x 67B)
Class com.google.common.cache.LocalCache$EntryFactory$7                               : loaded 2 times (x 79B)
Class com.google.common.collect.ImmutableSet$EmptySetBuilderImpl                      : loaded 2 times (x 72B)
Class com.google.common.collect.ImmutableList                                         : loaded 2 times (x 202B)
Class org.gradle.internal.service.DefaultServiceLocator                               : loaded 2 times (x 79B)
Class com.google.common.cache.LocalCache$EntryFactory$8                               : loaded 2 times (x 79B)
Class com.google.common.collect.ImmutableSet$SetBuilderImpl                           : loaded 2 times (x 72B)
Class org.gradle.util.GradleVersion                                                   : loaded 2 times (x 75B)
Class org.gradle.internal.installation.CurrentGradleInstallation                      : loaded 2 times (x 69B)
Class com.google.common.cache.CacheLoader$1                                           : loaded 2 times (x 71B)
Class com.google.common.collect.ImmutableList$SubList                                 : loaded 2 times (x 205B)
Class org.jetbrains.plugins.gradle.javaModel.JavaGradleManifestModel                  : loaded 2 times (x 66B)
Class org.gradle.util.internal.GUtil                                                  : loaded 2 times (x 67B)
Class com.google.common.util.concurrent.AbstractFuture$SetFuture                      : loaded 2 times (x 71B)
Class com.google.common.cache.AbstractCache$StatsCounter                              : loaded 2 times (x 66B)
Class ijInit1_2h7m4u63qa2vcd4m3yy5k827c                                               : loaded 2 times (x 175B)
Class com.google.common.collect.Iterators$MergingIterator                             : loaded 2 times (x 77B)
Class com.google.common.collect.RegularImmutableSet                                   : loaded 2 times (x 145B)
Class org.gradle.internal.installation.GradleInstallation                             : loaded 2 times (x 71B)
Class com.google.common.collect.Iterables                                             : loaded 2 times (x 67B)

---------------  S Y S T E M  ---------------

OS:
 Windows 11 , 64 bit Build 26100 (10.0.26100.7019)
OS uptime: 3 days 4:15 hours
Hyper-V role detected

CPU: total 8 (initial active 8) (4 cores per cpu, 2 threads per core) family 6 model 142 stepping 12 microcode 0xde, cx8, cmov, fxsr, ht, mmx, 3dnowpref, sse, sse2, sse3, ssse3, sse4.1, sse4.2, popcnt, lzcnt, tsc, tscinvbit, avx, avx2, aes, erms, clmul, bmi1, bmi2, adx, fma, vzeroupper, clflush, clflushopt, hv, rdtscp, f16c
Processor Information for the first 8 processors :
  Max Mhz: 2304, Current Mhz: 1803, Mhz Limit: 1797

Memory: 4k page, system-wide physical 7990M (515M free)
TotalPageFile size 16182M (AvailPageFile size 4M)
current process WorkingSet (physical memory assigned to process): 484M, peak: 484M
current process commit charge ("private bytes"): 579M, peak: 580M

vm_info: OpenJDK 64-Bit Server VM (21.0.6+-13391695-b895.109) for windows-amd64 JRE (21.0.6+-13391695-b895.109), built on 2025-04-22T21:19:17Z by "builder" with MS VC++ 16.10 / 16.11 (VS2019)

END.
