#
# There is insufficient memory for the Java Runtime Environment to continue.
# Native memory allocation (malloc) failed to allocate 1530336 bytes. Error detail: Chunk::new
# Possible reasons:
#   The system is out of physical RAM or swap space
#   This process is running with CompressedOops enabled, and the Java Heap may be blocking the growth of the native heap
# Possible solutions:
#   Reduce memory load on the system
#   Increase physical memory or swap space
#   Check if swap backing store is full
#   Decrease Java heap size (-Xmx/-Xms)
#   Decrease number of Java threads
#   Decrease Java thread stack sizes (-Xss)
#   Set larger code cache with -XX:ReservedCodeCacheSize=
#   JVM is running with Unscaled Compressed Oops mode in which the Java heap is
#     placed in the first 4GB address space. The Java Heap base address is the
#     maximum limit for the native heap growth. Please use -XX:HeapBaseMinAddress
#     to set the Java Heap base and to place the Java Heap above 4GB virtual address.
# This output file may be truncated or incomplete.
#
#  Out of Memory Error (arena.cpp:168), pid=4276, tid=21672
#
# JRE version: OpenJDK Runtime Environment (21.0.6) (build 21.0.6+-13391695-b895.109)
# Java VM: OpenJDK 64-Bit Server VM (21.0.6+-13391695-b895.109, mixed mode, tiered, compressed oops, compressed class ptrs, g1 gc, windows-amd64)
# No core dump will be written. Minidumps are not enabled by default on client versions of Windows
#

---------------  S U M M A R Y ------------

Command Line: --add-opens=java.base/java.lang=ALL-UNNAMED --add-opens=java.base/java.lang.invoke=ALL-UNNAMED --add-opens=java.base/java.util=ALL-UNNAMED --add-opens=java.prefs/java.util.prefs=ALL-UNNAMED --add-exports=jdk.compiler/com.sun.tools.javac.api=ALL-UNNAMED --add-exports=jdk.compiler/com.sun.tools.javac.util=ALL-UNNAMED --add-opens=java.base/java.util=ALL-UNNAMED --add-opens=java.prefs/java.util.prefs=ALL-UNNAMED --add-opens=java.base/java.nio.charset=ALL-UNNAMED --add-opens=java.base/java.net=ALL-UNNAMED --add-opens=java.base/java.util.concurrent.atomic=ALL-UNNAMED --add-opens=java.xml/javax.xml.namespace=ALL-UNNAMED -Xmx2048m -Dfile.encoding=UTF-8 -Duser.country=US -Duser.language=en -Duser.variant -javaagent:C:\Users\Asus\Downloads\gradle\gradle-9.0.0\wrapper\dists\gradle-8.13-bin\5xuhj0ry160q40clulazy9h7d\gradle-8.13\lib\agents\gradle-instrumentation-agent-8.13.jar org.gradle.launcher.daemon.bootstrap.GradleDaemon 8.13

Host: Intel(R) Core(TM) i7-10510U CPU @ 1.80GHz, 8 cores, 7G,  Windows 11 , 64 bit Build 26100 (10.0.26100.7705)
Time: Fri Feb 27 14:34:27 2026 SE Asia Standard Time elapsed time: 50.492109 seconds (0d 0h 0m 50s)

---------------  T H R E A D  ---------------

Current thread (0x000001db5bf96f80):  JavaThread "C2 CompilerThread1" daemon [_thread_in_native, id=21672, stack(0x0000008a73a00000,0x0000008a73b00000) (1024K)]


Current CompileTask:
C2:50492 12870       4       java.net.URLClassLoader$1::run (5 bytes)

Stack: [0x0000008a73a00000,0x0000008a73b00000]
Native frames: (J=compiled Java code, j=interpreted, Vv=VM code, C=native code)
V  [jvm.dll+0x6d0639]
V  [jvm.dll+0x85eb03]
V  [jvm.dll+0x86105e]
V  [jvm.dll+0x861743]
V  [jvm.dll+0x27e6e6]
V  [jvm.dll+0xbff6d]
V  [jvm.dll+0xc04a3]
V  [jvm.dll+0x3b61ab]
V  [jvm.dll+0x3820c7]
V  [jvm.dll+0x38153a]
V  [jvm.dll+0x247c82]
V  [jvm.dll+0x247251]
V  [jvm.dll+0x1c5f04]
V  [jvm.dll+0x2569ac]
V  [jvm.dll+0x254ef6]
V  [jvm.dll+0x3f0e96]
V  [jvm.dll+0x806ed8]
V  [jvm.dll+0x6cef0d]
C  [ucrtbase.dll+0x37b0]
C  [KERNEL32.DLL+0x2e8d7]
C  [ntdll.dll+0x8c40c]


---------------  P R O C E S S  ---------------

Threads class SMR info:
_java_thread_list=0x000001db5f1c95a0, length=82, elements={
0x000001db3aa46190, 0x000001db54551a00, 0x000001db54553460, 0x000001db54568ad0,
0x000001db54569520, 0x000001db54569f70, 0x000001db5456a9c0, 0x000001db54573750,
0x000001db545776e0, 0x000001db545937f0, 0x000001db5487bb30, 0x000001db59db3c00,
0x000001db5488fac0, 0x000001db5aa6a860, 0x000001db5a94b460, 0x000001db5a952090,
0x000001db5ab05650, 0x000001db5ab06e00, 0x000001db5abc5480, 0x000001db5abc5b10,
0x000001db5abc4760, 0x000001db5abc40d0, 0x000001db5abc4df0, 0x000001db5abc61a0,
0x000001db5abc6830, 0x000001db5abc6ec0, 0x000001db5abc3a40, 0x000001db5b6f7d20,
0x000001db5b6f83b0, 0x000001db5b6f9df0, 0x000001db5b6f90d0, 0x000001db5b6f8a40,
0x000001db5b6f9760, 0x000001db5b6fa480, 0x000001db5b6f7000, 0x000001db5b6f7690,
0x000001db5b198080, 0x000001db5b199ac0, 0x000001db5b19a150, 0x000001db5b198da0,
0x000001db5b19b500, 0x000001db5b198710, 0x000001db5b19c220, 0x000001db5b19c8b0,
0x000001db5b19d5d0, 0x000001db5b19dc60, 0x000001db5d807ef0, 0x000001db5d809930,
0x000001db5d80ace0, 0x000001db5d80a650, 0x000001db5d809fc0, 0x000001db5d807860,
0x000001db5d808c10, 0x000001db5d80b370, 0x000001db5d80ba00, 0x000001db5d808580,
0x000001db5d80c090, 0x000001db5d80c720, 0x000001db5cdfdb30, 0x000001db5cdfba60,
0x000001db5cdfc0f0, 0x000001db5cdfe1c0, 0x000001db5cdfce10, 0x000001db5cdfad40,
0x000001db5cdfd4a0, 0x000001db5cdfc780, 0x000001db5cdfe850, 0x000001db5cdfb3d0,
0x000001db5ce00920, 0x000001db5cdfeee0, 0x000001db5ce02360, 0x000001db5ce00290,
0x000001db5ce00fb0, 0x000001db5ce01640, 0x000001db5ce01cd0, 0x000001db5bea19d0,
0x000001db5bea3aa0, 0x000001db5bea3410, 0x000001db5bea1340, 0x000001db5bea54e0,
0x000001db5bea5b70, 0x000001db5bf96f80
}

Java Threads: ( => current thread )
  0x000001db3aa46190 JavaThread "main"                              [_thread_blocked, id=16644, stack(0x0000008a6da00000,0x0000008a6db00000) (1024K)]
  0x000001db54551a00 JavaThread "Reference Handler"          daemon [_thread_blocked, id=9532, stack(0x0000008a6e200000,0x0000008a6e300000) (1024K)]
  0x000001db54553460 JavaThread "Finalizer"                  daemon [_thread_blocked, id=19188, stack(0x0000008a6e300000,0x0000008a6e400000) (1024K)]
  0x000001db54568ad0 JavaThread "Signal Dispatcher"          daemon [_thread_blocked, id=10108, stack(0x0000008a6e400000,0x0000008a6e500000) (1024K)]
  0x000001db54569520 JavaThread "Attach Listener"            daemon [_thread_blocked, id=20596, stack(0x0000008a6e500000,0x0000008a6e600000) (1024K)]
  0x000001db54569f70 JavaThread "Service Thread"             daemon [_thread_blocked, id=19048, stack(0x0000008a6e600000,0x0000008a6e700000) (1024K)]
  0x000001db5456a9c0 JavaThread "Monitor Deflation Thread"   daemon [_thread_blocked, id=10444, stack(0x0000008a6e700000,0x0000008a6e800000) (1024K)]
  0x000001db54573750 JavaThread "C2 CompilerThread0"         daemon [_thread_in_native, id=20036, stack(0x0000008a6e800000,0x0000008a6e900000) (1024K)]
  0x000001db545776e0 JavaThread "C1 CompilerThread0"         daemon [_thread_blocked, id=2960, stack(0x0000008a6e900000,0x0000008a6ea00000) (1024K)]
  0x000001db545937f0 JavaThread "Common-Cleaner"             daemon [_thread_blocked, id=20540, stack(0x0000008a6ea00000,0x0000008a6eb00000) (1024K)]
  0x000001db5487bb30 JavaThread "Notification Thread"        daemon [_thread_blocked, id=16752, stack(0x0000008a6eb00000,0x0000008a6ec00000) (1024K)]
  0x000001db59db3c00 JavaThread "Daemon health stats"               [_thread_blocked, id=14648, stack(0x0000008a6f100000,0x0000008a6f200000) (1024K)]
  0x000001db5488fac0 JavaThread "Incoming local TCP Connector on port 54818"        [_thread_in_native, id=16768, stack(0x0000008a6ec00000,0x0000008a6ed00000) (1024K)]
  0x000001db5aa6a860 JavaThread "Daemon periodic checks"            [_thread_blocked, id=6924, stack(0x0000008a6f500000,0x0000008a6f600000) (1024K)]
  0x000001db5a94b460 JavaThread "Daemon"                            [_thread_blocked, id=1388, stack(0x0000008a6f600000,0x0000008a6f700000) (1024K)]
  0x000001db5a952090 JavaThread "Handler for socket connection from /127.0.0.1:54818 to /127.0.0.1:54819"        [_thread_in_native, id=20628, stack(0x0000008a6f700000,0x0000008a6f800000) (1024K)]
  0x000001db5ab05650 JavaThread "Cancel handler"                    [_thread_blocked, id=6328, stack(0x0000008a6f900000,0x0000008a6fa00000) (1024K)]
  0x000001db5ab06e00 JavaThread "Daemon worker"                     [_thread_in_native, id=10144, stack(0x0000008a6fa00000,0x0000008a6fb00000) (1024K)]
  0x000001db5abc5480 JavaThread "Asynchronous log dispatcher for DefaultDaemonConnection: socket connection from /127.0.0.1:54818 to /127.0.0.1:54819"        [_thread_blocked, id=14960, stack(0x0000008a6fb00000,0x0000008a6fc00000) (1024K)]
  0x000001db5abc5b10 JavaThread "Stdin handler"                     [_thread_blocked, id=18292, stack(0x0000008a6fc00000,0x0000008a6fd00000) (1024K)]
  0x000001db5abc4760 JavaThread "Daemon client event forwarder"        [_thread_blocked, id=14888, stack(0x0000008a6fd00000,0x0000008a6fe00000) (1024K)]
  0x000001db5abc40d0 JavaThread "Cache worker for journal cache (C:\Users\Asus\Downloads\gradle\gradle-9.0.0\caches\journal-1)"        [_thread_blocked, id=16252, stack(0x0000008a6f800000,0x0000008a6f900000) (1024K)]
  0x000001db5abc4df0 JavaThread "File lock request listener"        [_thread_in_native, id=17980, stack(0x0000008a6ff00000,0x0000008a70000000) (1024K)]
  0x000001db5abc61a0 JavaThread "Cache worker for file hash cache (C:\Users\Asus\Downloads\gradle\gradle-9.0.0\caches\8.13\fileHashes)"        [_thread_blocked, id=18552, stack(0x0000008a70000000,0x0000008a70100000) (1024K)]
  0x000001db5abc6830 JavaThread "Cache worker for file hash cache (D:\Dicoding\Belajar Fundamental Aplikasi Android\GPT\15. Latihan SQLite\.gradle\8.13\fileHashes)"        [_thread_blocked, id=21320, stack(0x0000008a70200000,0x0000008a70300000) (1024K)]
  0x000001db5abc6ec0 JavaThread "Cache worker for Build Output Cleanup Cache (D:\Dicoding\Belajar Fundamental Aplikasi Android\GPT\15. Latihan SQLite\.gradle\buildOutputCleanup)"        [_thread_blocked, id=22112, stack(0x0000008a70300000,0x0000008a70400000) (1024K)]
  0x000001db5abc3a40 JavaThread "File watcher server"        daemon [_thread_in_native, id=19568, stack(0x0000008a70100000,0x0000008a70200000) (1024K)]
  0x000001db5b6f7d20 JavaThread "File watcher consumer"      daemon [_thread_blocked, id=22000, stack(0x0000008a70400000,0x0000008a70500000) (1024K)]
  0x000001db5b6f83b0 JavaThread "jar transforms"                    [_thread_blocked, id=11836, stack(0x0000008a70500000,0x0000008a70600000) (1024K)]
  0x000001db5b6f9df0 JavaThread "jar transforms Thread 2"           [_thread_blocked, id=18876, stack(0x0000008a70600000,0x0000008a70700000) (1024K)]
  0x000001db5b6f90d0 JavaThread "jar transforms Thread 3"           [_thread_blocked, id=13880, stack(0x0000008a70700000,0x0000008a70800000) (1024K)]
  0x000001db5b6f8a40 JavaThread "jar transforms Thread 4"           [_thread_blocked, id=8120, stack(0x0000008a70800000,0x0000008a70900000) (1024K)]
  0x000001db5b6f9760 JavaThread "jar transforms Thread 5"           [_thread_blocked, id=3588, stack(0x0000008a70900000,0x0000008a70a00000) (1024K)]
  0x000001db5b6fa480 JavaThread "jar transforms Thread 6"           [_thread_blocked, id=564, stack(0x0000008a70a00000,0x0000008a70b00000) (1024K)]
  0x000001db5b6f7000 JavaThread "jar transforms Thread 7"           [_thread_blocked, id=22376, stack(0x0000008a70b00000,0x0000008a70c00000) (1024K)]
  0x000001db5b6f7690 JavaThread "jar transforms Thread 8"           [_thread_blocked, id=19952, stack(0x0000008a70c00000,0x0000008a70d00000) (1024K)]
  0x000001db5b198080 JavaThread "Cache worker for checksums cache (D:\Dicoding\Belajar Fundamental Aplikasi Android\GPT\15. Latihan SQLite\.gradle\8.13\checksums)"        [_thread_blocked, id=17564, stack(0x0000008a70f00000,0x0000008a71000000) (1024K)]
  0x000001db5b199ac0 JavaThread "Cache worker for file content cache (C:\Users\Asus\Downloads\gradle\gradle-9.0.0\caches\8.13\fileContent)"        [_thread_blocked, id=15052, stack(0x0000008a71000000,0x0000008a71100000) (1024K)]
  0x000001db5b19a150 JavaThread "Cache worker for cache directory md-supplier (C:\Users\Asus\Downloads\gradle\gradle-9.0.0\caches\8.13\md-supplier)"        [_thread_blocked, id=14164, stack(0x0000008a70e00000,0x0000008a70f00000) (1024K)]
  0x000001db5b198da0 JavaThread "Cache worker for cache directory md-rule (C:\Users\Asus\Downloads\gradle\gradle-9.0.0\caches\8.13\md-rule)"        [_thread_blocked, id=21600, stack(0x0000008a71100000,0x0000008a71200000) (1024K)]
  0x000001db5b19b500 JavaThread "Unconstrained build operations"        [_thread_blocked, id=21920, stack(0x0000008a71200000,0x0000008a71300000) (1024K)]
  0x000001db5b198710 JavaThread "Unconstrained build operations Thread 2"        [_thread_blocked, id=6068, stack(0x0000008a71300000,0x0000008a71400000) (1024K)]
  0x000001db5b19c220 JavaThread "Unconstrained build operations Thread 3"        [_thread_blocked, id=20176, stack(0x0000008a71400000,0x0000008a71500000) (1024K)]
  0x000001db5b19c8b0 JavaThread "Unconstrained build operations Thread 4"        [_thread_blocked, id=5652, stack(0x0000008a71500000,0x0000008a71600000) (1024K)]
  0x000001db5b19d5d0 JavaThread "Unconstrained build operations Thread 5"        [_thread_blocked, id=18532, stack(0x0000008a71600000,0x0000008a71700000) (1024K)]
  0x000001db5b19dc60 JavaThread "Unconstrained build operations Thread 6"        [_thread_blocked, id=9880, stack(0x0000008a71700000,0x0000008a71800000) (1024K)]
  0x000001db5d807ef0 JavaThread "Unconstrained build operations Thread 7"        [_thread_blocked, id=16048, stack(0x0000008a71800000,0x0000008a71900000) (1024K)]
  0x000001db5d809930 JavaThread "Unconstrained build operations Thread 8"        [_thread_blocked, id=11552, stack(0x0000008a71900000,0x0000008a71a00000) (1024K)]
  0x000001db5d80ace0 JavaThread "Unconstrained build operations Thread 9"        [_thread_blocked, id=22328, stack(0x0000008a71a00000,0x0000008a71b00000) (1024K)]
  0x000001db5d80a650 JavaThread "Unconstrained build operations Thread 10"        [_thread_blocked, id=9908, stack(0x0000008a71b00000,0x0000008a71c00000) (1024K)]
  0x000001db5d809fc0 JavaThread "Unconstrained build operations Thread 11"        [_thread_blocked, id=21028, stack(0x0000008a71c00000,0x0000008a71d00000) (1024K)]
  0x000001db5d807860 JavaThread "Unconstrained build operations Thread 12"        [_thread_blocked, id=19220, stack(0x0000008a71d00000,0x0000008a71e00000) (1024K)]
  0x000001db5d808c10 JavaThread "Unconstrained build operations Thread 13"        [_thread_blocked, id=2148, stack(0x0000008a71e00000,0x0000008a71f00000) (1024K)]
  0x000001db5d80b370 JavaThread "Unconstrained build operations Thread 14"        [_thread_blocked, id=11616, stack(0x0000008a71f00000,0x0000008a72000000) (1024K)]
  0x000001db5d80ba00 JavaThread "Unconstrained build operations Thread 15"        [_thread_blocked, id=18220, stack(0x0000008a72000000,0x0000008a72100000) (1024K)]
  0x000001db5d808580 JavaThread "Unconstrained build operations Thread 16"        [_thread_blocked, id=18516, stack(0x0000008a72100000,0x0000008a72200000) (1024K)]
  0x000001db5d80c090 JavaThread "Unconstrained build operations Thread 17"        [_thread_blocked, id=5528, stack(0x0000008a72200000,0x0000008a72300000) (1024K)]
  0x000001db5d80c720 JavaThread "Unconstrained build operations Thread 18"        [_thread_blocked, id=16416, stack(0x0000008a72300000,0x0000008a72400000) (1024K)]
  0x000001db5cdfdb30 JavaThread "Unconstrained build operations Thread 19"        [_thread_blocked, id=21996, stack(0x0000008a72500000,0x0000008a72600000) (1024K)]
  0x000001db5cdfba60 JavaThread "Unconstrained build operations Thread 20"        [_thread_blocked, id=8452, stack(0x0000008a72600000,0x0000008a72700000) (1024K)]
  0x000001db5cdfc0f0 JavaThread "Unconstrained build operations Thread 21"        [_thread_blocked, id=2116, stack(0x0000008a72700000,0x0000008a72800000) (1024K)]
  0x000001db5cdfe1c0 JavaThread "Unconstrained build operations Thread 22"        [_thread_blocked, id=20444, stack(0x0000008a72800000,0x0000008a72900000) (1024K)]
  0x000001db5cdfce10 JavaThread "Unconstrained build operations Thread 23"        [_thread_blocked, id=18828, stack(0x0000008a72900000,0x0000008a72a00000) (1024K)]
  0x000001db5cdfad40 JavaThread "Unconstrained build operations Thread 24"        [_thread_blocked, id=15396, stack(0x0000008a72a00000,0x0000008a72b00000) (1024K)]
  0x000001db5cdfd4a0 JavaThread "Unconstrained build operations Thread 25"        [_thread_blocked, id=8716, stack(0x0000008a72b00000,0x0000008a72c00000) (1024K)]
  0x000001db5cdfc780 JavaThread "Unconstrained build operations Thread 26"        [_thread_blocked, id=9656, stack(0x0000008a72400000,0x0000008a72500000) (1024K)]
  0x000001db5cdfe850 JavaThread "Unconstrained build operations Thread 27"        [_thread_blocked, id=14384, stack(0x0000008a72c00000,0x0000008a72d00000) (1024K)]
  0x000001db5cdfb3d0 JavaThread "Unconstrained build operations Thread 28"        [_thread_blocked, id=8864, stack(0x0000008a72d00000,0x0000008a72e00000) (1024K)]
  0x000001db5ce00920 JavaThread "Unconstrained build operations Thread 29"        [_thread_blocked, id=9116, stack(0x0000008a72e00000,0x0000008a72f00000) (1024K)]
  0x000001db5cdfeee0 JavaThread "Unconstrained build operations Thread 30"        [_thread_blocked, id=3880, stack(0x0000008a72f00000,0x0000008a73000000) (1024K)]
  0x000001db5ce02360 JavaThread "Unconstrained build operations Thread 31"        [_thread_blocked, id=21772, stack(0x0000008a73000000,0x0000008a73100000) (1024K)]
  0x000001db5ce00290 JavaThread "Unconstrained build operations Thread 32"        [_thread_blocked, id=16284, stack(0x0000008a73100000,0x0000008a73200000) (1024K)]
  0x000001db5ce00fb0 JavaThread "Unconstrained build operations Thread 33"        [_thread_blocked, id=22176, stack(0x0000008a73300000,0x0000008a73400000) (1024K)]
  0x000001db5ce01640 JavaThread "Unconstrained build operations Thread 34"        [_thread_blocked, id=4760, stack(0x0000008a73400000,0x0000008a73500000) (1024K)]
  0x000001db5ce01cd0 JavaThread "Unconstrained build operations Thread 35"        [_thread_blocked, id=20588, stack(0x0000008a73500000,0x0000008a73600000) (1024K)]
  0x000001db5bea19d0 JavaThread "Unconstrained build operations Thread 36"        [_thread_blocked, id=22212, stack(0x0000008a73600000,0x0000008a73700000) (1024K)]
  0x000001db5bea3aa0 JavaThread "Unconstrained build operations Thread 37"        [_thread_blocked, id=14728, stack(0x0000008a73700000,0x0000008a73800000) (1024K)]
  0x000001db5bea3410 JavaThread "Unconstrained build operations Thread 38"        [_thread_blocked, id=1328, stack(0x0000008a73800000,0x0000008a73900000) (1024K)]
  0x000001db5bea1340 JavaThread "Unconstrained build operations Thread 39"        [_thread_blocked, id=18440, stack(0x0000008a73900000,0x0000008a73a00000) (1024K)]
  0x000001db5bea54e0 JavaThread "Memory manager"                    [_thread_blocked, id=15792, stack(0x0000008a73200000,0x0000008a73300000) (1024K)]
  0x000001db5bea5b70 JavaThread "build event listener"              [_thread_blocked, id=19964, stack(0x0000008a73b00000,0x0000008a73c00000) (1024K)]
=>0x000001db5bf96f80 JavaThread "C2 CompilerThread1"         daemon [_thread_in_native, id=21672, stack(0x0000008a73a00000,0x0000008a73b00000) (1024K)]
Total: 82

Other Threads:
  0x000001db544cb790 VMThread "VM Thread"                           [id=17500, stack(0x0000008a6e100000,0x0000008a6e200000) (1024K)]
  0x000001db54333d30 WatcherThread "VM Periodic Task Thread"        [id=14060, stack(0x0000008a6e000000,0x0000008a6e100000) (1024K)]
  0x000001db3ccd6690 WorkerThread "GC Thread#0"                     [id=14220, stack(0x0000008a6db00000,0x0000008a6dc00000) (1024K)]
  0x000001db591c7040 WorkerThread "GC Thread#1"                     [id=22332, stack(0x0000008a6ed00000,0x0000008a6ee00000) (1024K)]
  0x000001db591c73e0 WorkerThread "GC Thread#2"                     [id=20620, stack(0x0000008a6ee00000,0x0000008a6ef00000) (1024K)]
  0x000001db5a041960 WorkerThread "GC Thread#3"                     [id=16224, stack(0x0000008a6ef00000,0x0000008a6f000000) (1024K)]
  0x000001db5a041d00 WorkerThread "GC Thread#4"                     [id=7240, stack(0x0000008a6f000000,0x0000008a6f100000) (1024K)]
  0x000001db5a93a650 WorkerThread "GC Thread#5"                     [id=2120, stack(0x0000008a6f200000,0x0000008a6f300000) (1024K)]
  0x000001db5a9135f0 WorkerThread "GC Thread#6"                     [id=21740, stack(0x0000008a6f300000,0x0000008a6f400000) (1024K)]
  0x000001db5a914db0 WorkerThread "GC Thread#7"                     [id=21592, stack(0x0000008a6f400000,0x0000008a6f500000) (1024K)]
  0x000001db3cce8b60 ConcurrentGCThread "G1 Main Marker"            [id=20268, stack(0x0000008a6dc00000,0x0000008a6dd00000) (1024K)]
  0x000001db3cce9570 WorkerThread "G1 Conc#0"                       [id=19052, stack(0x0000008a6dd00000,0x0000008a6de00000) (1024K)]
  0x000001db5a914a10 WorkerThread "G1 Conc#1"                       [id=5956, stack(0x0000008a6fe00000,0x0000008a6ff00000) (1024K)]
  0x000001db542006f0 ConcurrentGCThread "G1 Refine#0"               [id=16440, stack(0x0000008a6de00000,0x0000008a6df00000) (1024K)]
  0x000001db54201170 ConcurrentGCThread "G1 Service"                [id=21256, stack(0x0000008a6df00000,0x0000008a6e000000) (1024K)]
Total: 15

Threads with active compile tasks:
C2 CompilerThread0  50623 12864   !   4       java.net.URLClassLoader::findClass (47 bytes)
C2 CompilerThread1  50623 12870       4       java.net.URLClassLoader$1::run (5 bytes)
Total: 2

VM state: not at safepoint (normal execution)

VM Mutex/Monitor currently owned by a thread: None

Heap address: 0x0000000080000000, size: 2048 MB, Compressed Oops mode: 32-bit

CDS archive(s) not mapped
Compressed class space mapped at: 0x0000000100000000-0x0000000140000000, reserved size: 1073741824
Narrow klass base: 0x0000000000000000, Narrow klass shift: 3, Narrow klass range: 0x140000000

GC Precious Log:
 CardTable entry size: 512
 Card Set container configuration: InlinePtr #cards 5 size 8 Array Of Cards #cards 12 size 40 Howl #buckets 4 coarsen threshold 1843 Howl Bitmap #cards 512 size 80 coarsen threshold 460 Card regions per heap region 1 cards per card region 2048
 CPUs: 8 total, 8 available
 Memory: 7990M
 Large Page Support: Disabled
 NUMA Support: Disabled
 Compressed Oops: Enabled (32-bit)
 Heap Region Size: 1M
 Heap Min Capacity: 8M
 Heap Initial Capacity: 126M
 Heap Max Capacity: 2G
 Pre-touch: Disabled
 Parallel Workers: 8
 Concurrent Workers: 2
 Concurrent Refinement Workers: 8
 Periodic GC: Disabled

Heap:
 garbage-first heap   total 271360K, used 188036K [0x0000000080000000, 0x0000000100000000)
  region size 1024K, 33 young (33792K), 6 survivors (6144K)
 Metaspace       used 115371K, committed 117568K, reserved 1179648K
  class space    used 15428K, committed 16576K, reserved 1048576K

Heap Regions: E=young(eden), S=young(survivor), O=old, HS=humongous(starts), HC=humongous(continues), CS=collection set, F=free, TAMS=top-at-mark-start, PB=parsable bottom
|   0|0x0000000080000000, 0x0000000080100000, 0x0000000080100000|100%|HS|  |TAMS 0x0000000080000000| PB 0x0000000080000000| Complete 
|   1|0x0000000080100000, 0x0000000080200000, 0x0000000080200000|100%|HC|  |TAMS 0x0000000080100000| PB 0x0000000080100000| Complete 
|   2|0x0000000080200000, 0x0000000080300000, 0x0000000080300000|100%|HC|  |TAMS 0x0000000080200000| PB 0x0000000080200000| Complete 
|   3|0x0000000080300000, 0x0000000080400000, 0x0000000080400000|100%| O|  |TAMS 0x0000000080300000| PB 0x0000000080300000| Untracked 
|   4|0x0000000080400000, 0x0000000080500000, 0x0000000080500000|100%| O|  |TAMS 0x0000000080400000| PB 0x0000000080400000| Untracked 
|   5|0x0000000080500000, 0x0000000080600000, 0x0000000080600000|100%| O|  |TAMS 0x0000000080500000| PB 0x0000000080500000| Untracked 
|   6|0x0000000080600000, 0x0000000080700000, 0x0000000080700000|100%|HS|  |TAMS 0x0000000080600000| PB 0x0000000080600000| Complete 
|   7|0x0000000080700000, 0x0000000080800000, 0x0000000080800000|100%| O|  |TAMS 0x0000000080700000| PB 0x0000000080700000| Untracked 
|   8|0x0000000080800000, 0x0000000080900000, 0x0000000080900000|100%| O|  |TAMS 0x0000000080800000| PB 0x0000000080800000| Untracked 
|   9|0x0000000080900000, 0x0000000080a00000, 0x0000000080a00000|100%| O|  |TAMS 0x0000000080900000| PB 0x0000000080900000| Untracked 
|  10|0x0000000080a00000, 0x0000000080b00000, 0x0000000080b00000|100%| O|  |TAMS 0x0000000080a00000| PB 0x0000000080a00000| Untracked 
|  11|0x0000000080b00000, 0x0000000080c00000, 0x0000000080c00000|100%| O|  |TAMS 0x0000000080b00000| PB 0x0000000080b00000| Untracked 
|  12|0x0000000080c00000, 0x0000000080d00000, 0x0000000080d00000|100%| O|  |TAMS 0x0000000080c00000| PB 0x0000000080c00000| Untracked 
|  13|0x0000000080d00000, 0x0000000080e00000, 0x0000000080e00000|100%| O|  |TAMS 0x0000000080d00000| PB 0x0000000080d00000| Untracked 
|  14|0x0000000080e00000, 0x0000000080f00000, 0x0000000080f00000|100%| O|  |TAMS 0x0000000080e00000| PB 0x0000000080e00000| Untracked 
|  15|0x0000000080f00000, 0x0000000081000000, 0x0000000081000000|100%| O|  |TAMS 0x0000000080f00000| PB 0x0000000080f00000| Untracked 
|  16|0x0000000081000000, 0x0000000081100000, 0x0000000081100000|100%| O|  |TAMS 0x0000000081000000| PB 0x0000000081000000| Untracked 
|  17|0x0000000081100000, 0x0000000081200000, 0x0000000081200000|100%| O|  |TAMS 0x0000000081100000| PB 0x0000000081100000| Untracked 
|  18|0x0000000081200000, 0x0000000081300000, 0x0000000081300000|100%| O|  |TAMS 0x0000000081200000| PB 0x0000000081200000| Untracked 
|  19|0x0000000081300000, 0x0000000081400000, 0x0000000081400000|100%| O|  |TAMS 0x0000000081300000| PB 0x0000000081300000| Untracked 
|  20|0x0000000081400000, 0x0000000081500000, 0x0000000081500000|100%|HS|  |TAMS 0x0000000081400000| PB 0x0000000081400000| Complete 
|  21|0x0000000081500000, 0x0000000081600000, 0x0000000081600000|100%| O|  |TAMS 0x0000000081500000| PB 0x0000000081500000| Untracked 
|  22|0x0000000081600000, 0x0000000081700000, 0x0000000081700000|100%|HS|  |TAMS 0x0000000081600000| PB 0x0000000081600000| Complete 
|  23|0x0000000081700000, 0x0000000081800000, 0x0000000081800000|100%|HC|  |TAMS 0x0000000081700000| PB 0x0000000081700000| Complete 
|  24|0x0000000081800000, 0x0000000081900000, 0x0000000081900000|100%|HC|  |TAMS 0x0000000081800000| PB 0x0000000081800000| Complete 
|  25|0x0000000081900000, 0x0000000081a00000, 0x0000000081a00000|100%|HC|  |TAMS 0x0000000081900000| PB 0x0000000081900000| Complete 
|  26|0x0000000081a00000, 0x0000000081b00000, 0x0000000081b00000|100%|HC|  |TAMS 0x0000000081a00000| PB 0x0000000081a00000| Complete 
|  27|0x0000000081b00000, 0x0000000081c00000, 0x0000000081c00000|100%|HC|  |TAMS 0x0000000081b00000| PB 0x0000000081b00000| Complete 
|  28|0x0000000081c00000, 0x0000000081d00000, 0x0000000081d00000|100%|HS|  |TAMS 0x0000000081c00000| PB 0x0000000081c00000| Complete 
|  29|0x0000000081d00000, 0x0000000081e00000, 0x0000000081e00000|100%|HS|  |TAMS 0x0000000081d00000| PB 0x0000000081d00000| Complete 
|  30|0x0000000081e00000, 0x0000000081f00000, 0x0000000081f00000|100%|HC|  |TAMS 0x0000000081e00000| PB 0x0000000081e00000| Complete 
|  31|0x0000000081f00000, 0x0000000082000000, 0x0000000082000000|100%|HC|  |TAMS 0x0000000081f00000| PB 0x0000000081f00000| Complete 
|  32|0x0000000082000000, 0x0000000082100000, 0x0000000082100000|100%|HC|  |TAMS 0x0000000082000000| PB 0x0000000082000000| Complete 
|  33|0x0000000082100000, 0x0000000082200000, 0x0000000082200000|100%|HS|  |TAMS 0x0000000082100000| PB 0x0000000082100000| Complete 
|  34|0x0000000082200000, 0x0000000082300000, 0x0000000082300000|100%|HC|  |TAMS 0x0000000082200000| PB 0x0000000082200000| Complete 
|  35|0x0000000082300000, 0x0000000082400000, 0x0000000082400000|100%|HS|  |TAMS 0x0000000082300000| PB 0x0000000082300000| Complete 
|  36|0x0000000082400000, 0x0000000082500000, 0x0000000082500000|100%|HS|  |TAMS 0x0000000082400000| PB 0x0000000082400000| Complete 
|  37|0x0000000082500000, 0x0000000082600000, 0x0000000082600000|100%|HC|  |TAMS 0x0000000082500000| PB 0x0000000082500000| Complete 
|  38|0x0000000082600000, 0x0000000082700000, 0x0000000082700000|100%|HC|  |TAMS 0x0000000082600000| PB 0x0000000082600000| Complete 
|  39|0x0000000082700000, 0x0000000082800000, 0x0000000082800000|100%|HC|  |TAMS 0x0000000082700000| PB 0x0000000082700000| Complete 
|  40|0x0000000082800000, 0x0000000082900000, 0x0000000082900000|100%|HC|  |TAMS 0x0000000082800000| PB 0x0000000082800000| Complete 
|  41|0x0000000082900000, 0x0000000082a00000, 0x0000000082a00000|100%|HC|  |TAMS 0x0000000082900000| PB 0x0000000082900000| Complete 
|  42|0x0000000082a00000, 0x0000000082b00000, 0x0000000082b00000|100%|HS|  |TAMS 0x0000000082a00000| PB 0x0000000082a00000| Complete 
|  43|0x0000000082b00000, 0x0000000082c00000, 0x0000000082c00000|100%|HS|  |TAMS 0x0000000082b00000| PB 0x0000000082b00000| Complete 
|  44|0x0000000082c00000, 0x0000000082d00000, 0x0000000082d00000|100%|HC|  |TAMS 0x0000000082c00000| PB 0x0000000082c00000| Complete 
|  45|0x0000000082d00000, 0x0000000082e00000, 0x0000000082e00000|100%|HS|  |TAMS 0x0000000082d00000| PB 0x0000000082d00000| Complete 
|  46|0x0000000082e00000, 0x0000000082f00000, 0x0000000082f00000|100%| O|  |TAMS 0x0000000082e00000| PB 0x0000000082e00000| Untracked 
|  47|0x0000000082f00000, 0x0000000083000000, 0x0000000083000000|100%| O|  |TAMS 0x0000000082f00000| PB 0x0000000082f00000| Untracked 
|  48|0x0000000083000000, 0x0000000083100000, 0x0000000083100000|100%| O|  |TAMS 0x0000000083000000| PB 0x0000000083000000| Untracked 
|  49|0x0000000083100000, 0x0000000083200000, 0x0000000083200000|100%| O|  |TAMS 0x0000000083100000| PB 0x0000000083100000| Untracked 
|  50|0x0000000083200000, 0x0000000083300000, 0x0000000083300000|100%|HS|  |TAMS 0x0000000083200000| PB 0x0000000083200000| Complete 
|  51|0x0000000083300000, 0x0000000083400000, 0x0000000083400000|100%|HC|  |TAMS 0x0000000083300000| PB 0x0000000083300000| Complete 
|  52|0x0000000083400000, 0x0000000083500000, 0x0000000083500000|100%|HC|  |TAMS 0x0000000083400000| PB 0x0000000083400000| Complete 
|  53|0x0000000083500000, 0x0000000083600000, 0x0000000083600000|100%|HC|  |TAMS 0x0000000083500000| PB 0x0000000083500000| Complete 
|  54|0x0000000083600000, 0x0000000083700000, 0x0000000083700000|100%| O|  |TAMS 0x0000000083600000| PB 0x0000000083600000| Untracked 
|  55|0x0000000083700000, 0x0000000083800000, 0x0000000083800000|100%| O|  |TAMS 0x0000000083700000| PB 0x0000000083700000| Untracked 
|  56|0x0000000083800000, 0x0000000083900000, 0x0000000083900000|100%| O|  |TAMS 0x0000000083800000| PB 0x0000000083800000| Untracked 
|  57|0x0000000083900000, 0x0000000083a00000, 0x0000000083a00000|100%| O|  |TAMS 0x0000000083900000| PB 0x0000000083900000| Untracked 
|  58|0x0000000083a00000, 0x0000000083b00000, 0x0000000083b00000|100%| O|  |TAMS 0x0000000083a00000| PB 0x0000000083a00000| Untracked 
|  59|0x0000000083b00000, 0x0000000083c00000, 0x0000000083c00000|100%| O|  |TAMS 0x0000000083b00000| PB 0x0000000083b00000| Untracked 
|  60|0x0000000083c00000, 0x0000000083d00000, 0x0000000083d00000|100%| O|  |TAMS 0x0000000083c00000| PB 0x0000000083c00000| Untracked 
|  61|0x0000000083d00000, 0x0000000083e00000, 0x0000000083e00000|100%| O|  |TAMS 0x0000000083d00000| PB 0x0000000083d00000| Untracked 
|  62|0x0000000083e00000, 0x0000000083f00000, 0x0000000083f00000|100%|HS|  |TAMS 0x0000000083e00000| PB 0x0000000083e00000| Complete 
|  63|0x0000000083f00000, 0x0000000084000000, 0x0000000084000000|100%|HC|  |TAMS 0x0000000083f00000| PB 0x0000000083f00000| Complete 
|  64|0x0000000084000000, 0x0000000084100000, 0x0000000084100000|100%| O|  |TAMS 0x0000000084000000| PB 0x0000000084000000| Untracked 
|  65|0x0000000084100000, 0x0000000084200000, 0x0000000084200000|100%| O|  |TAMS 0x0000000084100000| PB 0x0000000084100000| Untracked 
|  66|0x0000000084200000, 0x0000000084300000, 0x0000000084300000|100%| O|  |TAMS 0x0000000084200000| PB 0x0000000084200000| Untracked 
|  67|0x0000000084300000, 0x0000000084400000, 0x0000000084400000|100%| O|  |TAMS 0x0000000084300000| PB 0x0000000084300000| Untracked 
|  68|0x0000000084400000, 0x0000000084500000, 0x0000000084500000|100%| O|  |TAMS 0x0000000084400000| PB 0x0000000084400000| Untracked 
|  69|0x0000000084500000, 0x0000000084600000, 0x0000000084600000|100%|HS|  |TAMS 0x0000000084500000| PB 0x0000000084500000| Complete 
|  70|0x0000000084600000, 0x0000000084700000, 0x0000000084700000|100%| O|  |TAMS 0x0000000084600000| PB 0x0000000084600000| Untracked 
|  71|0x0000000084700000, 0x0000000084800000, 0x0000000084800000|100%| O|  |TAMS 0x0000000084700000| PB 0x0000000084700000| Untracked 
|  72|0x0000000084800000, 0x0000000084900000, 0x0000000084900000|100%| O|  |TAMS 0x0000000084800000| PB 0x0000000084800000| Untracked 
|  73|0x0000000084900000, 0x0000000084a00000, 0x0000000084a00000|100%| O|  |TAMS 0x0000000084900000| PB 0x0000000084900000| Untracked 
|  74|0x0000000084a00000, 0x0000000084b00000, 0x0000000084b00000|100%| O|  |TAMS 0x0000000084a00000| PB 0x0000000084a00000| Untracked 
|  75|0x0000000084b00000, 0x0000000084c00000, 0x0000000084c00000|100%|HS|  |TAMS 0x0000000084b00000| PB 0x0000000084b00000| Complete 
|  76|0x0000000084c00000, 0x0000000084d00000, 0x0000000084d00000|100%|HC|  |TAMS 0x0000000084c00000| PB 0x0000000084c00000| Complete 
|  77|0x0000000084d00000, 0x0000000084e00000, 0x0000000084e00000|100%|HC|  |TAMS 0x0000000084d00000| PB 0x0000000084d00000| Complete 
|  78|0x0000000084e00000, 0x0000000084f00000, 0x0000000084f00000|100%|HC|  |TAMS 0x0000000084e00000| PB 0x0000000084e00000| Complete 
|  79|0x0000000084f00000, 0x0000000085000000, 0x0000000085000000|100%|HC|  |TAMS 0x0000000084f00000| PB 0x0000000084f00000| Complete 
|  80|0x0000000085000000, 0x0000000085100000, 0x0000000085100000|100%|HC|  |TAMS 0x0000000085000000| PB 0x0000000085000000| Complete 
|  81|0x0000000085100000, 0x0000000085200000, 0x0000000085200000|100%| O|  |TAMS 0x0000000085100000| PB 0x0000000085100000| Untracked 
|  82|0x0000000085200000, 0x0000000085300000, 0x0000000085300000|100%| O|  |TAMS 0x0000000085200000| PB 0x0000000085200000| Untracked 
|  83|0x0000000085300000, 0x0000000085400000, 0x0000000085400000|100%| O|  |TAMS 0x0000000085300000| PB 0x0000000085300000| Untracked 
|  84|0x0000000085400000, 0x0000000085500000, 0x0000000085500000|100%| O|  |TAMS 0x0000000085400000| PB 0x0000000085400000| Untracked 
|  85|0x0000000085500000, 0x0000000085600000, 0x0000000085600000|100%| O|  |TAMS 0x0000000085500000| PB 0x0000000085500000| Untracked 
|  86|0x0000000085600000, 0x0000000085700000, 0x0000000085700000|100%| O|  |TAMS 0x0000000085600000| PB 0x0000000085600000| Untracked 
|  87|0x0000000085700000, 0x0000000085800000, 0x0000000085800000|100%| O|  |TAMS 0x0000000085700000| PB 0x0000000085700000| Untracked 
|  88|0x0000000085800000, 0x0000000085900000, 0x0000000085900000|100%| O|  |TAMS 0x0000000085800000| PB 0x0000000085800000| Untracked 
|  89|0x0000000085900000, 0x0000000085a00000, 0x0000000085a00000|100%| O|  |TAMS 0x0000000085900000| PB 0x0000000085900000| Untracked 
|  90|0x0000000085a00000, 0x0000000085b00000, 0x0000000085b00000|100%| O|  |TAMS 0x0000000085a00000| PB 0x0000000085a00000| Untracked 
|  91|0x0000000085b00000, 0x0000000085c00000, 0x0000000085c00000|100%| O|  |TAMS 0x0000000085b00000| PB 0x0000000085b00000| Untracked 
|  92|0x0000000085c00000, 0x0000000085d00000, 0x0000000085d00000|100%|HS|  |TAMS 0x0000000085c00000| PB 0x0000000085c00000| Complete 
|  93|0x0000000085d00000, 0x0000000085e00000, 0x0000000085e00000|100%| O|  |TAMS 0x0000000085d00000| PB 0x0000000085d00000| Untracked 
|  94|0x0000000085e00000, 0x0000000085f00000, 0x0000000085f00000|100%|HS|  |TAMS 0x0000000085e00000| PB 0x0000000085e00000| Complete 
|  95|0x0000000085f00000, 0x0000000086000000, 0x0000000086000000|100%|HC|  |TAMS 0x0000000085f00000| PB 0x0000000085f00000| Complete 
|  96|0x0000000086000000, 0x0000000086100000, 0x0000000086100000|100%|HC|  |TAMS 0x0000000086000000| PB 0x0000000086000000| Complete 
|  97|0x0000000086100000, 0x0000000086200000, 0x0000000086200000|100%|HC|  |TAMS 0x0000000086100000| PB 0x0000000086100000| Complete 
|  98|0x0000000086200000, 0x0000000086300000, 0x0000000086300000|100%|HC|  |TAMS 0x0000000086200000| PB 0x0000000086200000| Complete 
|  99|0x0000000086300000, 0x0000000086400000, 0x0000000086400000|100%|HC|  |TAMS 0x0000000086300000| PB 0x0000000086300000| Complete 
| 100|0x0000000086400000, 0x0000000086500000, 0x0000000086500000|100%| O|  |TAMS 0x0000000086400000| PB 0x0000000086400000| Untracked 
| 101|0x0000000086500000, 0x0000000086600000, 0x0000000086600000|100%| O|  |TAMS 0x0000000086500000| PB 0x0000000086500000| Untracked 
| 102|0x0000000086600000, 0x0000000086700000, 0x0000000086700000|100%| O|  |TAMS 0x0000000086600000| PB 0x0000000086600000| Untracked 
| 103|0x0000000086700000, 0x0000000086800000, 0x0000000086800000|100%| O|  |TAMS 0x0000000086700000| PB 0x0000000086700000| Untracked 
| 104|0x0000000086800000, 0x0000000086900000, 0x0000000086900000|100%| O|  |TAMS 0x0000000086800000| PB 0x0000000086800000| Untracked 
| 105|0x0000000086900000, 0x0000000086a00000, 0x0000000086a00000|100%| O|  |TAMS 0x0000000086900000| PB 0x0000000086900000| Untracked 
| 106|0x0000000086a00000, 0x0000000086b00000, 0x0000000086b00000|100%| O|  |TAMS 0x0000000086a00000| PB 0x0000000086a00000| Untracked 
| 107|0x0000000086b00000, 0x0000000086c00000, 0x0000000086c00000|100%| O|  |TAMS 0x0000000086b00000| PB 0x0000000086b00000| Untracked 
| 108|0x0000000086c00000, 0x0000000086d00000, 0x0000000086d00000|100%| O|  |TAMS 0x0000000086c00000| PB 0x0000000086c00000| Untracked 
| 109|0x0000000086d00000, 0x0000000086e00000, 0x0000000086e00000|100%| O|  |TAMS 0x0000000086d00000| PB 0x0000000086d00000| Untracked 
| 110|0x0000000086e00000, 0x0000000086f00000, 0x0000000086f00000|100%| O|  |TAMS 0x0000000086e00000| PB 0x0000000086e00000| Untracked 
| 111|0x0000000086f00000, 0x0000000087000000, 0x0000000087000000|100%|HS|  |TAMS 0x0000000086f00000| PB 0x0000000086f00000| Complete 
| 112|0x0000000087000000, 0x0000000087100000, 0x0000000087100000|100%|HS|  |TAMS 0x0000000087000000| PB 0x0000000087000000| Complete 
| 113|0x0000000087100000, 0x0000000087200000, 0x0000000087200000|100%|HC|  |TAMS 0x0000000087100000| PB 0x0000000087100000| Complete 
| 114|0x0000000087200000, 0x0000000087300000, 0x0000000087300000|100%|HS|  |TAMS 0x0000000087200000| PB 0x0000000087200000| Complete 
| 115|0x0000000087300000, 0x0000000087400000, 0x0000000087400000|100%|HC|  |TAMS 0x0000000087300000| PB 0x0000000087300000| Complete 
| 116|0x0000000087400000, 0x0000000087500000, 0x0000000087500000|100%|HS|  |TAMS 0x0000000087400000| PB 0x0000000087400000| Complete 
| 117|0x0000000087500000, 0x0000000087600000, 0x0000000087600000|100%|HC|  |TAMS 0x0000000087500000| PB 0x0000000087500000| Complete 
| 118|0x0000000087600000, 0x0000000087700000, 0x0000000087700000|100%|HC|  |TAMS 0x0000000087600000| PB 0x0000000087600000| Complete 
| 119|0x0000000087700000, 0x0000000087800000, 0x0000000087800000|100%|HS|  |TAMS 0x0000000087700000| PB 0x0000000087700000| Complete 
| 120|0x0000000087800000, 0x0000000087900000, 0x0000000087900000|100%|HS|  |TAMS 0x0000000087800000| PB 0x0000000087800000| Complete 
| 121|0x0000000087900000, 0x0000000087a00000, 0x0000000087a00000|100%| O|  |TAMS 0x0000000087900000| PB 0x0000000087900000| Untracked 
| 122|0x0000000087a00000, 0x0000000087b00000, 0x0000000087b00000|100%|HS|  |TAMS 0x0000000087a00000| PB 0x0000000087a00000| Complete 
| 123|0x0000000087b00000, 0x0000000087c00000, 0x0000000087c00000|100%|HS|  |TAMS 0x0000000087b00000| PB 0x0000000087b00000| Complete 
| 124|0x0000000087c00000, 0x0000000087d00000, 0x0000000087d00000|100%| O|  |TAMS 0x0000000087c00000| PB 0x0000000087c00000| Untracked 
| 125|0x0000000087d00000, 0x0000000087e00000, 0x0000000087e00000|100%| O|  |TAMS 0x0000000087d00000| PB 0x0000000087d00000| Untracked 
| 126|0x0000000087e00000, 0x0000000087f00000, 0x0000000087f00000|100%| O|Cm|TAMS 0x0000000087e00000| PB 0x0000000087e00000| Complete 
| 127|0x0000000087f00000, 0x0000000088000000, 0x0000000088000000|100%| O|Cm|TAMS 0x0000000087f00000| PB 0x0000000087f00000| Complete 
| 128|0x0000000088000000, 0x0000000088100000, 0x0000000088100000|100%| O|Cm|TAMS 0x0000000088000000| PB 0x0000000088000000| Complete 
| 129|0x0000000088100000, 0x0000000088200000, 0x0000000088200000|100%| O|  |TAMS 0x0000000088100000| PB 0x0000000088100000| Untracked 
| 130|0x0000000088200000, 0x0000000088300000, 0x0000000088300000|100%| O|  |TAMS 0x0000000088200000| PB 0x0000000088200000| Untracked 
| 131|0x0000000088300000, 0x0000000088400000, 0x0000000088400000|100%| O|  |TAMS 0x0000000088300000| PB 0x0000000088300000| Untracked 
| 132|0x0000000088400000, 0x0000000088500000, 0x0000000088500000|100%|HS|  |TAMS 0x0000000088400000| PB 0x0000000088400000| Complete 
| 133|0x0000000088500000, 0x0000000088600000, 0x0000000088600000|100%| O|  |TAMS 0x0000000088500000| PB 0x0000000088500000| Untracked 
| 134|0x0000000088600000, 0x0000000088700000, 0x0000000088700000|100%| O|  |TAMS 0x0000000088600000| PB 0x0000000088600000| Untracked 
| 135|0x0000000088700000, 0x0000000088800000, 0x0000000088800000|100%| O|  |TAMS 0x0000000088700000| PB 0x0000000088700000| Untracked 
| 136|0x0000000088800000, 0x0000000088900000, 0x0000000088900000|100%| O|  |TAMS 0x0000000088800000| PB 0x0000000088800000| Untracked 
| 137|0x0000000088900000, 0x0000000088a00000, 0x0000000088a00000|100%| O|  |TAMS 0x0000000088900000| PB 0x0000000088900000| Untracked 
| 138|0x0000000088a00000, 0x0000000088b00000, 0x0000000088b00000|100%|HS|  |TAMS 0x0000000088a00000| PB 0x0000000088a00000| Complete 
| 139|0x0000000088b00000, 0x0000000088c00000, 0x0000000088c00000|100%|HC|  |TAMS 0x0000000088b00000| PB 0x0000000088b00000| Complete 
| 140|0x0000000088c00000, 0x0000000088d00000, 0x0000000088d00000|100%|HC|  |TAMS 0x0000000088c00000| PB 0x0000000088c00000| Complete 
| 141|0x0000000088d00000, 0x0000000088e00000, 0x0000000088e00000|100%| O|  |TAMS 0x0000000088d00000| PB 0x0000000088d00000| Untracked 
| 142|0x0000000088e00000, 0x0000000088f00000, 0x0000000088f00000|100%| O|  |TAMS 0x0000000088e00000| PB 0x0000000088e00000| Untracked 
| 143|0x0000000088f00000, 0x0000000088f73520, 0x0000000089000000| 45%| O|  |TAMS 0x0000000088f00000| PB 0x0000000088f00000| Untracked 
| 144|0x0000000089000000, 0x0000000089100000, 0x0000000089100000|100%|HS|  |TAMS 0x0000000089000000| PB 0x0000000089000000| Complete 
| 145|0x0000000089100000, 0x0000000089100000, 0x0000000089200000|  0%| F|  |TAMS 0x0000000089100000| PB 0x0000000089100000| Untracked 
| 146|0x0000000089200000, 0x0000000089200000, 0x0000000089300000|  0%| F|  |TAMS 0x0000000089200000| PB 0x0000000089200000| Untracked 
| 147|0x0000000089300000, 0x0000000089300000, 0x0000000089400000|  0%| F|  |TAMS 0x0000000089300000| PB 0x0000000089300000| Untracked 
| 148|0x0000000089400000, 0x0000000089400000, 0x0000000089500000|  0%| F|  |TAMS 0x0000000089400000| PB 0x0000000089400000| Untracked 
| 149|0x0000000089500000, 0x0000000089500000, 0x0000000089600000|  0%| F|  |TAMS 0x0000000089500000| PB 0x0000000089500000| Untracked 
| 150|0x0000000089600000, 0x0000000089600000, 0x0000000089700000|  0%| F|  |TAMS 0x0000000089600000| PB 0x0000000089600000| Untracked 
| 151|0x0000000089700000, 0x0000000089700000, 0x0000000089800000|  0%| F|  |TAMS 0x0000000089700000| PB 0x0000000089700000| Untracked 
| 152|0x0000000089800000, 0x0000000089800000, 0x0000000089900000|  0%| F|  |TAMS 0x0000000089800000| PB 0x0000000089800000| Untracked 
| 153|0x0000000089900000, 0x0000000089900000, 0x0000000089a00000|  0%| F|  |TAMS 0x0000000089900000| PB 0x0000000089900000| Untracked 
| 154|0x0000000089a00000, 0x0000000089a00000, 0x0000000089b00000|  0%| F|  |TAMS 0x0000000089a00000| PB 0x0000000089a00000| Untracked 
| 155|0x0000000089b00000, 0x0000000089b00000, 0x0000000089c00000|  0%| F|  |TAMS 0x0000000089b00000| PB 0x0000000089b00000| Untracked 
| 156|0x0000000089c00000, 0x0000000089c00000, 0x0000000089d00000|  0%| F|  |TAMS 0x0000000089c00000| PB 0x0000000089c00000| Untracked 
| 157|0x0000000089d00000, 0x0000000089d00000, 0x0000000089e00000|  0%| F|  |TAMS 0x0000000089d00000| PB 0x0000000089d00000| Untracked 
| 158|0x0000000089e00000, 0x0000000089e00000, 0x0000000089f00000|  0%| F|  |TAMS 0x0000000089e00000| PB 0x0000000089e00000| Untracked 
| 159|0x0000000089f00000, 0x0000000089f00000, 0x000000008a000000|  0%| F|  |TAMS 0x0000000089f00000| PB 0x0000000089f00000| Untracked 
| 160|0x000000008a000000, 0x000000008a000000, 0x000000008a100000|  0%| F|  |TAMS 0x000000008a000000| PB 0x000000008a000000| Untracked 
| 161|0x000000008a100000, 0x000000008a100000, 0x000000008a200000|  0%| F|  |TAMS 0x000000008a100000| PB 0x000000008a100000| Untracked 
| 162|0x000000008a200000, 0x000000008a200000, 0x000000008a300000|  0%| F|  |TAMS 0x000000008a200000| PB 0x000000008a200000| Untracked 
| 163|0x000000008a300000, 0x000000008a300000, 0x000000008a400000|  0%| F|  |TAMS 0x000000008a300000| PB 0x000000008a300000| Untracked 
| 164|0x000000008a400000, 0x000000008a400000, 0x000000008a500000|  0%| F|  |TAMS 0x000000008a400000| PB 0x000000008a400000| Untracked 
| 165|0x000000008a500000, 0x000000008a500000, 0x000000008a600000|  0%| F|  |TAMS 0x000000008a500000| PB 0x000000008a500000| Untracked 
| 166|0x000000008a600000, 0x000000008a600000, 0x000000008a700000|  0%| F|  |TAMS 0x000000008a600000| PB 0x000000008a600000| Untracked 
| 167|0x000000008a700000, 0x000000008a700000, 0x000000008a800000|  0%| F|  |TAMS 0x000000008a700000| PB 0x000000008a700000| Untracked 
| 168|0x000000008a800000, 0x000000008a800000, 0x000000008a900000|  0%| F|  |TAMS 0x000000008a800000| PB 0x000000008a800000| Untracked 
| 169|0x000000008a900000, 0x000000008a900000, 0x000000008aa00000|  0%| F|  |TAMS 0x000000008a900000| PB 0x000000008a900000| Untracked 
| 170|0x000000008aa00000, 0x000000008aa00000, 0x000000008ab00000|  0%| F|  |TAMS 0x000000008aa00000| PB 0x000000008aa00000| Untracked 
| 171|0x000000008ab00000, 0x000000008ab00000, 0x000000008ac00000|  0%| F|  |TAMS 0x000000008ab00000| PB 0x000000008ab00000| Untracked 
| 172|0x000000008ac00000, 0x000000008ac00000, 0x000000008ad00000|  0%| F|  |TAMS 0x000000008ac00000| PB 0x000000008ac00000| Untracked 
| 173|0x000000008ad00000, 0x000000008ad00000, 0x000000008ae00000|  0%| F|  |TAMS 0x000000008ad00000| PB 0x000000008ad00000| Untracked 
| 174|0x000000008ae00000, 0x000000008ae00000, 0x000000008af00000|  0%| F|  |TAMS 0x000000008ae00000| PB 0x000000008ae00000| Untracked 
| 175|0x000000008af00000, 0x000000008af00000, 0x000000008b000000|  0%| F|  |TAMS 0x000000008af00000| PB 0x000000008af00000| Untracked 
| 176|0x000000008b000000, 0x000000008b000000, 0x000000008b100000|  0%| F|  |TAMS 0x000000008b000000| PB 0x000000008b000000| Untracked 
| 177|0x000000008b100000, 0x000000008b100000, 0x000000008b200000|  0%| F|  |TAMS 0x000000008b100000| PB 0x000000008b100000| Untracked 
| 178|0x000000008b200000, 0x000000008b200000, 0x000000008b300000|  0%| F|  |TAMS 0x000000008b200000| PB 0x000000008b200000| Untracked 
| 179|0x000000008b300000, 0x000000008b300000, 0x000000008b400000|  0%| F|  |TAMS 0x000000008b300000| PB 0x000000008b300000| Untracked 
| 180|0x000000008b400000, 0x000000008b400000, 0x000000008b500000|  0%| F|  |TAMS 0x000000008b400000| PB 0x000000008b400000| Untracked 
| 181|0x000000008b500000, 0x000000008b500000, 0x000000008b600000|  0%| F|  |TAMS 0x000000008b500000| PB 0x000000008b500000| Untracked 
| 182|0x000000008b600000, 0x000000008b600000, 0x000000008b700000|  0%| F|  |TAMS 0x000000008b600000| PB 0x000000008b600000| Untracked 
| 183|0x000000008b700000, 0x000000008b700000, 0x000000008b800000|  0%| F|  |TAMS 0x000000008b700000| PB 0x000000008b700000| Untracked 
| 184|0x000000008b800000, 0x000000008b800000, 0x000000008b900000|  0%| F|  |TAMS 0x000000008b800000| PB 0x000000008b800000| Untracked 
| 185|0x000000008b900000, 0x000000008b900000, 0x000000008ba00000|  0%| F|  |TAMS 0x000000008b900000| PB 0x000000008b900000| Untracked 
| 186|0x000000008ba00000, 0x000000008ba00000, 0x000000008bb00000|  0%| F|  |TAMS 0x000000008ba00000| PB 0x000000008ba00000| Untracked 
| 187|0x000000008bb00000, 0x000000008bb00000, 0x000000008bc00000|  0%| F|  |TAMS 0x000000008bb00000| PB 0x000000008bb00000| Untracked 
| 188|0x000000008bc00000, 0x000000008bc00000, 0x000000008bd00000|  0%| F|  |TAMS 0x000000008bc00000| PB 0x000000008bc00000| Untracked 
| 189|0x000000008bd00000, 0x000000008bd00000, 0x000000008be00000|  0%| F|  |TAMS 0x000000008bd00000| PB 0x000000008bd00000| Untracked 
| 190|0x000000008be00000, 0x000000008be00000, 0x000000008bf00000|  0%| F|  |TAMS 0x000000008be00000| PB 0x000000008be00000| Untracked 
| 191|0x000000008bf00000, 0x000000008bf00000, 0x000000008c000000|  0%| F|  |TAMS 0x000000008bf00000| PB 0x000000008bf00000| Untracked 
| 192|0x000000008c000000, 0x000000008c000000, 0x000000008c100000|  0%| F|  |TAMS 0x000000008c000000| PB 0x000000008c000000| Untracked 
| 193|0x000000008c100000, 0x000000008c100000, 0x000000008c200000|  0%| F|  |TAMS 0x000000008c100000| PB 0x000000008c100000| Untracked 
| 194|0x000000008c200000, 0x000000008c200000, 0x000000008c300000|  0%| F|  |TAMS 0x000000008c200000| PB 0x000000008c200000| Untracked 
| 195|0x000000008c300000, 0x000000008c300000, 0x000000008c400000|  0%| F|  |TAMS 0x000000008c300000| PB 0x000000008c300000| Untracked 
| 196|0x000000008c400000, 0x000000008c400000, 0x000000008c500000|  0%| F|  |TAMS 0x000000008c400000| PB 0x000000008c400000| Untracked 
| 197|0x000000008c500000, 0x000000008c500000, 0x000000008c600000|  0%| F|  |TAMS 0x000000008c500000| PB 0x000000008c500000| Untracked 
| 198|0x000000008c600000, 0x000000008c600000, 0x000000008c700000|  0%| F|  |TAMS 0x000000008c600000| PB 0x000000008c600000| Untracked 
| 199|0x000000008c700000, 0x000000008c700000, 0x000000008c800000|  0%| F|  |TAMS 0x000000008c700000| PB 0x000000008c700000| Untracked 
| 200|0x000000008c800000, 0x000000008c800000, 0x000000008c900000|  0%| F|  |TAMS 0x000000008c800000| PB 0x000000008c800000| Untracked 
| 201|0x000000008c900000, 0x000000008c900000, 0x000000008ca00000|  0%| F|  |TAMS 0x000000008c900000| PB 0x000000008c900000| Untracked 
| 202|0x000000008ca00000, 0x000000008ca00000, 0x000000008cb00000|  0%| F|  |TAMS 0x000000008ca00000| PB 0x000000008ca00000| Untracked 
| 203|0x000000008cb00000, 0x000000008cb00000, 0x000000008cc00000|  0%| F|  |TAMS 0x000000008cb00000| PB 0x000000008cb00000| Untracked 
| 204|0x000000008cc00000, 0x000000008cc00000, 0x000000008cd00000|  0%| F|  |TAMS 0x000000008cc00000| PB 0x000000008cc00000| Untracked 
| 205|0x000000008cd00000, 0x000000008cd00000, 0x000000008ce00000|  0%| F|  |TAMS 0x000000008cd00000| PB 0x000000008cd00000| Untracked 
| 206|0x000000008ce00000, 0x000000008ce00000, 0x000000008cf00000|  0%| F|  |TAMS 0x000000008ce00000| PB 0x000000008ce00000| Untracked 
| 207|0x000000008cf00000, 0x000000008cf00000, 0x000000008d000000|  0%| F|  |TAMS 0x000000008cf00000| PB 0x000000008cf00000| Untracked 
| 208|0x000000008d000000, 0x000000008d000000, 0x000000008d100000|  0%| F|  |TAMS 0x000000008d000000| PB 0x000000008d000000| Untracked 
| 209|0x000000008d100000, 0x000000008d100000, 0x000000008d200000|  0%| F|  |TAMS 0x000000008d100000| PB 0x000000008d100000| Untracked 
| 210|0x000000008d200000, 0x000000008d200000, 0x000000008d300000|  0%| F|  |TAMS 0x000000008d200000| PB 0x000000008d200000| Untracked 
| 211|0x000000008d300000, 0x000000008d300000, 0x000000008d400000|  0%| F|  |TAMS 0x000000008d300000| PB 0x000000008d300000| Untracked 
| 212|0x000000008d400000, 0x000000008d400000, 0x000000008d500000|  0%| F|  |TAMS 0x000000008d400000| PB 0x000000008d400000| Untracked 
| 213|0x000000008d500000, 0x000000008d500000, 0x000000008d600000|  0%| F|  |TAMS 0x000000008d500000| PB 0x000000008d500000| Untracked 
| 214|0x000000008d600000, 0x000000008d600000, 0x000000008d700000|  0%| F|  |TAMS 0x000000008d600000| PB 0x000000008d600000| Untracked 
| 215|0x000000008d700000, 0x000000008d700000, 0x000000008d800000|  0%| F|  |TAMS 0x000000008d700000| PB 0x000000008d700000| Untracked 
| 216|0x000000008d800000, 0x000000008d800000, 0x000000008d900000|  0%| F|  |TAMS 0x000000008d800000| PB 0x000000008d800000| Untracked 
| 217|0x000000008d900000, 0x000000008d900000, 0x000000008da00000|  0%| F|  |TAMS 0x000000008d900000| PB 0x000000008d900000| Untracked 
| 218|0x000000008da00000, 0x000000008da00000, 0x000000008db00000|  0%| F|  |TAMS 0x000000008da00000| PB 0x000000008da00000| Untracked 
| 219|0x000000008db00000, 0x000000008db00000, 0x000000008dc00000|  0%| F|  |TAMS 0x000000008db00000| PB 0x000000008db00000| Untracked 
| 220|0x000000008dc00000, 0x000000008dc00000, 0x000000008dd00000|  0%| F|  |TAMS 0x000000008dc00000| PB 0x000000008dc00000| Untracked 
| 221|0x000000008dd00000, 0x000000008dd00000, 0x000000008de00000|  0%| F|  |TAMS 0x000000008dd00000| PB 0x000000008dd00000| Untracked 
| 222|0x000000008de00000, 0x000000008de00000, 0x000000008df00000|  0%| F|  |TAMS 0x000000008de00000| PB 0x000000008de00000| Untracked 
| 223|0x000000008df00000, 0x000000008df00000, 0x000000008e000000|  0%| F|  |TAMS 0x000000008df00000| PB 0x000000008df00000| Untracked 
| 224|0x000000008e000000, 0x000000008e080000, 0x000000008e100000| 50%| E|  |TAMS 0x000000008e000000| PB 0x000000008e000000| Complete 
| 225|0x000000008e100000, 0x000000008e200000, 0x000000008e200000|100%| E|CS|TAMS 0x000000008e100000| PB 0x000000008e100000| Complete 
| 226|0x000000008e200000, 0x000000008e300000, 0x000000008e300000|100%| E|CS|TAMS 0x000000008e200000| PB 0x000000008e200000| Complete 
| 227|0x000000008e300000, 0x000000008e400000, 0x000000008e400000|100%| E|CS|TAMS 0x000000008e300000| PB 0x000000008e300000| Complete 
| 228|0x000000008e400000, 0x000000008e500000, 0x000000008e500000|100%| E|CS|TAMS 0x000000008e400000| PB 0x000000008e400000| Complete 
| 229|0x000000008e500000, 0x000000008e600000, 0x000000008e600000|100%| E|CS|TAMS 0x000000008e500000| PB 0x000000008e500000| Complete 
| 230|0x000000008e600000, 0x000000008e700000, 0x000000008e700000|100%| E|CS|TAMS 0x000000008e600000| PB 0x000000008e600000| Complete 
| 231|0x000000008e700000, 0x000000008e800000, 0x000000008e800000|100%| E|CS|TAMS 0x000000008e700000| PB 0x000000008e700000| Complete 
| 232|0x000000008e800000, 0x000000008e900000, 0x000000008e900000|100%| E|CS|TAMS 0x000000008e800000| PB 0x000000008e800000| Complete 
| 233|0x000000008e900000, 0x000000008ea00000, 0x000000008ea00000|100%| E|CS|TAMS 0x000000008e900000| PB 0x000000008e900000| Complete 
| 234|0x000000008ea00000, 0x000000008ea2dd48, 0x000000008eb00000| 17%| S|CS|TAMS 0x000000008ea00000| PB 0x000000008ea00000| Complete 
| 235|0x000000008eb00000, 0x000000008ec00000, 0x000000008ec00000|100%| S|CS|TAMS 0x000000008eb00000| PB 0x000000008eb00000| Complete 
| 236|0x000000008ec00000, 0x000000008ed00000, 0x000000008ed00000|100%| S|CS|TAMS 0x000000008ec00000| PB 0x000000008ec00000| Complete 
| 237|0x000000008ed00000, 0x000000008ee00000, 0x000000008ee00000|100%| S|CS|TAMS 0x000000008ed00000| PB 0x000000008ed00000| Complete 
| 238|0x000000008ee00000, 0x000000008ef00000, 0x000000008ef00000|100%| S|CS|TAMS 0x000000008ee00000| PB 0x000000008ee00000| Complete 
| 239|0x000000008ef00000, 0x000000008f000000, 0x000000008f000000|100%| S|CS|TAMS 0x000000008ef00000| PB 0x000000008ef00000| Complete 
| 240|0x000000008f000000, 0x000000008f100000, 0x000000008f100000|100%| E|CS|TAMS 0x000000008f000000| PB 0x000000008f000000| Complete 
| 241|0x000000008f100000, 0x000000008f200000, 0x000000008f200000|100%| E|CS|TAMS 0x000000008f100000| PB 0x000000008f100000| Complete 
| 242|0x000000008f200000, 0x000000008f300000, 0x000000008f300000|100%| E|CS|TAMS 0x000000008f200000| PB 0x000000008f200000| Complete 
| 243|0x000000008f300000, 0x000000008f400000, 0x000000008f400000|100%| E|CS|TAMS 0x000000008f300000| PB 0x000000008f300000| Complete 
| 244|0x000000008f400000, 0x000000008f500000, 0x000000008f500000|100%| E|CS|TAMS 0x000000008f400000| PB 0x000000008f400000| Complete 
| 245|0x000000008f500000, 0x000000008f600000, 0x000000008f600000|100%| E|CS|TAMS 0x000000008f500000| PB 0x000000008f500000| Complete 
| 246|0x000000008f600000, 0x000000008f700000, 0x000000008f700000|100%| E|CS|TAMS 0x000000008f600000| PB 0x000000008f600000| Complete 
| 247|0x000000008f700000, 0x000000008f800000, 0x000000008f800000|100%| E|CS|TAMS 0x000000008f700000| PB 0x000000008f700000| Complete 
| 248|0x000000008f800000, 0x000000008f900000, 0x000000008f900000|100%| E|CS|TAMS 0x000000008f800000| PB 0x000000008f800000| Complete 
| 249|0x000000008f900000, 0x000000008fa00000, 0x000000008fa00000|100%| E|CS|TAMS 0x000000008f900000| PB 0x000000008f900000| Complete 
| 250|0x000000008fa00000, 0x000000008fb00000, 0x000000008fb00000|100%| E|CS|TAMS 0x000000008fa00000| PB 0x000000008fa00000| Complete 
| 251|0x000000008fb00000, 0x000000008fc00000, 0x000000008fc00000|100%| E|CS|TAMS 0x000000008fb00000| PB 0x000000008fb00000| Complete 
| 252|0x000000008fc00000, 0x000000008fd00000, 0x000000008fd00000|100%| E|CS|TAMS 0x000000008fc00000| PB 0x000000008fc00000| Complete 
| 253|0x000000008fd00000, 0x000000008fe00000, 0x000000008fe00000|100%| E|CS|TAMS 0x000000008fd00000| PB 0x000000008fd00000| Complete 
| 254|0x000000008fe00000, 0x000000008ff00000, 0x000000008ff00000|100%| E|CS|TAMS 0x000000008fe00000| PB 0x000000008fe00000| Complete 
|2038|0x00000000ff600000, 0x00000000ff700000, 0x00000000ff700000|100%| E|CS|TAMS 0x00000000ff600000| PB 0x00000000ff600000| Complete 
|2039|0x00000000ff700000, 0x00000000ff800000, 0x00000000ff800000|100%| O|  |TAMS 0x00000000ff700000| PB 0x00000000ff700000| Untracked 
|2040|0x00000000ff800000, 0x00000000ff900000, 0x00000000ff900000|100%| O|Cm|TAMS 0x00000000ff800000| PB 0x00000000ff800000| Complete 
|2041|0x00000000ff900000, 0x00000000ffa00000, 0x00000000ffa00000|100%| O|  |TAMS 0x00000000ff900000| PB 0x00000000ff900000| Untracked 
|2042|0x00000000ffa00000, 0x00000000ffb00000, 0x00000000ffb00000|100%| O|  |TAMS 0x00000000ffa00000| PB 0x00000000ffa00000| Untracked 
|2043|0x00000000ffb00000, 0x00000000ffc00000, 0x00000000ffc00000|100%| O|  |TAMS 0x00000000ffb00000| PB 0x00000000ffb00000| Untracked 
|2044|0x00000000ffc00000, 0x00000000ffd00000, 0x00000000ffd00000|100%| E|CS|TAMS 0x00000000ffc00000| PB 0x00000000ffc00000| Complete 
|2045|0x00000000ffd00000, 0x00000000ffe00000, 0x00000000ffe00000|100%| O|  |TAMS 0x00000000ffd00000| PB 0x00000000ffd00000| Untracked 
|2046|0x00000000ffe00000, 0x00000000fff00000, 0x00000000fff00000|100%| O|  |TAMS 0x00000000ffe00000| PB 0x00000000ffe00000| Untracked 
|2047|0x00000000fff00000, 0x0000000100000000, 0x0000000100000000|100%| O|  |TAMS 0x00000000fff00000| PB 0x00000000fff00000| Untracked 

Card table byte_map: [0x000001db4f510000,0x000001db4f910000] _byte_map_base: 0x000001db4f110000

Marking Bits: (CMBitMap*) 0x000001db3ccd6ca0
 Bits: [0x000001db4f910000, 0x000001db51910000)

Polling page: 0x000001db3c440000

Metaspace:

Usage:
  Non-class:     97.61 MB used.
      Class:     15.07 MB used.
       Both:    112.69 MB used.

Virtual space:
  Non-class space:      128.00 MB reserved,      98.62 MB ( 77%) committed,  2 nodes.
      Class space:        1.00 GB reserved,      16.19 MB (  2%) committed,  1 nodes.
             Both:        1.12 GB reserved,     114.81 MB ( 10%) committed. 

Chunk freelists:
   Non-Class:  13.19 MB
       Class:  15.70 MB
        Both:  28.89 MB

MaxMetaspaceSize: unlimited
CompressedClassSpaceSize: 1.00 GB
Initial GC threshold: 21.00 MB
Current GC threshold: 188.69 MB
CDS: off
 - commit_granule_bytes: 65536.
 - commit_granule_words: 8192.
 - virtual_space_node_default_size: 8388608.
 - enlarge_chunks_in_place: 1.
 - use_allocation_guard: 0.


Internal statistics:

num_allocs_failed_limit: 6.
num_arena_births: 4052.
num_arena_deaths: 4.
num_vsnodes_births: 3.
num_vsnodes_deaths: 0.
num_space_committed: 1837.
num_space_uncommitted: 0.
num_chunks_returned_to_freelist: 16.
num_chunks_taken_from_freelist: 8821.
num_chunk_merges: 6.
num_chunk_splits: 5771.
num_chunks_enlarged: 3644.
num_inconsistent_stats: 0.

CodeHeap 'non-profiled nmethods': size=120000Kb used=6698Kb max_used=6908Kb free=113301Kb
 bounds [0x000001db478a0000, 0x000001db47f60000, 0x000001db4edd0000]
CodeHeap 'profiled nmethods': size=120000Kb used=19814Kb max_used=20202Kb free=100185Kb
 bounds [0x000001db3fdd0000, 0x000001db41190000, 0x000001db47300000]
CodeHeap 'non-nmethods': size=5760Kb used=2904Kb max_used=2983Kb free=2855Kb
 bounds [0x000001db47300000, 0x000001db47610000, 0x000001db478a0000]
 total_blobs=11683 nmethods=10673 adapters=914
 compilation: enabled
              stopped_count=0, restarted_count=0
 full_count=0

Compilation events (20 events):
Event: 49.388 Thread 0x000001db545776e0 12875       3       org.gradle.api.internal.project.DefaultProject::getProjectPath (10 bytes)
Event: 49.388 Thread 0x000001db545776e0 nmethod 12875 0x000001db400cb190 code [0x000001db400cb340, 0x000001db400cb4b0]
Event: 49.399 Thread 0x000001db545776e0 12876       3       org.apache.commons.lang.text.StrBuilder::append (54 bytes)
Event: 49.400 Thread 0x000001db545776e0 nmethod 12876 0x000001db3feccf10 code [0x000001db3fecd120, 0x000001db3fecd5a8]
Event: 49.405 Thread 0x000001db545776e0 12877       3       org.gradle.api.internal.DefaultNamedDomainObjectCollection$AbstractDomainObjectCreatingProvider::getName (5 bytes)
Event: 49.406 Thread 0x000001db545776e0 nmethod 12877 0x000001db400ca310 code [0x000001db400ca4a0, 0x000001db400ca5c0]
Event: 49.418 Thread 0x000001db545776e0 12878       1       org.gradle.internal.ImmutableActionSet$SetWithManyActions::isEmpty (2 bytes)
Event: 49.418 Thread 0x000001db545776e0 nmethod 12878 0x000001db479ca510 code [0x000001db479ca6a0, 0x000001db479ca768]
Event: 49.447 Thread 0x000001db545776e0 12881       3       org.gradle.api.internal.project.DefaultProject::projectPath (9 bytes)
Event: 49.448 Thread 0x000001db545776e0 nmethod 12881 0x000001db400f8a90 code [0x000001db400f8c40, 0x000001db400f8ec0]
Event: 49.448 Thread 0x000001db545776e0 12882       3       org.gradle.api.internal.project.DefaultProject::identityPath (9 bytes)
Event: 49.448 Thread 0x000001db545776e0 nmethod 12882 0x000001db401d9090 code [0x000001db401d9240, 0x000001db401d94c0]
Event: 49.466 Thread 0x000001db545776e0 12883       3       org.gradle.internal.ImmutableActionSet::mergeFrom (37 bytes)
Event: 49.466 Thread 0x000001db545776e0 nmethod 12883 0x000001db400e2190 code [0x000001db400e2380, 0x000001db400e2838]
Event: 49.689 Thread 0x000001db545776e0 12884       3       sun.management.MemoryPoolImpl::getObjectName (10 bytes)
Event: 49.694 Thread 0x000001db545776e0 nmethod 12884 0x000001db3fe98810 code [0x000001db3fe98c20, 0x000001db3fe9ab08]
Event: 49.694 Thread 0x000001db545776e0 12885       3       sun.management.spi.PlatformMBeanProvider$PlatformComponent$$Lambda/0x000000010013fa98::test (9 bytes)
Event: 49.694 Thread 0x000001db545776e0 nmethod 12885 0x000001db4031df10 code [0x000001db4031e0c0, 0x000001db4031e208]
Event: 49.694 Thread 0x000001db545776e0 12886       3       sun.management.spi.PlatformMBeanProvider$PlatformComponent$$Lambda/0x000000010013fd00::apply (9 bytes)
Event: 49.695 Thread 0x000001db545776e0 nmethod 12886 0x000001db40472190 code [0x000001db40472360, 0x000001db40472678]

GC Heap History (20 events):
Event: 37.047 GC heap before
{Heap before GC invocations=33 (full 0):
 garbage-first heap   total 184320K, used 169973K [0x0000000080000000, 0x0000000100000000)
  region size 1024K, 55 young (56320K), 4 survivors (4096K)
 Metaspace       used 87360K, committed 89280K, reserved 1179648K
  class space    used 11765K, committed 12736K, reserved 1048576K
}
Event: 37.056 GC heap after
{Heap after GC invocations=34 (full 0):
 garbage-first heap   total 184320K, used 119535K [0x0000000080000000, 0x0000000100000000)
  region size 1024K, 5 young (5120K), 5 survivors (5120K)
 Metaspace       used 87360K, committed 89280K, reserved 1179648K
  class space    used 11765K, committed 12736K, reserved 1048576K
}
Event: 37.624 GC heap before
{Heap before GC invocations=35 (full 0):
 garbage-first heap   total 199680K, used 166639K [0x0000000080000000, 0x0000000100000000)
  region size 1024K, 52 young (53248K), 5 survivors (5120K)
 Metaspace       used 87337K, committed 89280K, reserved 1179648K
  class space    used 11758K, committed 12736K, reserved 1048576K
}
Event: 37.635 GC heap after
{Heap after GC invocations=36 (full 0):
 garbage-first heap   total 199680K, used 120575K [0x0000000080000000, 0x0000000100000000)
  region size 1024K, 5 young (5120K), 5 survivors (5120K)
 Metaspace       used 87337K, committed 89280K, reserved 1179648K
  class space    used 11758K, committed 12736K, reserved 1048576K
}
Event: 39.231 GC heap before
{Heap before GC invocations=36 (full 0):
 garbage-first heap   total 199680K, used 195327K [0x0000000080000000, 0x0000000100000000)
  region size 1024K, 65 young (66560K), 5 survivors (5120K)
 Metaspace       used 89058K, committed 91008K, reserved 1179648K
  class space    used 11949K, committed 12928K, reserved 1048576K
}
Event: 39.246 GC heap after
{Heap after GC invocations=37 (full 0):
 garbage-first heap   total 211968K, used 140202K [0x0000000080000000, 0x0000000100000000)
  region size 1024K, 9 young (9216K), 9 survivors (9216K)
 Metaspace       used 89058K, committed 91008K, reserved 1179648K
  class space    used 11949K, committed 12928K, reserved 1048576K
}
Event: 40.641 GC heap before
{Heap before GC invocations=37 (full 0):
 garbage-first heap   total 211968K, used 191402K [0x0000000080000000, 0x0000000100000000)
  region size 1024K, 59 young (60416K), 9 survivors (9216K)
 Metaspace       used 94188K, committed 96064K, reserved 1179648K
  class space    used 12490K, committed 13440K, reserved 1048576K
}
Event: 40.650 GC heap after
{Heap after GC invocations=38 (full 0):
 garbage-first heap   total 211968K, used 141970K [0x0000000080000000, 0x0000000100000000)
  region size 1024K, 2 young (2048K), 2 survivors (2048K)
 Metaspace       used 94188K, committed 96064K, reserved 1179648K
  class space    used 12490K, committed 13440K, reserved 1048576K
}
Event: 42.735 GC heap before
{Heap before GC invocations=39 (full 0):
 garbage-first heap   total 237568K, used 200338K [0x0000000080000000, 0x0000000100000000)
  region size 1024K, 54 young (55296K), 2 survivors (2048K)
 Metaspace       used 98000K, committed 100032K, reserved 1179648K
  class space    used 13058K, committed 14080K, reserved 1048576K
}
Event: 42.749 GC heap after
{Heap after GC invocations=40 (full 0):
 garbage-first heap   total 237568K, used 148143K [0x0000000080000000, 0x0000000100000000)
  region size 1024K, 7 young (7168K), 7 survivors (7168K)
 Metaspace       used 98000K, committed 100032K, reserved 1179648K
  class space    used 13058K, committed 14080K, reserved 1048576K
}
Event: 44.592 GC heap before
{Heap before GC invocations=40 (full 0):
 garbage-first heap   total 237568K, used 215727K [0x0000000080000000, 0x0000000100000000)
  region size 1024K, 74 young (75776K), 7 survivors (7168K)
 Metaspace       used 103375K, committed 105472K, reserved 1179648K
  class space    used 13744K, committed 14784K, reserved 1048576K
}
Event: 44.605 GC heap after
{Heap after GC invocations=41 (full 0):
 garbage-first heap   total 237568K, used 149398K [0x0000000080000000, 0x0000000100000000)
  region size 1024K, 4 young (4096K), 4 survivors (4096K)
 Metaspace       used 103375K, committed 105472K, reserved 1179648K
  class space    used 13744K, committed 14784K, reserved 1048576K
}
Event: 45.062 GC heap before
{Heap before GC invocations=41 (full 0):
 garbage-first heap   total 237568K, used 161686K [0x0000000080000000, 0x0000000100000000)
  region size 1024K, 17 young (17408K), 4 survivors (4096K)
 Metaspace       used 105281K, committed 107328K, reserved 1179648K
  class space    used 13977K, committed 15040K, reserved 1048576K
}
Event: 45.068 GC heap after
{Heap after GC invocations=42 (full 0):
 garbage-first heap   total 237568K, used 150021K [0x0000000080000000, 0x0000000100000000)
  region size 1024K, 4 young (4096K), 4 survivors (4096K)
 Metaspace       used 105281K, committed 107328K, reserved 1179648K
  class space    used 13977K, committed 15040K, reserved 1048576K
}
Event: 46.897 GC heap before
{Heap before GC invocations=43 (full 0):
 garbage-first heap   total 256000K, used 222725K [0x0000000080000000, 0x0000000100000000)
  region size 1024K, 72 young (73728K), 4 survivors (4096K)
 Metaspace       used 109846K, committed 112064K, reserved 1179648K
  class space    used 14621K, committed 15744K, reserved 1048576K
}
Event: 46.907 GC heap after
{Heap after GC invocations=44 (full 0):
 garbage-first heap   total 256000K, used 158401K [0x0000000080000000, 0x0000000100000000)
  region size 1024K, 9 young (9216K), 9 survivors (9216K)
 Metaspace       used 109846K, committed 112064K, reserved 1179648K
  class space    used 14621K, committed 15744K, reserved 1048576K
}
Event: 48.872 GC heap before
{Heap before GC invocations=44 (full 0):
 garbage-first heap   total 256000K, used 231105K [0x0000000080000000, 0x0000000100000000)
  region size 1024K, 80 young (81920K), 9 survivors (9216K)
 Metaspace       used 113321K, committed 115584K, reserved 1179648K
  class space    used 15087K, committed 16256K, reserved 1048576K
}
Event: 48.886 GC heap after
{Heap after GC invocations=45 (full 0):
 garbage-first heap   total 256000K, used 160028K [0x0000000080000000, 0x0000000100000000)
  region size 1024K, 9 young (9216K), 9 survivors (9216K)
 Metaspace       used 113321K, committed 115584K, reserved 1179648K
  class space    used 15087K, committed 16256K, reserved 1048576K
}
Event: 48.912 GC heap before
{Heap before GC invocations=45 (full 0):
 garbage-first heap   total 256000K, used 161052K [0x0000000080000000, 0x0000000100000000)
  region size 1024K, 11 young (11264K), 9 survivors (9216K)
 Metaspace       used 113420K, committed 115648K, reserved 1179648K
  class space    used 15094K, committed 16256K, reserved 1048576K
}
Event: 48.920 GC heap after
{Heap after GC invocations=46 (full 0):
 garbage-first heap   total 256000K, used 160388K [0x0000000080000000, 0x0000000100000000)
  region size 1024K, 6 young (6144K), 6 survivors (6144K)
 Metaspace       used 113420K, committed 115648K, reserved 1179648K
  class space    used 15094K, committed 16256K, reserved 1048576K
}

Dll operation events (3 events):
Event: 0.063 Loaded shared library C:\Program Files\Android\Android Studio\jbr\bin\java.dll
Event: 0.091 Loaded shared library C:\Program Files\Android\Android Studio\jbr\bin\zip.dll
Event: 1.546 Loaded shared library C:\Program Files\Android\Android Studio\jbr\bin\verify.dll

Deoptimization events (20 events):
Event: 49.062 Thread 0x000001db5ab06e00 Uncommon trap: trap_request=0xffffff45 fr.pc=0x000001db47935f94 relative=0x0000000000000614
Event: 49.062 Thread 0x000001db5ab06e00 Uncommon trap: reason=unstable_if action=reinterpret pc=0x000001db47935f94 method=java.lang.AbstractStringBuilder.appendChars(Ljava/lang/String;II)V @ 11 c2
Event: 49.062 Thread 0x000001db5ab06e00 DEOPT PACKING pc=0x000001db47935f94 sp=0x0000008a6faf5a40
Event: 49.062 Thread 0x000001db5ab06e00 DEOPT UNPACKING pc=0x000001db473546a2 sp=0x0000008a6faf5980 mode 2
Event: 49.062 Thread 0x000001db5ab06e00 Uncommon trap: trap_request=0xffffff45 fr.pc=0x000001db47936998 relative=0x0000000000000178
Event: 49.062 Thread 0x000001db5ab06e00 Uncommon trap: reason=unstable_if action=reinterpret pc=0x000001db47936998 method=java.lang.AbstractStringBuilder.appendChars(Ljava/lang/String;II)V @ 11 c2
Event: 49.062 Thread 0x000001db5ab06e00 DEOPT PACKING pc=0x000001db47936998 sp=0x0000008a6faf59d0
Event: 49.062 Thread 0x000001db5ab06e00 DEOPT UNPACKING pc=0x000001db473546a2 sp=0x0000008a6faf5980 mode 2
Event: 49.062 Thread 0x000001db5ab06e00 Uncommon trap: trap_request=0xffffff45 fr.pc=0x000001db47983640 relative=0x0000000000000500
Event: 49.062 Thread 0x000001db5ab06e00 Uncommon trap: reason=unstable_if action=reinterpret pc=0x000001db47983640 method=java.lang.String.<init>(Ljava/lang/AbstractStringBuilder;Ljava/lang/Void;)V @ 19 c2
Event: 49.062 Thread 0x000001db5ab06e00 DEOPT PACKING pc=0x000001db47983640 sp=0x0000008a6faf5b00
Event: 49.062 Thread 0x000001db5ab06e00 DEOPT UNPACKING pc=0x000001db473546a2 sp=0x0000008a6faf5ab0 mode 2
Event: 49.063 Thread 0x000001db5ab06e00 Uncommon trap: trap_request=0xffffff45 fr.pc=0x000001db478fb08c relative=0x00000000000004ac
Event: 49.063 Thread 0x000001db5ab06e00 Uncommon trap: reason=unstable_if action=reinterpret pc=0x000001db478fb08c method=java.lang.AbstractStringBuilder.inflateIfNeededFor(Ljava/lang/String;)V @ 14 c2
Event: 49.063 Thread 0x000001db5ab06e00 DEOPT PACKING pc=0x000001db478fb08c sp=0x0000008a6faf5ac0
Event: 49.063 Thread 0x000001db5ab06e00 DEOPT UNPACKING pc=0x000001db473546a2 sp=0x0000008a6faf59b8 mode 2
Event: 49.063 Thread 0x000001db5ab06e00 Uncommon trap: trap_request=0xffffff45 fr.pc=0x000001db478fa598 relative=0x00000000000000f8
Event: 49.063 Thread 0x000001db5ab06e00 Uncommon trap: reason=unstable_if action=reinterpret pc=0x000001db478fa598 method=java.lang.String.getBytes([BIB)V @ 5 c2
Event: 49.063 Thread 0x000001db5ab06e00 DEOPT PACKING pc=0x000001db478fa598 sp=0x0000008a6faf59e0
Event: 49.063 Thread 0x000001db5ab06e00 DEOPT UNPACKING pc=0x000001db473546a2 sp=0x0000008a6faf59a8 mode 2

Classes loaded (20 events):
Event: 44.997 Loading class javax/management/ListenerNotFoundException
Event: 44.997 Loading class javax/management/OperationsException
Event: 44.997 Loading class javax/management/JMException
Event: 44.997 Loading class javax/management/JMException done
Event: 44.997 Loading class javax/management/OperationsException done
Event: 44.997 Loading class javax/management/ListenerNotFoundException done
Event: 44.997 Loading class jdk/jfr/Recording
Event: 44.997 Loading class jdk/jfr/Recording done
Event: 44.997 Loading class jdk/jfr/FlightRecorder
Event: 44.998 Loading class jdk/jfr/FlightRecorder done
Event: 44.998 Loading class jdk/management/jfr/FlightRecorderMXBeanImpl$MXBeanListener
Event: 44.998 Loading class jdk/jfr/FlightRecorderListener
Event: 44.998 Loading class jdk/jfr/FlightRecorderListener done
Event: 44.998 Loading class jdk/management/jfr/FlightRecorderMXBeanImpl$MXBeanListener done
Event: 45.048 Loading class com/sun/jmx/mbeanserver/StandardMBeanSupport
Event: 45.049 Loading class com/sun/jmx/mbeanserver/StandardMBeanSupport done
Event: 45.049 Loading class com/sun/jmx/mbeanserver/StandardMBeanIntrospector
Event: 45.049 Loading class com/sun/jmx/mbeanserver/StandardMBeanIntrospector done
Event: 49.063 Loading class java/util/regex/Pattern$Caret
Event: 49.064 Loading class java/util/regex/Pattern$Caret done

Classes unloaded (12 events):
Event: 23.074 Thread 0x000001db544cb790 Unloading class 0x0000000100924948 '_BuildScript_$_run_closure1$_closure2'
Event: 23.074 Thread 0x000001db544cb790 Unloading class 0x0000000100924548 '_BuildScript_$_run_closure1'
Event: 23.074 Thread 0x000001db544cb790 Unloading class 0x0000000100924000 '_BuildScript_'
Event: 37.195 Thread 0x000001db544cb790 Unloading class 0x0000000100949948 '_BuildScript_$_run_closure1$_closure3'
Event: 37.195 Thread 0x000001db544cb790 Unloading class 0x0000000100949548 '_BuildScript_$_run_closure1$_closure2'
Event: 37.195 Thread 0x000001db544cb790 Unloading class 0x0000000100949148 '_BuildScript_$_run_closure1'
Event: 37.195 Thread 0x000001db544cb790 Unloading class 0x0000000100948c00 '_BuildScript_'
Event: 37.195 Thread 0x000001db544cb790 Unloading class 0x0000000100948800 'JetGradlePlugin$_apply_closure1$_closure2$_closure3'
Event: 37.195 Thread 0x000001db544cb790 Unloading class 0x0000000100948400 'JetGradlePlugin$_apply_closure1$_closure2'
Event: 37.195 Thread 0x000001db544cb790 Unloading class 0x0000000100948000 'JetGradlePlugin$_apply_closure1'
Event: 37.195 Thread 0x000001db544cb790 Unloading class 0x00000001009412e0 'JetGradlePlugin'
Event: 37.195 Thread 0x000001db544cb790 Unloading class 0x0000000100941000 'RegistryProcessor'

Classes redefined (0 events):
No events

Internal exceptions (20 events):
Event: 44.629 Thread 0x000001db5ab06e00 Exception <a 'java/lang/NoSuchMethodError'{0x000000008dd304e0}: static Lorg/jetbrains/kotlin/gradle/plugin/internal/DefaultAttributeConfigurationHelperVariantFactory;.<clinit>()V> (0x000000008dd304e0) 
thrown [s\src\hotspot\share\prims\jni.cpp, line 1139]
Event: 44.716 Thread 0x000001db5ab06e00 Exception <a 'java/lang/IncompatibleClassChangeError'{0x000000008da99528}: Found class java.lang.Object, but interface was expected> (0x000000008da99528) 
thrown [s\src\hotspot\share\interpreter\linkResolver.cpp, line 851]
Event: 46.210 Thread 0x000001db5ab06e00 Exception <a 'java/lang/NoSuchMethodError'{0x000000008c06bf30}: 'java.lang.Object java.lang.invoke.DirectMethodHandle$Holder.newInvokeSpecial(java.lang.Object, java.lang.Object, java.lang.Object, java.lang.Object, java.lang.Object, java.lang.Object, java.lang.Object, java.lang.Object, java.lang.Object, java.lang.Object, java.lang.Object, java.lang.Object, java.lang.Object, java.lang.Object, java.lang.Object, java.lang.Object, java.lang.Object, java.lang.Object, java.lang.Object, java.lang.Object, java.lang
Event: 46.210 Thread 0x000001db5ab06e00 Exception <a 'java/lang/NoSuchMethodError'{0x000000008c074060}: 'java.lang.Object java.lang.invoke.DirectMethodHandle$Holder.invokeSpecial(java.lang.Object, java.lang.Object, java.lang.Object, java.lang.Object, java.lang.Object, java.lang.Object, java.lang.Object, java.lang.Object, java.lang.Object, java.lang.Object, java.lang.Object, java.lang.Object, java.lang.Object, java.lang.Object, java.lang.Object, java.lang.Object, java.lang.Object, java.lang.Object, java.lang.Object, java.lang.Object, java.lang.Ob
Event: 46.210 Thread 0x000001db5ab06e00 Exception <a 'java/lang/NoSuchMethodError'{0x000000008c07ab80}: 'java.lang.Object java.lang.invoke.DelegatingMethodHandle$Holder.reinvoke_L(java.lang.Object, java.lang.Object, java.lang.Object, java.lang.Object, java.lang.Object, java.lang.Object, java.lang.Object, java.lang.Object, java.lang.Object, java.lang.Object, java.lang.Object, java.lang.Object, java.lang.Object, java.lang.Object, java.lang.Object, java.lang.Object, java.lang.Object, java.lang.Object, java.lang.Object, java.lang.Object, java.lang.O
Event: 46.354 Thread 0x000001db5ab06e00 Exception <a 'java/lang/ClassNotFoundException'{0x000000008bb42360}: org/jetbrains/kotlin/gradle/targets/js/npm/DefaultNpmDependencyExtensionBeanInfo> (0x000000008bb42360) 
thrown [s\src\hotspot\share\classfile\systemDictionary.cpp, line 312]
Event: 46.355 Thread 0x000001db5ab06e00 Exception <a 'java/lang/ClassNotFoundException'{0x000000008bb54388}: org/jetbrains/kotlin/gradle/targets/js/npm/DefaultNpmDependencyExtensionCustomizer> (0x000000008bb54388) 
thrown [s\src\hotspot\share\classfile\systemDictionary.cpp, line 312]
Event: 46.367 Thread 0x000001db5ab06e00 Exception <a 'java/lang/ClassNotFoundException'{0x000000008bbeeef8}: org/jetbrains/kotlin/gradle/targets/js/npm/NpmDependencyExtensionKt$defaultNpmDependencyDelegate$1BeanInfo> (0x000000008bbeeef8) 
thrown [s\src\hotspot\share\classfile\systemDictionary.cpp, line 312]
Event: 46.368 Thread 0x000001db5ab06e00 Exception <a 'java/lang/ClassNotFoundException'{0x000000008ba011d0}: org/jetbrains/kotlin/gradle/targets/js/npm/NpmDependencyExtensionDelegateBeanInfo> (0x000000008ba011d0) 
thrown [s\src\hotspot\share\classfile\systemDictionary.cpp, line 312]
Event: 46.369 Thread 0x000001db5ab06e00 Exception <a 'java/lang/ClassNotFoundException'{0x000000008ba13248}: org/jetbrains/kotlin/gradle/targets/js/npm/NpmDependencyExtensionDelegateCustomizer> (0x000000008ba13248) 
thrown [s\src\hotspot\share\classfile\systemDictionary.cpp, line 312]
Event: 46.371 Thread 0x000001db5ab06e00 Exception <a 'java/lang/ClassNotFoundException'{0x000000008ba4a770}: org/jetbrains/kotlin/gradle/targets/js/npm/NpmDependencyExtensionKt$defaultNpmDependencyDelegate$1Customizer> (0x000000008ba4a770) 
thrown [s\src\hotspot\share\classfile\systemDictionary.cpp, line 312]
Event: 46.377 Thread 0x000001db5ab06e00 Exception <a 'java/lang/ClassNotFoundException'{0x000000008ba90880}: org/jetbrains/kotlin/gradle/targets/js/npm/DefaultDevNpmDependencyExtensionBeanInfo> (0x000000008ba90880) 
thrown [s\src\hotspot\share\classfile\systemDictionary.cpp, line 312]
Event: 46.378 Thread 0x000001db5ab06e00 Exception <a 'java/lang/ClassNotFoundException'{0x000000008baa2908}: org/jetbrains/kotlin/gradle/targets/js/npm/DefaultDevNpmDependencyExtensionCustomizer> (0x000000008baa2908) 
thrown [s\src\hotspot\share\classfile\systemDictionary.cpp, line 312]
Event: 46.384 Thread 0x000001db5ab06e00 Exception <a 'java/lang/ClassNotFoundException'{0x000000008baf10a8}: org/jetbrains/kotlin/gradle/targets/js/npm/DefaultPeerNpmDependencyExtensionBeanInfo> (0x000000008baf10a8) 
thrown [s\src\hotspot\share\classfile\systemDictionary.cpp, line 312]
Event: 46.385 Thread 0x000001db5ab06e00 Exception <a 'java/lang/ClassNotFoundException'{0x000000008b9033f8}: org/jetbrains/kotlin/gradle/targets/js/npm/DefaultPeerNpmDependencyExtensionCustomizer> (0x000000008b9033f8) 
thrown [s\src\hotspot\share\classfile\systemDictionary.cpp, line 312]
Event: 46.389 Thread 0x000001db5ab06e00 Exception <a 'java/lang/ClassNotFoundException'{0x000000008b95a958}: org/jetbrains/kotlin/gradle/targets/js/npm/DefaultPeerNpmDependencyExtension$delegate$1BeanInfo> (0x000000008b95a958) 
thrown [s\src\hotspot\share\classfile\systemDictionary.cpp, line 312]
Event: 46.390 Thread 0x000001db5ab06e00 Exception <a 'java/lang/ClassNotFoundException'{0x000000008b96cf20}: org/jetbrains/kotlin/gradle/targets/js/npm/DefaultPeerNpmDependencyExtension$delegate$1Customizer> (0x000000008b96cf20) 
thrown [s\src\hotspot\share\classfile\systemDictionary.cpp, line 312]
Event: 46.405 Thread 0x000001db5ab06e00 Exception <a 'java/lang/NoSuchMethodError'{0x000000008b824078}: static Lorg/jetbrains/kotlin/gradle/plugin/internal/DefaultIdeaSyncDetector$createIdeaPropertiesEvaluator$1;.<clinit>()V> (0x000000008b824078) 
thrown [s\src\hotspot\share\prims\jni.cpp, line 1139]
Event: 46.820 Thread 0x000001db5ab06e00 Implicit null exception at 0x000001db47e5dea0 to 0x000001db47e5e194
Event: 48.540 Thread 0x000001db5ab06e00 Exception <a 'java/lang/NoSuchMethodError'{0x000000008bae1250}: 'java.lang.Object java.lang.invoke.DirectMethodHandle$Holder.newInvokeSpecial(java.lang.Object, java.lang.Object, java.lang.Object, java.lang.Object, java.lang.Object, java.lang.Object, java.lang.Object, java.lang.Object, java.lang.Object, java.lang.Object, java.lang.Object, java.lang.Object, java.lang.Object, java.lang.Object)'> (0x000000008bae1250) 
thrown [s\src\hotspot\share\interpreter\linkResolver.cpp, line 784]

ZGC Phase Switch (0 events):
No events

VM Operations (20 events):
Event: 45.244 Executing VM operation: G1PauseCleanup
Event: 45.245 Executing VM operation: G1PauseCleanup done
Event: 45.483 Executing VM operation: HandshakeAllThreads (Deoptimize)
Event: 45.484 Executing VM operation: HandshakeAllThreads (Deoptimize) done
Event: 46.493 Executing VM operation: Cleanup
Event: 46.494 Executing VM operation: Cleanup done
Event: 46.897 Executing VM operation: G1CollectForAllocation (G1 Evacuation Pause)
Event: 46.907 Executing VM operation: G1CollectForAllocation (G1 Evacuation Pause) done
Event: 47.920 Executing VM operation: Cleanup
Event: 47.920 Executing VM operation: Cleanup done
Event: 48.872 Executing VM operation: G1CollectForAllocation (G1 Evacuation Pause)
Event: 48.886 Executing VM operation: G1CollectForAllocation (G1 Evacuation Pause) done
Event: 48.912 Executing VM operation: G1TryInitiateConcMark (G1 Humongous Allocation)
Event: 48.920 Executing VM operation: G1TryInitiateConcMark (G1 Humongous Allocation) done
Event: 49.031 Executing VM operation: G1PauseRemark
Event: 49.038 Executing VM operation: G1PauseRemark done
Event: 49.104 Executing VM operation: G1PauseCleanup
Event: 49.105 Executing VM operation: G1PauseCleanup done
Event: 50.109 Executing VM operation: Cleanup
Event: 50.110 Executing VM operation: Cleanup done

Memory protections (0 events):
No events

Nmethod flushes (20 events):
Event: 49.036 Thread 0x000001db544cb790 flushing  nmethod 0x000001db3fe16910
Event: 49.036 Thread 0x000001db544cb790 flushing  nmethod 0x000001db3fed7890
Event: 49.036 Thread 0x000001db544cb790 flushing  nmethod 0x000001db3ff20b10
Event: 49.036 Thread 0x000001db544cb790 flushing  nmethod 0x000001db3ff5d610
Event: 49.036 Thread 0x000001db544cb790 flushing  nmethod 0x000001db3ff5ea10
Event: 49.036 Thread 0x000001db544cb790 flushing  nmethod 0x000001db3ff83a10
Event: 49.036 Thread 0x000001db544cb790 flushing  nmethod 0x000001db3ff8ac10
Event: 49.036 Thread 0x000001db544cb790 flushing  nmethod 0x000001db400b3290
Event: 49.036 Thread 0x000001db544cb790 flushing  nmethod 0x000001db400b3990
Event: 49.036 Thread 0x000001db544cb790 flushing  nmethod 0x000001db402df710
Event: 49.036 Thread 0x000001db544cb790 flushing  nmethod 0x000001db4040e210
Event: 49.036 Thread 0x000001db544cb790 flushing  nmethod 0x000001db4040f610
Event: 49.036 Thread 0x000001db544cb790 flushing  nmethod 0x000001db40527810
Event: 49.036 Thread 0x000001db544cb790 flushing  nmethod 0x000001db405a8190
Event: 49.036 Thread 0x000001db544cb790 flushing  nmethod 0x000001db405a8590
Event: 49.036 Thread 0x000001db544cb790 flushing  nmethod 0x000001db405cfb10
Event: 49.036 Thread 0x000001db544cb790 flushing  nmethod 0x000001db40816b10
Event: 49.036 Thread 0x000001db544cb790 flushing  nmethod 0x000001db40854790
Event: 49.036 Thread 0x000001db544cb790 flushing  nmethod 0x000001db4092a690
Event: 49.036 Thread 0x000001db544cb790 flushing  nmethod 0x000001db40aacc10

Events (20 events):
Event: 35.460 Thread 0x000001db5ab06e00 Thread added: 0x000001db5ce02360
Event: 35.468 Thread 0x000001db5ab06e00 Thread added: 0x000001db5ce00290
Event: 35.736 Thread 0x000001db545776e0 Thread added: 0x000001db5d00f060
Event: 36.219 Thread 0x000001db5ab06e00 Thread added: 0x000001db5ce00fb0
Event: 36.220 Thread 0x000001db5ab06e00 Thread added: 0x000001db5ce01640
Event: 36.221 Thread 0x000001db5ab06e00 Thread added: 0x000001db5ce01cd0
Event: 36.222 Thread 0x000001db5ab06e00 Thread added: 0x000001db5bea19d0
Event: 36.223 Thread 0x000001db5ab06e00 Thread added: 0x000001db5bea3aa0
Event: 36.224 Thread 0x000001db5ab06e00 Thread added: 0x000001db5bea3410
Event: 36.225 Thread 0x000001db5ab06e00 Thread added: 0x000001db5bea1340
Event: 38.065 Thread 0x000001db5d00f060 Thread exited: 0x000001db5d00f060
Event: 40.869 Thread 0x000001db545776e0 Thread added: 0x000001db5bf97d20
Event: 41.443 Thread 0x000001db5bf97d20 Thread exited: 0x000001db5bf97d20
Event: 41.842 Thread 0x000001db5ab06e00 Thread added: 0x000001db5bea54e0
Event: 42.288 Thread 0x000001db545776e0 Thread added: 0x000001db5bf98ac0
Event: 44.927 Thread 0x000001db5bf98ac0 Thread exited: 0x000001db5bf98ac0
Event: 44.943 Thread 0x000001db545776e0 Thread added: 0x000001db5bf98ac0
Event: 45.159 Thread 0x000001db5ab06e00 Thread added: 0x000001db5bea5b70
Event: 45.470 Thread 0x000001db5bf98ac0 Thread exited: 0x000001db5bf98ac0
Event: 46.401 Thread 0x000001db545776e0 Thread added: 0x000001db5bf96f80


Dynamic libraries:
0x00007ff79acd0000 - 0x00007ff79acda000 	C:\Program Files\Android\Android Studio\jbr\bin\java.exe
0x00007ff9b6880000 - 0x00007ff9b6ae8000 	C:\WINDOWS\SYSTEM32\ntdll.dll
0x00007ff9b6630000 - 0x00007ff9b66f9000 	C:\WINDOWS\System32\KERNEL32.DLL
0x00007ff9b32b0000 - 0x00007ff9b36a1000 	C:\WINDOWS\System32\KERNELBASE.dll
0x00007ff9b3160000 - 0x00007ff9b32ab000 	C:\WINDOWS\System32\ucrtbase.dll
0x00007ff9a2de0000 - 0x00007ff9a2dfb000 	C:\Program Files\Android\Android Studio\jbr\bin\VCRUNTIME140.dll
0x00007ff9a32c0000 - 0x00007ff9a32d8000 	C:\Program Files\Android\Android Studio\jbr\bin\jli.dll
0x00007ff9b4880000 - 0x00007ff9b4a46000 	C:\WINDOWS\System32\USER32.dll
0x00007ff9b3ba0000 - 0x00007ff9b3bc7000 	C:\WINDOWS\System32\win32u.dll
0x00007ff99c3a0000 - 0x00007ff99c633000 	C:\WINDOWS\WinSxS\amd64_microsoft.windows.common-controls_6595b64144ccf1df_6.0.26100.7824_none_3e0870b2e3345462\COMCTL32.dll
0x00007ff9b6600000 - 0x00007ff9b662b000 	C:\WINDOWS\System32\GDI32.dll
0x00007ff9b56d0000 - 0x00007ff9b5779000 	C:\WINDOWS\System32\msvcrt.dll
0x00007ff9b3c80000 - 0x00007ff9b3dab000 	C:\WINDOWS\System32\gdi32full.dll
0x00007ff9b39a0000 - 0x00007ff9b3a43000 	C:\WINDOWS\System32\msvcp_win.dll
0x00007ff9b52e0000 - 0x00007ff9b5311000 	C:\WINDOWS\System32\IMM32.DLL
0x00007ff9a3060000 - 0x00007ff9a306c000 	C:\Program Files\Android\Android Studio\jbr\bin\vcruntime140_1.dll
0x00007ff9594f0000 - 0x00007ff95957d000 	C:\Program Files\Android\Android Studio\jbr\bin\msvcp140.dll
0x00007ff8ea330000 - 0x00007ff8eafbb000 	C:\Program Files\Android\Android Studio\jbr\bin\server\jvm.dll
0x00007ff9b6710000 - 0x00007ff9b67c4000 	C:\WINDOWS\System32\ADVAPI32.dll
0x00007ff9b62a0000 - 0x00007ff9b6346000 	C:\WINDOWS\System32\sechost.dll
0x00007ff9b5960000 - 0x00007ff9b5a78000 	C:\WINDOWS\System32\RPCRT4.dll
0x00007ff9b4760000 - 0x00007ff9b47d4000 	C:\WINDOWS\System32\WS2_32.dll
0x00007ff9b2fc0000 - 0x00007ff9b301e000 	C:\WINDOWS\SYSTEM32\POWRPROF.dll
0x00007ff996ba0000 - 0x00007ff996bd5000 	C:\WINDOWS\SYSTEM32\WINMM.dll
0x00007ff9a4bd0000 - 0x00007ff9a4bdb000 	C:\WINDOWS\SYSTEM32\VERSION.dll
0x00007ff9b2fa0000 - 0x00007ff9b2fb4000 	C:\WINDOWS\SYSTEM32\UMPDC.dll
0x00007ff9b1f00000 - 0x00007ff9b1f1b000 	C:\WINDOWS\SYSTEM32\kernel.appcore.dll
0x00007ff9a3030000 - 0x00007ff9a303a000 	C:\Program Files\Android\Android Studio\jbr\bin\jimage.dll
0x00007ff9ae070000 - 0x00007ff9ae2b2000 	C:\WINDOWS\SYSTEM32\DBGHELP.DLL
0x00007ff9b5a80000 - 0x00007ff9b5e06000 	C:\WINDOWS\System32\combase.dll
0x00007ff9b5780000 - 0x00007ff9b5857000 	C:\WINDOWS\System32\OLEAUT32.dll
0x00007ff99d310000 - 0x00007ff99d34b000 	C:\WINDOWS\SYSTEM32\dbgcore.DLL
0x00007ff9b3bd0000 - 0x00007ff9b3c75000 	C:\WINDOWS\System32\bcryptPrimitives.dll
0x00007ff9ad280000 - 0x00007ff9ad28e000 	C:\Program Files\Android\Android Studio\jbr\bin\instrument.dll
0x00007ff9a2d80000 - 0x00007ff9a2da0000 	C:\Program Files\Android\Android Studio\jbr\bin\java.dll
0x00007ff975800000 - 0x00007ff975818000 	C:\Program Files\Android\Android Studio\jbr\bin\zip.dll
0x00007ff9b4a50000 - 0x00007ff9b51a2000 	C:\WINDOWS\System32\SHELL32.dll
0x00007ff9b3830000 - 0x00007ff9b399a000 	C:\WINDOWS\System32\wintypes.dll
0x00007ff9b3db0000 - 0x00007ff9b4613000 	C:\WINDOWS\System32\windows.storage.dll
0x00007ff9b6500000 - 0x00007ff9b65f6000 	C:\WINDOWS\System32\SHCORE.dll
0x00007ff9b51b0000 - 0x00007ff9b5217000 	C:\WINDOWS\System32\shlwapi.dll
0x00007ff9b3080000 - 0x00007ff9b30a9000 	C:\WINDOWS\SYSTEM32\profapi.dll
0x00007ff9a2800000 - 0x00007ff9a2810000 	C:\Program Files\Android\Android Studio\jbr\bin\net.dll
0x00007ff9a4990000 - 0x00007ff9a4ab7000 	C:\WINDOWS\SYSTEM32\WINHTTP.dll
0x00007ff9b2470000 - 0x00007ff9b24db000 	C:\WINDOWS\system32\mswsock.dll
0x00007ff9669d0000 - 0x00007ff9669e6000 	C:\Program Files\Android\Android Studio\jbr\bin\nio.dll
0x00007ff977d90000 - 0x00007ff977da0000 	C:\Program Files\Android\Android Studio\jbr\bin\verify.dll
0x00007ff9a5110000 - 0x00007ff9a5137000 	C:\Users\Asus\Downloads\gradle\gradle-9.0.0\native\1def1411415f61bf3af743bc5b6707747c0891f09f0c88961ee8f79bc544acac\windows-amd64\native-platform.dll
0x00007ff959470000 - 0x00007ff9594e8000 	C:\Users\Asus\Downloads\gradle\gradle-9.0.0\native\0.2.7\x86_64-windows-gnu\gradle-fileevents.dll
0x00007ff9a0740000 - 0x00007ff9a0749000 	C:\Program Files\Android\Android Studio\jbr\bin\management.dll
0x00007ff991480000 - 0x00007ff99148b000 	C:\Program Files\Android\Android Studio\jbr\bin\management_ext.dll
0x00007ff9b4860000 - 0x00007ff9b4868000 	C:\WINDOWS\System32\PSAPI.DLL
0x00007ff9b1990000 - 0x00007ff9b19c4000 	C:\WINDOWS\SYSTEM32\IPHLPAPI.DLL
0x00007ff9b6350000 - 0x00007ff9b635a000 	C:\WINDOWS\System32\NSI.dll
0x00007ff9a09a0000 - 0x00007ff9a09a9000 	C:\Program Files\Android\Android Studio\jbr\bin\extnet.dll
0x00007ff9b2740000 - 0x00007ff9b275b000 	C:\WINDOWS\SYSTEM32\CRYPTSP.dll
0x00007ff9b1e60000 - 0x00007ff9b1e99000 	C:\WINDOWS\system32\rsaenh.dll
0x00007ff9b2520000 - 0x00007ff9b254b000 	C:\WINDOWS\SYSTEM32\USERENV.dll
0x00007ff9b3050000 - 0x00007ff9b307a000 	C:\WINDOWS\SYSTEM32\bcrypt.dll
0x00007ff9b2760000 - 0x00007ff9b276c000 	C:\WINDOWS\SYSTEM32\CRYPTBASE.dll
0x00007ff981bf0000 - 0x00007ff981bf8000 	C:\WINDOWS\system32\wshunix.dll
0x00007ff9b19d0000 - 0x00007ff9b1afc000 	C:\WINDOWS\SYSTEM32\DNSAPI.dll
0x00007ff9a4d90000 - 0x00007ff9a4d9b000 	C:\Windows\System32\rasadhlp.dll
0x00007ff9aac80000 - 0x00007ff9aad06000 	C:\WINDOWS\System32\fwpuclnt.dll

dbghelp: loaded successfully - version: 4.0.5 - missing functions: none
symbol engine: initialized successfully - sym options: 0x614 - pdb path: .;C:\Program Files\Android\Android Studio\jbr\bin;C:\WINDOWS\SYSTEM32;C:\WINDOWS\WinSxS\amd64_microsoft.windows.common-controls_6595b64144ccf1df_6.0.26100.7824_none_3e0870b2e3345462;C:\Program Files\Android\Android Studio\jbr\bin\server;C:\Users\Asus\Downloads\gradle\gradle-9.0.0\native\1def1411415f61bf3af743bc5b6707747c0891f09f0c88961ee8f79bc544acac\windows-amd64;C:\Users\Asus\Downloads\gradle\gradle-9.0.0\native\0.2.7\x86_64-windows-gnu

VM Arguments:
jvm_args: --add-opens=java.base/java.lang=ALL-UNNAMED --add-opens=java.base/java.lang.invoke=ALL-UNNAMED --add-opens=java.base/java.util=ALL-UNNAMED --add-opens=java.prefs/java.util.prefs=ALL-UNNAMED --add-exports=jdk.compiler/com.sun.tools.javac.api=ALL-UNNAMED --add-exports=jdk.compiler/com.sun.tools.javac.util=ALL-UNNAMED --add-opens=java.base/java.util=ALL-UNNAMED --add-opens=java.prefs/java.util.prefs=ALL-UNNAMED --add-opens=java.base/java.nio.charset=ALL-UNNAMED --add-opens=java.base/java.net=ALL-UNNAMED --add-opens=java.base/java.util.concurrent.atomic=ALL-UNNAMED --add-opens=java.xml/javax.xml.namespace=ALL-UNNAMED -Xmx2048m -Dfile.encoding=UTF-8 -Duser.country=US -Duser.language=en -Duser.variant -javaagent:C:\Users\Asus\Downloads\gradle\gradle-9.0.0\wrapper\dists\gradle-8.13-bin\5xuhj0ry160q40clulazy9h7d\gradle-8.13\lib\agents\gradle-instrumentation-agent-8.13.jar 
java_command: org.gradle.launcher.daemon.bootstrap.GradleDaemon 8.13
java_class_path (initial): C:\Users\Asus\Downloads\gradle\gradle-9.0.0\wrapper\dists\gradle-8.13-bin\5xuhj0ry160q40clulazy9h7d\gradle-8.13\lib\gradle-daemon-main-8.13.jar
Launcher Type: SUN_STANDARD

[Global flags]
     intx CICompilerCount                          = 4                                         {product} {ergonomic}
     uint ConcGCThreads                            = 2                                         {product} {ergonomic}
     uint G1ConcRefinementThreads                  = 8                                         {product} {ergonomic}
   size_t G1HeapRegionSize                         = 1048576                                   {product} {ergonomic}
    uintx GCDrainStackTargetSize                   = 64                                        {product} {ergonomic}
   size_t InitialHeapSize                          = 132120576                                 {product} {ergonomic}
   size_t MarkStackSize                            = 4194304                                   {product} {ergonomic}
   size_t MaxHeapSize                              = 2147483648                                {product} {command line}
   size_t MaxNewSize                               = 1287651328                                {product} {ergonomic}
   size_t MinHeapDeltaBytes                        = 1048576                                   {product} {ergonomic}
   size_t MinHeapSize                              = 8388608                                   {product} {ergonomic}
    uintx NonNMethodCodeHeapSize                   = 5839372                                {pd product} {ergonomic}
    uintx NonProfiledCodeHeapSize                  = 122909434                              {pd product} {ergonomic}
    uintx ProfiledCodeHeapSize                     = 122909434                              {pd product} {ergonomic}
    uintx ReservedCodeCacheSize                    = 251658240                              {pd product} {ergonomic}
     bool SegmentedCodeCache                       = true                                      {product} {ergonomic}
   size_t SoftMaxHeapSize                          = 2147483648                             {manageable} {ergonomic}
     bool UseCompressedOops                        = true                           {product lp64_product} {ergonomic}
     bool UseG1GC                                  = true                                      {product} {ergonomic}
     bool UseLargePagesIndividualAllocation        = false                                  {pd product} {ergonomic}

Logging:
Log output configuration:
 #0: stdout all=warning uptime,level,tags foldmultilines=false
 #1: stderr all=off uptime,level,tags foldmultilines=false

Environment Variables:
PATH=C:\Program Files\Common Files\Oracle\Java\javapath;C:\Python312\Scripts\;C:\Python312\;C:\Windows\system32;C:\Windows;C:\Windows\System32\Wbem;C:\Windows\System32\WindowsPowerShell\v1.0\;C:\Windows\System32\OpenSSH\;C:\Program Files (x86)\NVIDIA Corporation\PhysX\Common;C:\WINDOWS\system32;C:\WINDOWS;C:\WINDOWS\System32\Wbem;C:\WINDOWS\System32\WindowsPowerShell\v1.0\;C:\WINDOWS\System32\OpenSSH\;C:\php-8.3.9;C:\Program Files\nodejs\;C:\laragon\bin\nodejs\node-v20.15.1-win-x64;C:\ProgramData\chocolatey\bin;C:\composer;C:\Program Files\Git\cmd;C:\Program Files\Java\jdk-22\bin;C:\Program Files\Dart\dart-sdk\bin;C:\src\flutter\bin;C:\Dart\dart-sdk\bin;C:\gradle-9.0.0\bin;C:\Users\Asus\AppData\Local\Microsoft\WindowsApps;C:\Users\Asus\AppData\Local\Programs\Microsoft VS Code\bin;C:\Users\Asus\AppData\Roaming\npm;C:\Users\Asus\AppData\Roaming\Composer\vendor\bin;C:\src\flutter\bin;C:\Dart\dart-sdk\bin;
USERNAME=Asus
OS=Windows_NT
PROCESSOR_IDENTIFIER=Intel64 Family 6 Model 142 Stepping 12, GenuineIntel
TMP=C:\Users\Asus\AppData\Local\Temp
TEMP=C:\Users\Asus\AppData\Local\Temp




Periodic native trim disabled

JNI global refs:
JNI global refs: 28, weak refs: 2

JNI global refs memory usage: 835, weak refs: 833

Process memory usage:
Resident Set Size: 487564K (5% of 8182576K total physical memory with 653948K free physical memory)

OOME stack traces (most recent first):
Classloader memory used:
Loader org.gradle.internal.classloader.VisitableURLClassLoader                         : 48001K
Loader bootstrap                                                                       : 31409K
Loader org.gradle.internal.classloader.VisitableURLClassLoader$InstrumentingVisitableURLClassLoader: 21406K
Loader org.gradle.initialization.MixInLegacyTypesClassLoader                           : 12073K
Loader org.gradle.internal.classloader.VisitableURLClassLoader                         : 1000K
Loader jdk.internal.loader.ClassLoaders$PlatformClassLoader                            : 797K
Loader jdk.internal.reflect.DelegatingClassLoader                                      : 365K
Loader jdk.internal.loader.ClassLoaders$AppClassLoader                                 : 235K
Loader org.gradle.groovy.scripts.internal.DefaultScriptCompilationHandler$ScriptClassLoader: 90024B
Loader org.codehaus.groovy.runtime.callsite.CallSiteClassLoader                        : 49592B

Classes loaded by more than one classloader:
Class Program                                                                         : loaded 5 times (x 68B)
Class org.gradle.api.GradleException                                                  : loaded 3 times (x 78B)
Class Build_gradle$1                                                                  : loaded 3 times (x 70B)
Class Build_gradle                                                                    : loaded 3 times (x 126B)
Class org.gradle.internal.classloader.FilteringClassLoader                            : loaded 2 times (x 101B)
Class com.google.common.base.CharMatcher$IsEither                                     : loaded 2 times (x 107B)
Class org.gradle.internal.classloader.ClassLoaderHierarchy                            : loaded 2 times (x 66B)
Class com.google.common.collect.ImmutableEnumSet                                      : loaded 2 times (x 142B)
Class com.google.common.util.concurrent.ExecutionError                                : loaded 2 times (x 78B)
Class com.google.common.collect.ImmutableList$1                                       : loaded 2 times (x 93B)
Class org.gradle.api.internal.classpath.ManifestUtil                                  : loaded 2 times (x 67B)
Class com.google.common.collect.RegularImmutableMap                                   : loaded 2 times (x 117B)
Class com.google.common.collect.ImmutableMap$MapViewOfValuesAsSingletonSets           : loaded 2 times (x 122B)
Class org.jetbrains.plugins.gradle.model.GradleExtensions                             : loaded 2 times (x 66B)
Class org.jetbrains.plugins.gradle.model.AnnotationProcessingModel                    : loaded 2 times (x 66B)
Class [Lorg.objectweb.asm.Symbol;                                                     : loaded 2 times (x 65B)
Class org.objectweb.asm.ClassVisitor                                                  : loaded 2 times (x 84B)
Class com.google.common.collect.UnmodifiableListIterator                              : loaded 2 times (x 91B)
Class org.gradle.internal.operations.MultipleBuildOperationFailures                   : loaded 2 times (x 91B)
Class org.objectweb.asm.MethodTooLargeException                                       : loaded 2 times (x 79B)
Class [Lcom.google.common.cache.CacheBuilder$OneWeigher;                              : loaded 2 times (x 65B)
Class com.google.common.base.Suppliers                                                : loaded 2 times (x 67B)
Class org.gradle.internal.classloader.DefaultClassLoaderFactory                       : loaded 2 times (x 78B)
Class kotlin.collections.AbstractList$Companion                                       : loaded 2 times (x 67B)
Class org.gradle.internal.classloader.ClassLoaderVisitor                              : loaded 2 times (x 72B)
Class [Lcom.google.common.collect.ImmutableMapEntry;                                  : loaded 2 times (x 65B)
Class org.gradle.api.internal.classpath.EffectiveClassPath                            : loaded 2 times (x 86B)
Class com.google.common.collect.ImmutableRangeSet                                     : loaded 2 times (x 111B)
Class com.google.common.collect.ListMultimap                                          : loaded 2 times (x 66B)
Class com.google.common.collect.ImmutableEnumMap                                      : loaded 2 times (x 122B)
Class org.gradle.tooling.internal.gradle.DefaultProjectIdentifier                     : loaded 2 times (x 82B)
Class com.google.common.collect.Sets$1                                                : loaded 2 times (x 135B)
Class org.objectweb.asm.AnnotationVisitor                                             : loaded 2 times (x 74B)
Class org.gradle.api.internal.DefaultClassPathProvider                                : loaded 2 times (x 72B)
Class com.google.common.collect.Sets$2                                                : loaded 2 times (x 135B)
Class [Lorg.gradle.api.internal.ClassPathProvider;                                    : loaded 2 times (x 65B)
Class org.gradle.api.internal.ClassPathProvider                                       : loaded 2 times (x 66B)
Class [Lorg.objectweb.asm.AnnotationVisitor;                                          : loaded 2 times (x 65B)
Class com.google.common.collect.Sets$3                                                : loaded 2 times (x 135B)
Class com.google.common.util.concurrent.AbstractFuture$SafeAtomicHelper               : loaded 2 times (x 75B)
Class com.google.common.cache.LocalCache$LocalLoadingCache                            : loaded 2 times (x 130B)
Class org.gradle.internal.service.UnknownServiceException                             : loaded 2 times (x 79B)
Class com.google.common.collect.Sets$4                                                : loaded 2 times (x 135B)
Class org.objectweb.asm.ModuleVisitor                                                 : loaded 2 times (x 77B)
Class com.google.common.cache.LocalCache$Strength$1                                   : loaded 2 times (x 77B)
Class org.jetbrains.kotlin.idea.gradleTooling.KotlinDslScriptAdditionalTask           : loaded 2 times (x 66B)
Class com.google.common.util.concurrent.SettableFuture                                : loaded 2 times (x 110B)
Class com.google.common.cache.LocalCache$Strength$2                                   : loaded 2 times (x 77B)
Class com.google.common.cache.LocalCache$Strength$3                                   : loaded 2 times (x 77B)
Class com.google.common.collect.MapDifference                                         : loaded 2 times (x 66B)
Class org.objectweb.asm.FieldWriter                                                   : loaded 2 times (x 74B)
Class com.google.common.cache.CacheBuilder$NullListener                               : loaded 2 times (x 78B)
Class org.gradle.internal.classpath.TransformedClassPath                              : loaded 2 times (x 92B)
Class org.gradle.internal.classloader.InstrumentingClassLoader                        : loaded 2 times (x 66B)
Class com.google.common.collect.ImmutableRangeSet$AsSet                               : loaded 2 times (x 296B)
Class com.google.common.cache.CacheLoader$FunctionToCacheLoader                       : loaded 2 times (x 71B)
Class com.google.common.collect.Iterators$ArrayItr                                    : loaded 2 times (x 93B)
Class com.google.common.collect.ImmutableCollection$Builder                           : loaded 2 times (x 72B)
Class kotlin.enums.EnumEntriesList                                                    : loaded 2 times (x 219B)
Class com.google.common.base.Joiner                                                   : loaded 2 times (x 75B)
Class com.google.common.base.MoreObjects                                              : loaded 2 times (x 67B)
Class com.google.common.collect.Platform                                              : loaded 2 times (x 67B)
Class [Lorg.objectweb.asm.Type;                                                       : loaded 2 times (x 65B)
Class com.google.common.collect.UnmodifiableIterator                                  : loaded 2 times (x 76B)
Class org.jetbrains.kotlin.idea.gradleTooling.KotlinSourceSetContainer                : loaded 2 times (x 66B)
Class org.jetbrains.plugins.gradle.model.IntelliJSettings                             : loaded 2 times (x 66B)
Class org.gradle.internal.service.ServiceLocator                                      : loaded 2 times (x 66B)
Class com.google.common.base.Ascii                                                    : loaded 2 times (x 67B)
Class com.google.common.collect.SingletonImmutableBiMap                               : loaded 2 times (x 139B)
Class com.google.common.cache.LocalCache$1                                            : loaded 2 times (x 85B)
Class com.google.common.collect.AbstractMapEntry                                      : loaded 2 times (x 77B)
Class org.gradle.tooling.model.UnsupportedMethodException                             : loaded 2 times (x 78B)
Class com.google.common.collect.ImmutableList$Builder                                 : loaded 2 times (x 73B)
Class com.google.common.collect.AbstractMultimap                                      : loaded 2 times (x 119B)
Class com.google.common.cache.LocalCache$2                                            : loaded 2 times (x 138B)
Class com.google.common.collect.ImmutableRangeSet$1                                   : loaded 2 times (x 206B)
Class com.google.common.util.concurrent.AbstractFuture$UnsafeAtomicHelper$1           : loaded 2 times (x 72B)
Class com.google.common.collect.RegularImmutableAsList                                : loaded 2 times (x 213B)
Class com.google.common.collect.Range                                                 : loaded 2 times (x 83B)
Class com.google.common.util.concurrent.AbstractFuture$Trusted                        : loaded 2 times (x 66B)
Class com.google.common.collect.Iterators                                             : loaded 2 times (x 67B)
Class com.intellij.compose.ide.plugin.gradleTooling.rt.ComposeResourcesModel          : loaded 2 times (x 66B)
Class com.google.common.collect.Lists$StringAsImmutableList                           : loaded 2 times (x 203B)
Class com.google.common.util.concurrent.UncheckedExecutionException                   : loaded 2 times (x 78B)
Class org.gradle.kotlin.dsl.VersionCatalogAccessorsKt                                 : loaded 2 times (x 67B)
Class org.gradle.internal.InternalTransformer                                         : loaded 2 times (x 66B)
Class org.objectweb.asm.ClassWriter                                                   : loaded 2 times (x 102B)
Class com.google.common.base.CharMatcher$And                                          : loaded 2 times (x 108B)
Class com.google.common.cache.CacheLoader$UnsupportedLoadingOperationException        : loaded 2 times (x 78B)
Class org.gradle.internal.time.DefaultTimer                                           : loaded 2 times (x 76B)
Class org.gradle.internal.classloader.ClasspathUtil$1                                 : loaded 2 times (x 72B)
Class org.objectweb.asm.FieldVisitor                                                  : loaded 2 times (x 73B)
Class com.google.common.collect.IndexedImmutableSet                                   : loaded 2 times (x 148B)
Class com.google.common.collect.ImmutableMap$1                                        : loaded 2 times (x 77B)
Class com.google.common.collect.BiMap                                                 : loaded 2 times (x 66B)
Class org.gradle.api.internal.classpath.DefaultModuleRegistry$DefaultModule           : loaded 2 times (x 82B)
Class com.google.common.primitives.Ints                                               : loaded 2 times (x 67B)
Class com.google.common.collect.AbstractIterator                                      : loaded 2 times (x 78B)
Class com.google.common.collect.ObjectArrays                                          : loaded 2 times (x 67B)
Class com.google.common.collect.Multiset                                              : loaded 2 times (x 66B)
Class com.google.common.collect.ArrayListMultimapGwtSerializationDependencies         : loaded 2 times (x 168B)
Class com.google.common.collect.AbstractIndexedListIterator                           : loaded 2 times (x 92B)
Class com.google.common.math.MathPreconditions                                        : loaded 2 times (x 67B)
Class org.gradle.internal.time.DefaultCountdownTimer                                  : loaded 2 times (x 84B)
Class com.google.common.collect.ImmutableMapEntrySet                                  : loaded 2 times (x 148B)
Class org.gradle.tooling.internal.gradle.DefaultBuildIdentifier                       : loaded 2 times (x 75B)
Class kotlin.Function                                                                 : loaded 2 times (x 66B)
Class org.gradle.api.internal.classpath.Module                                        : loaded 2 times (x 66B)
Class com.google.common.cache.Weigher                                                 : loaded 2 times (x 66B)
Class org.gradle.api.internal.classpath.UnknownModuleException                        : loaded 2 times (x 78B)
Class com.google.common.base.Stopwatch                                                : loaded 2 times (x 68B)
Class com.google.common.cache.LocalCache$Strength                                     : loaded 2 times (x 77B)
Class com.google.common.cache.Cache                                                   : loaded 2 times (x 66B)
Class com.intellij.openapi.externalSystem.model.project.dependencies.ProjectDependencies: loaded 2 times (x 66B)
Class com.google.common.util.concurrent.AbstractFuture$Cancellation                   : loaded 2 times (x 68B)
Class com.google.common.collect.ImmutableMap$Builder                                  : loaded 2 times (x 78B)
Class com.google.common.cache.RemovalListener                                         : loaded 2 times (x 66B)
Class org.gradle.tooling.internal.gradle.GradleProjectIdentity                        : loaded 2 times (x 66B)
Class org.gradle.api.internal.DefaultClassPathRegistry                                : loaded 2 times (x 72B)
Class com.google.common.primitives.IntsMethodsForWeb                                  : loaded 2 times (x 67B)
Class com.google.common.collect.Multimap                                              : loaded 2 times (x 66B)
Class org.gradle.api.internal.ClassPathRegistry                                       : loaded 2 times (x 66B)
Class org.gradle.internal.classpath.DefaultClassPath$ImmutableUniqueList              : loaded 2 times (x 195B)
Class kotlin.NotImplementedError                                                      : loaded 2 times (x 78B)
Class com.google.common.cache.CacheBuilder                                            : loaded 2 times (x 68B)
Class com.google.common.collect.SingletonImmutableList                                : loaded 2 times (x 203B)
Class Settings_gradle$1                                                               : loaded 2 times (x 70B)
Class org.gradle.internal.classpath.ClassPath                                         : loaded 2 times (x 66B)
Class org.gradle.api.UncheckedIOException                                             : loaded 2 times (x 78B)
Class com.google.common.collect.ImmutableList$ReverseImmutableList                    : loaded 2 times (x 205B)
Class org.objectweb.asm.SymbolTable$Entry                                             : loaded 2 times (x 70B)
Class com.google.common.util.concurrent.AbstractFuture$AtomicHelper                   : loaded 2 times (x 74B)
Class org.jetbrains.kotlin.idea.gradleTooling.KotlinGradleModel                       : loaded 2 times (x 66B)
Class org.objectweb.asm.Edge                                                          : loaded 2 times (x 68B)
Class com.google.common.collect.RegularImmutableMap$KeySet                            : loaded 2 times (x 148B)
Class com.google.common.collect.Iterators$1                                           : loaded 2 times (x 77B)
Class org.gradle.tooling.model.Model                                                  : loaded 2 times (x 66B)
Class com.google.common.cache.LocalCache$ComputingValueReference                      : loaded 2 times (x 92B)
Class com.google.common.collect.SingletonImmutableSet                                 : loaded 2 times (x 142B)
Class com.google.common.collect.ImmutableMap$IteratorBasedImmutableMap                : loaded 2 times (x 122B)
Class kotlin.UninitializedPropertyAccessException                                     : loaded 2 times (x 78B)
Class com.google.common.cache.LocalCache$Segment                                      : loaded 2 times (x 150B)
Class org.jetbrains.plugins.gradle.model.IntelliJProjectSettings                      : loaded 2 times (x 66B)
Class com.google.common.collect.SortedIterable                                        : loaded 2 times (x 66B)
Class com.google.common.collect.AbstractListMultimap                                  : loaded 2 times (x 168B)
Class [Lorg.objectweb.asm.SymbolTable$Entry;                                          : loaded 2 times (x 65B)
Class com.google.common.cache.CacheLoader                                             : loaded 2 times (x 70B)
Class com.google.common.collect.Iterators$4                                           : loaded 2 times (x 78B)
Class com.google.common.collect.ImmutableBiMap                                        : loaded 2 times (x 139B)
Class org.gradle.internal.installation.GradleInstallation$1                           : loaded 2 times (x 71B)
Class org.gradle.api.internal.classpath.ModuleRegistry                                : loaded 2 times (x 66B)
Class com.google.common.util.concurrent.internal.InternalFutureFailureAccess          : loaded 2 times (x 68B)
Class com.google.common.collect.Iterators$5                                           : loaded 2 times (x 78B)
Class com.google.common.collect.ImmutableSet$JdkBackedSetBuilderImpl                  : loaded 2 times (x 72B)
Class org.jetbrains.plugins.gradle.model.VersionCatalogsModel                         : loaded 2 times (x 66B)
Class com.google.common.util.concurrent.AbstractFuture$UnsafeAtomicHelper             : loaded 2 times (x 74B)
Class com.google.common.base.CharMatcher$ForPredicate                                 : loaded 2 times (x 108B)
Class com.google.common.cache.LocalCache$LocalManualCache$1                           : loaded 2 times (x 71B)
Class com.google.common.base.CharMatcher$AnyOf                                        : loaded 2 times (x 108B)
Class com.google.common.collect.ImmutableCollection                                   : loaded 2 times (x 121B)
Class org.gradle.api.internal.classpath.DefaultModuleRegistry                         : loaded 2 times (x 82B)
Class com.google.common.collect.Lists                                                 : loaded 2 times (x 67B)
Class com.google.common.util.concurrent.ListenableFuture                              : loaded 2 times (x 66B)
Class com.google.common.cache.ReferenceEntry                                          : loaded 2 times (x 66B)
Class com.google.common.base.Converter                                                : loaded 2 times (x 86B)
Class com.google.common.collect.ImmutableSet$CachingAsList                            : loaded 2 times (x 144B)
Class com.google.common.collect.AbstractMapBasedMultimap                              : loaded 2 times (x 135B)
Class com.google.common.util.concurrent.AbstractFuture                                : loaded 2 times (x 102B)
Class com.google.common.base.FunctionalEquivalence                                    : loaded 2 times (x 79B)
Class com.google.common.collect.Iterators$9                                           : loaded 2 times (x 77B)
Class com.google.common.collect.ImmutableAsList                                       : loaded 2 times (x 205B)
Class org.objectweb.asm.RecordComponentVisitor                                        : loaded 2 times (x 73B)
Class com.google.common.cache.CacheLoader$SupplierToCacheLoader                       : loaded 2 times (x 71B)
Class com.google.common.collect.Maps$EntryTransformer                                 : loaded 2 times (x 66B)
Class sync_studio_tooling10_7s9exvt57ovd3xrdlxtlfncn3                                 : loaded 2 times (x 175B)
Class org.gradle.internal.time.MonotonicClock                                         : loaded 2 times (x 73B)
Class org.gradle.internal.service.ServiceLookupException                              : loaded 2 times (x 78B)
Class com.google.common.collect.ImmutableSortedSet                                    : loaded 2 times (x 296B)
Class [Lcom.google.common.cache.LocalCache$EntryFactory;                              : loaded 2 times (x 65B)
Class org.gradle.internal.classloader.ClassLoaderFactory                              : loaded 2 times (x 66B)
Class com.google.common.base.CharMatcher$IsNot                                        : loaded 2 times (x 107B)
Class com.google.common.cache.LocalCache$LocalManualCache                             : loaded 2 times (x 95B)
Class org.gradle.internal.service.CachingServiceLocator                               : loaded 2 times (x 78B)
Class com.google.common.collect.RegularImmutableSortedSet                             : loaded 2 times (x 296B)
Class com.google.common.math.IntMath                                                  : loaded 2 times (x 67B)
Class org.jetbrains.plugins.gradle.model.RepositoryModels                             : loaded 2 times (x 66B)
Class org.objectweb.asm.commons.InstructionAdapter                                    : loaded 2 times (x 184B)
Class com.google.common.collect.ImmutableMapEntry                                     : loaded 2 times (x 81B)
Class org.gradle.internal.time.TimeSource                                             : loaded 2 times (x 66B)
Class com.google.common.base.Equivalence                                              : loaded 2 times (x 78B)
Class com.google.common.base.Function                                                 : loaded 2 times (x 66B)
Class com.google.common.collect.ImmutableMapEntry$NonTerminalImmutableMapEntry        : loaded 2 times (x 81B)
Class org.gradle.tooling.internal.gradle.GradleBuildIdentity                          : loaded 2 times (x 66B)
Class kotlin.enums.EnumEntries                                                        : loaded 2 times (x 66B)
Class com.google.common.collect.IndexedImmutableSet$1                                 : loaded 2 times (x 209B)
Class com.google.common.cache.CacheBuilder$OneWeigher                                 : loaded 2 times (x 78B)
Class com.google.common.collect.RegularImmutableList                                  : loaded 2 times (x 209B)
Class org.gradle.internal.exceptions.ResolutionProvider                               : loaded 2 times (x 66B)
Class org.gradle.tooling.model.ProjectIdentifier                                      : loaded 2 times (x 66B)
Class org.gradle.internal.classloader.ClasspathUtil                                   : loaded 2 times (x 67B)
Class org.jetbrains.kotlin.tooling.core.HasExtras                                     : loaded 2 times (x 66B)
Class com.google.common.base.Charsets                                                 : loaded 2 times (x 67B)
Class com.google.common.util.concurrent.Uninterruptibles                              : loaded 2 times (x 67B)
Class com.google.common.collect.Maps                                                  : loaded 2 times (x 67B)
Class org.gradle.internal.time.TimeSource$1                                           : loaded 2 times (x 73B)
Class kotlin.jvm.internal.DefaultConstructorMarker                                    : loaded 2 times (x 67B)
Class org.gradle.api.specs.Spec                                                       : loaded 2 times (x 66B)
Class [Lcom.google.common.collect.ImmutableEntry;                                     : loaded 2 times (x 65B)
Class com.google.common.cache.LocalCache$LoadingValueReference                        : loaded 2 times (x 92B)
Class com.google.common.base.Equivalence$Identity                                     : loaded 2 times (x 78B)
Class org.gradle.internal.time.Clock                                                  : loaded 2 times (x 66B)
Class [Lorg.objectweb.asm.AnnotationWriter;                                           : loaded 2 times (x 65B)
Class com.google.common.collect.Maps$8                                                : loaded 2 times (x 78B)
Class kotlin.collections.AbstractList                                                 : loaded 2 times (x 193B)
Class kotlin.collections.AbstractCollection                                           : loaded 2 times (x 113B)
Class com.google.common.collect.ImmutableRangeSet$Builder                             : loaded 2 times (x 73B)
Class org.jetbrains.kotlin.tooling.core.Extras                                        : loaded 2 times (x 66B)
Class com.google.common.collect.Sets$SetView                                          : loaded 2 times (x 134B)
Class com.google.common.cache.LocalCache$StrongValueReference                         : loaded 2 times (x 86B)
Class com.google.common.util.concurrent.AbstractFuture$SynchronizedHelper             : loaded 2 times (x 74B)
Class org.objectweb.asm.Type                                                          : loaded 2 times (x 68B)
Class org.gradle.internal.classloader.VisitableURLClassLoader$InstrumentingVisitableURLClassLoader: loaded 2 times (x 119B)
Class org.objectweb.asm.ByteVector                                                    : loaded 2 times (x 75B)
Class [Lcom.google.common.cache.CacheBuilder$NullListener;                            : loaded 2 times (x 65B)
Class com.google.common.math.IntMath$1                                                : loaded 2 times (x 67B)
Class org.gradle.internal.classloader.VisitableURLClassLoader$Spec                    : loaded 2 times (x 70B)
Class org.gradle.internal.classpath.DefaultClassPath                                  : loaded 2 times (x 86B)
Class org.objectweb.asm.Symbol                                                        : loaded 2 times (x 69B)
Class com.google.common.base.CharMatcher$Ascii                                        : loaded 2 times (x 108B)
Class com.google.common.base.CharMatcher$BitSetMatcher                                : loaded 2 times (x 108B)
Class com.google.common.collect.ImmutableSet                                          : loaded 2 times (x 141B)
Class com.google.common.collect.RegularImmutableMap$Values                            : loaded 2 times (x 203B)
Class org.gradle.internal.classloader.ClassLoaderSpec                                 : loaded 2 times (x 67B)
Class org.objectweb.asm.AnnotationWriter                                              : loaded 2 times (x 75B)
Class com.google.common.cache.CacheStats                                              : loaded 2 times (x 67B)
Class org.objectweb.asm.RecordComponentWriter                                         : loaded 2 times (x 74B)
Class com.google.common.util.concurrent.AbstractFuture$Listener                       : loaded 2 times (x 68B)
Class com.google.common.base.CharMatcher$Or                                           : loaded 2 times (x 108B)
Class Settings_gradle$1$1                                                             : loaded 2 times (x 70B)
Class kotlin.Unit                                                                     : loaded 2 times (x 67B)
Class org.objectweb.asm.Attribute                                                     : loaded 2 times (x 73B)
Class com.google.common.base.Supplier                                                 : loaded 2 times (x 66B)
Class org.gradle.internal.classloader.VisitableURLClassLoader                         : loaded 2 times (x 113B)
Class com.google.common.util.concurrent.AbstractFuture$Waiter                         : loaded 2 times (x 68B)
Class Settings_gradle                                                                 : loaded 2 times (x 124B)
Class org.gradle.internal.Cast                                                        : loaded 2 times (x 67B)
Class org.gradle.api.Action                                                           : loaded 2 times (x 66B)
Class com.google.common.collect.Sets                                                  : loaded 2 times (x 67B)
Class org.objectweb.asm.Handler                                                       : loaded 2 times (x 68B)
Class com.google.common.base.CharMatcher$FastMatcher                                  : loaded 2 times (x 107B)
Class com.google.common.base.Ticker                                                   : loaded 2 times (x 68B)
Class ijInit2_dfp6dzo1uw4j32ye4gz0i92sw                                               : loaded 2 times (x 175B)
Class kotlin.jvm.functions.Function1                                                  : loaded 2 times (x 66B)
Class [Lcom.google.common.cache.LocalCache$Segment;                                   : loaded 2 times (x 65B)
Class com.google.common.base.Predicate                                                : loaded 2 times (x 66B)
Class [Lcom.google.common.cache.LocalCache$Strength;                                  : loaded 2 times (x 65B)
Class com.google.common.cache.CacheBuilder$1                                          : loaded 2 times (x 81B)
Class com.google.common.collect.ImmutableMap                                          : loaded 2 times (x 116B)
Class org.gradle.internal.classpath.DefaultClassPath$ImmutableUniqueList$Builder      : loaded 2 times (x 71B)
Class com.google.common.collect.AbstractRangeSet                                      : loaded 2 times (x 110B)
Class com.google.common.base.CharMatcher$NegatedFastMatcher                           : loaded 2 times (x 109B)
Class com.google.common.cache.LocalCache                                              : loaded 2 times (x 183B)
Class com.google.common.cache.CacheBuilder$2                                          : loaded 2 times (x 75B)
Class com.google.common.collect.ArrayListMultimap                                     : loaded 2 times (x 168B)
Class com.google.common.cache.CacheBuilder$3                                          : loaded 2 times (x 68B)
Class [Lcom.google.common.collect.AbstractMapEntry;                                   : loaded 2 times (x 65B)
Class com.google.common.collect.ImmutableEntry                                        : loaded 2 times (x 78B)
Class com.google.common.base.Suppliers$SupplierOfInstance                             : loaded 2 times (x 75B)
Class org.gradle.internal.exceptions.NonGradleCauseExceptionsHolder                   : loaded 2 times (x 66B)
Class com.google.common.collect.CollectPreconditions                                  : loaded 2 times (x 67B)
Class com.google.common.collect.SortedMapDifference                                   : loaded 2 times (x 66B)
Class org.jetbrains.plugins.gradle.tooling.ModelBuilderService$Parameter              : loaded 2 times (x 66B)
Class com.google.common.cache.LocalCache$EntryFactory                                 : loaded 2 times (x 79B)
Class org.jetbrains.kotlin.tooling.core.HasMutableExtras                              : loaded 2 times (x 66B)
Class com.google.common.cache.LocalCache$AbstractReferenceEntry                       : loaded 2 times (x 103B)
Class kotlin.enums.EnumEntriesKt                                                      : loaded 2 times (x 67B)
Class org.gradle.internal.IoActions                                                   : loaded 2 times (x 67B)
Class com.google.common.collect.ImmutableRangeSet$ComplementRanges                    : loaded 2 times (x 203B)
Class org.objectweb.asm.SymbolTable                                                   : loaded 2 times (x 68B)
Class com.google.common.cache.CacheLoader$InvalidCacheLoadException                   : loaded 2 times (x 78B)
Class com.google.common.collect.ImmutableSet$RegularSetBuilderImpl                    : loaded 2 times (x 73B)
Class org.gradle.internal.classloader.SystemClassLoaderSpec                           : loaded 2 times (x 67B)
Class com.google.common.cache.LocalCache$StrongEntry                                  : loaded 2 times (x 104B)
Class com.google.common.util.concurrent.AbstractFuture$TrustedFuture                  : loaded 2 times (x 110B)
Class com.google.common.cache.LoadingCache                                            : loaded 2 times (x 66B)
Class org.gradle.internal.exceptions.MultiCauseException                              : loaded 2 times (x 66B)
Class org.gradle.internal.time.CountdownTimer                                         : loaded 2 times (x 66B)
Class kotlin.jvm.internal.Intrinsics                                                  : loaded 2 times (x 67B)
Class org.objectweb.asm.MethodWriter                                                  : loaded 2 times (x 102B)
Class [Lcom.google.common.cache.Weigher;                                              : loaded 2 times (x 65B)
Class com.google.common.collect.RegularImmutableMap$BucketOverflowException           : loaded 2 times (x 78B)
Class org.gradle.tooling.model.ProjectModel                                           : loaded 2 times (x 66B)
Class kotlin.KotlinNullPointerException                                               : loaded 2 times (x 79B)
Class com.google.common.collect.RegularImmutableBiMap                                 : loaded 2 times (x 145B)
Class com.google.common.base.CharMatcher$Negated                                      : loaded 2 times (x 109B)
Class com.google.common.base.CharMatcher$Is                                           : loaded 2 times (x 107B)
Class com.google.common.cache.LocalCache$ValueReference                               : loaded 2 times (x 66B)
Class org.jetbrains.plugins.gradle.model.tests.ExternalTestsModel                     : loaded 2 times (x 66B)
Class org.gradle.internal.exceptions.DefaultMultiCauseException                       : loaded 2 times (x 91B)
Class com.google.common.util.concurrent.AbstractFuture$Failure                        : loaded 2 times (x 68B)
Class com.google.common.base.Equivalence$Equals                                       : loaded 2 times (x 78B)
Class com.google.common.collect.Hashing                                               : loaded 2 times (x 67B)
Class com.google.common.base.Preconditions                                            : loaded 2 times (x 67B)
Class com.google.common.base.Joiner$1                                                 : loaded 2 times (x 76B)
Class org.objectweb.asm.Label                                                         : loaded 2 times (x 69B)
Class org.objectweb.asm.CurrentFrame                                                  : loaded 2 times (x 69B)
Class org.objectweb.asm.ClassTooLargeException                                        : loaded 2 times (x 79B)
Class com.google.common.base.CharMatcher                                              : loaded 2 times (x 107B)
Class com.google.common.collect.PeekingIterator                                       : loaded 2 times (x 66B)
Class org.gradle.internal.time.Time                                                   : loaded 2 times (x 67B)
Class com.google.common.collect.RangeGwtSerializationDependencies                     : loaded 2 times (x 67B)
Class com.google.common.base.Joiner$2                                                 : loaded 2 times (x 75B)
Class org.objectweb.asm.Frame                                                         : loaded 2 times (x 69B)
Class org.objectweb.asm.MethodVisitor                                                 : loaded 2 times (x 101B)
Class com.google.common.base.CharMatcher$1                                            : loaded 2 times (x 109B)
Class com.google.common.base.CharMatcher$NamedFastMatcher                             : loaded 2 times (x 108B)
Class com.google.common.cache.LocalCache$EntryFactory$1                               : loaded 2 times (x 79B)
Class [Lcom.google.common.cache.RemovalListener;                                      : loaded 2 times (x 65B)
Class com.google.common.collect.RangeSet                                              : loaded 2 times (x 66B)
Class com.google.common.cache.LocalCache$EntryFactory$2                               : loaded 2 times (x 79B)
Class org.jetbrains.plugins.gradle.model.DependencyAccessorsModel                     : loaded 2 times (x 66B)
Class org.gradle.api.internal.classpath.GlobalCacheRootsProvider                      : loaded 2 times (x 66B)
Class com.google.common.collect.CollectCollectors                                     : loaded 2 times (x 67B)
Class org.objectweb.asm.ModuleWriter                                                  : loaded 2 times (x 78B)
Class com.google.common.cache.LocalCache$EntryFactory$3                               : loaded 2 times (x 79B)
Class com.google.common.base.Ticker$1                                                 : loaded 2 times (x 68B)
Class com.google.common.collect.Maps$BiMapConverter                                   : loaded 2 times (x 86B)
Class com.google.common.collect.ImmutableMapEntrySet$RegularEntrySet                  : loaded 2 times (x 148B)
Class org.jetbrains.kotlin.idea.gradleTooling.KotlinMPPGradleModel                    : loaded 2 times (x 66B)
Class org.gradle.tooling.model.BuildIdentifier                                        : loaded 2 times (x 66B)
Class com.google.common.base.CharMatcher$InRange                                      : loaded 2 times (x 107B)
Class com.google.common.cache.LocalCache$EntryFactory$4                               : loaded 2 times (x 79B)
Class com.google.common.collect.ImmutableSet$Builder                                  : loaded 2 times (x 81B)
Class org.jetbrains.kotlin.idea.gradleTooling.PrepareKotlinIdeImportTaskModel         : loaded 2 times (x 66B)
Class com.google.common.cache.LocalCache$EntryFactory$5                               : loaded 2 times (x 79B)
Class com.google.common.base.PairwiseEquivalence                                      : loaded 2 times (x 79B)
Class com.google.common.cache.LocalCache$EntryFactory$6                               : loaded 2 times (x 79B)
Class org.gradle.internal.time.Timer                                                  : loaded 2 times (x 66B)
Class kotlin.jvm.internal.markers.KMappedMarker                                       : loaded 2 times (x 66B)
Class org.gradle.internal.installation.CurrentGradleInstallationLocator               : loaded 2 times (x 67B)
Class com.google.common.cache.LocalCache$EntryFactory$7                               : loaded 2 times (x 79B)
Class com.google.common.collect.ImmutableSet$EmptySetBuilderImpl                      : loaded 2 times (x 72B)
Class com.google.common.collect.ImmutableList                                         : loaded 2 times (x 202B)
Class org.gradle.internal.service.DefaultServiceLocator                               : loaded 2 times (x 79B)
Class com.google.common.cache.LocalCache$EntryFactory$8                               : loaded 2 times (x 79B)
Class com.google.common.collect.ImmutableSet$SetBuilderImpl                           : loaded 2 times (x 72B)
Class org.gradle.util.GradleVersion                                                   : loaded 2 times (x 75B)
Class org.gradle.internal.installation.CurrentGradleInstallation                      : loaded 2 times (x 69B)
Class com.google.common.cache.CacheLoader$1                                           : loaded 2 times (x 71B)
Class com.google.common.collect.ImmutableList$SubList                                 : loaded 2 times (x 205B)
Class org.jetbrains.plugins.gradle.javaModel.JavaGradleManifestModel                  : loaded 2 times (x 66B)
Class org.gradle.util.internal.GUtil                                                  : loaded 2 times (x 67B)
Class com.google.common.util.concurrent.AbstractFuture$SetFuture                      : loaded 2 times (x 71B)
Class com.google.common.cache.AbstractCache$StatsCounter                              : loaded 2 times (x 66B)
Class com.google.common.collect.Iterators$MergingIterator                             : loaded 2 times (x 77B)
Class com.google.common.collect.RegularImmutableSet                                   : loaded 2 times (x 145B)
Class org.gradle.internal.installation.GradleInstallation                             : loaded 2 times (x 71B)
Class com.google.common.collect.Iterables                                             : loaded 2 times (x 67B)

---------------  S Y S T E M  ---------------

OS:
 Windows 11 , 64 bit Build 26100 (10.0.26100.7705)
OS uptime: 0 days 19:40 hours
Hyper-V role detected

CPU: total 8 (initial active 8) (4 cores per cpu, 2 threads per core) family 6 model 142 stepping 12 microcode 0xde, cx8, cmov, fxsr, ht, mmx, 3dnowpref, sse, sse2, sse3, ssse3, sse4.1, sse4.2, popcnt, lzcnt, tsc, tscinvbit, avx, avx2, aes, erms, clmul, bmi1, bmi2, adx, fma, vzeroupper, clflush, clflushopt, hv, rdtscp, f16c
Processor Information for processor 0
  Max Mhz: 2304, Current Mhz: 1803, Mhz Limit: 1797
Processor Information for processor 1
  Max Mhz: 2304, Current Mhz: 1803, Mhz Limit: 1797
Processor Information for processor 2
  Max Mhz: 2304, Current Mhz: 1803, Mhz Limit: 1797
Processor Information for processor 3
  Max Mhz: 2304, Current Mhz: 1502, Mhz Limit: 1797
Processor Information for processor 4
  Max Mhz: 2304, Current Mhz: 1803, Mhz Limit: 1797
Processor Information for processor 5
  Max Mhz: 2304, Current Mhz: 1803, Mhz Limit: 1797
Processor Information for processor 6
  Max Mhz: 2304, Current Mhz: 1803, Mhz Limit: 1797
Processor Information for processor 7
  Max Mhz: 2304, Current Mhz: 1803, Mhz Limit: 1797

Memory: 4k page, system-wide physical 7990M (636M free)
TotalPageFile size 16182M (AvailPageFile size 11M)
current process WorkingSet (physical memory assigned to process): 477M, peak: 478M
current process commit charge ("private bytes"): 606M, peak: 609M

vm_info: OpenJDK 64-Bit Server VM (21.0.6+-13391695-b895.109) for windows-amd64 JRE (21.0.6+-13391695-b895.109), built on 2025-04-22T21:19:17Z by "builder" with MS VC++ 16.10 / 16.11 (VS2019)

END.
