#
# There is insufficient memory for the Java Runtime Environment to continue.
# Native memory allocation (mmap) failed to map 32505856 bytes. Error detail: G1 virtual space
# Possible reasons:
#   The system is out of physical RAM or swap space
#   This process is running with CompressedOops enabled, and the Java Heap may be blocking the growth of the native heap
# Possible solutions:
#   Reduce memory load on the system
#   Increase physical memory or swap space
#   Check if swap backing store is full
#   Decrease Java heap size (-Xmx/-Xms)
#   Decrease number of Java threads
#   Decrease Java thread stack sizes (-Xss)
#   Set larger code cache with -XX:ReservedCodeCacheSize=
#   JVM is running with Unscaled Compressed Oops mode in which the Java heap is
#     placed in the first 4GB address space. The Java Heap base address is the
#     maximum limit for the native heap growth. Please use -XX:HeapBaseMinAddress
#     to set the Java Heap base and to place the Java Heap above 4GB virtual address.
# This output file may be truncated or incomplete.
#
#  Out of Memory Error (os_windows.cpp:3898), pid=3660, tid=11008
#
# JRE version: OpenJDK Runtime Environment (21.0.6) (build 21.0.6+-13391695-b895.109)
# Java VM: OpenJDK 64-Bit Server VM (21.0.6+-13391695-b895.109, mixed mode, tiered, compressed oops, compressed class ptrs, g1 gc, windows-amd64)
# No core dump will be written. Minidumps are not enabled by default on client versions of Windows
#

---------------  S U M M A R Y ------------

Command Line: --add-opens=java.base/java.lang=ALL-UNNAMED --add-opens=java.base/java.lang.invoke=ALL-UNNAMED --add-opens=java.base/java.util=ALL-UNNAMED --add-opens=java.prefs/java.util.prefs=ALL-UNNAMED --add-exports=jdk.compiler/com.sun.tools.javac.api=ALL-UNNAMED --add-exports=jdk.compiler/com.sun.tools.javac.util=ALL-UNNAMED --add-opens=java.base/java.util=ALL-UNNAMED --add-opens=java.prefs/java.util.prefs=ALL-UNNAMED --add-opens=java.base/java.nio.charset=ALL-UNNAMED --add-opens=java.base/java.net=ALL-UNNAMED --add-opens=java.base/java.util.concurrent.atomic=ALL-UNNAMED --add-opens=java.xml/javax.xml.namespace=ALL-UNNAMED -Xmx2048m -Dfile.encoding=UTF-8 -Duser.country=US -Duser.language=en -Duser.variant -javaagent:C:\Users\Asus\.gradle\wrapper\dists\gradle-8.13-bin\5xuhj0ry160q40clulazy9h7d\gradle-8.13\lib\agents\gradle-instrumentation-agent-8.13.jar org.gradle.launcher.daemon.bootstrap.GradleDaemon 8.13

Host: Intel(R) Core(TM) i7-10510U CPU @ 1.80GHz, 8 cores, 7G,  Windows 11 , 64 bit Build 26100 (10.0.26100.7623)
Time: Sun Jan 18 23:54:57 2026 SE Asia Standard Time elapsed time: 29.599153 seconds (0d 0h 0m 29s)

---------------  T H R E A D  ---------------

Current thread (0x0000022ec359eb30):  VMThread "VM Thread"          [id=11008, stack(0x000000e200700000,0x000000e200800000) (1024K)]

Stack: [0x000000e200700000,0x000000e200800000]
Native frames: (J=compiled Java code, j=interpreted, Vv=VM code, C=native code)
V  [jvm.dll+0x6d0639]
V  [jvm.dll+0x85eb03]
V  [jvm.dll+0x86105e]
V  [jvm.dll+0x861743]
V  [jvm.dll+0x27e6e6]
V  [jvm.dll+0x6ccfd5]
V  [jvm.dll+0x6c0a8a]
V  [jvm.dll+0x35537b]
V  [jvm.dll+0x35cfd6]
V  [jvm.dll+0x3aef86]
V  [jvm.dll+0x3af258]
V  [jvm.dll+0x327a2c]
V  [jvm.dll+0x32a436]
V  [jvm.dll+0x33438d]
V  [jvm.dll+0x36ba15]
V  [jvm.dll+0x8674c8]
V  [jvm.dll+0x868844]
V  [jvm.dll+0x868d80]
V  [jvm.dll+0x869013]
V  [jvm.dll+0x806ed8]
V  [jvm.dll+0x6cef0d]
C  [ucrtbase.dll+0x37b0]
C  [KERNEL32.DLL+0x2e8d7]
C  [ntdll.dll+0x8c53c]

VM_Operation (0x000000e2002ff8d0): G1PauseRemark, mode: safepoint, requested by thread 0x0000022eabf06480


---------------  P R O C E S S  ---------------

Threads class SMR info:
_java_thread_list=0x0000022ecc8a1540, length=83, elements={
0x0000022eabe9e620, 0x0000022ec374ae20, 0x0000022ec374d880, 0x0000022ec374f710,
0x0000022ec375a700, 0x0000022ec375b150, 0x0000022ec375bba0, 0x0000022ec375dc70,
0x0000022ec379a250, 0x0000022ec353f820, 0x0000022ec3a7e0b0, 0x0000022ec8cd1db0,
0x0000022ec964b540, 0x0000022ec9a7fae0, 0x0000022ec986b020, 0x0000022ec986b680,
0x0000022ec9831a90, 0x0000022ec97faca0, 0x0000022ec9ae8e40, 0x0000022ec9ae66e0,
0x0000022ec9ae94d0, 0x0000022ec9ae6d70, 0x0000022ec9ae87b0, 0x0000022ec9ae7400,
0x0000022ec9ae7a90, 0x0000022ec9ae6050, 0x0000022ec9ae8120, 0x0000022ecbca3590,
0x0000022ecbca2f00, 0x0000022ecbca0110, 0x0000022ecbca0e30, 0x0000022ecbca3c20,
0x0000022ecbca07a0, 0x0000022ecbca4940, 0x0000022ecbca14c0, 0x0000022ecbca42b0,
0x0000022ecbca5660, 0x0000022ecbca2870, 0x0000022ecbca7730, 0x0000022ecbca6a10,
0x0000022ecbca70a0, 0x0000022ecbf41ad0, 0x0000022ecbf40090, 0x0000022ecbf41440,
0x0000022ecbf427f0, 0x0000022ecbf40720, 0x0000022ecbf43510, 0x0000022ecbf42e80,
0x0000022ecbf44230, 0x0000022ecbf43ba0, 0x0000022ecbf40db0, 0x0000022ecbf476b0,
0x0000022ecbf448c0, 0x0000022ecbf45c70, 0x0000022ecbf44f50, 0x0000022ecbf455e0,
0x0000022ecbf46990, 0x0000022ecbf46300, 0x0000022ec81844d0, 0x0000022eca03fe10,
0x0000022eca03d020, 0x0000022eca03f780, 0x0000022eca0404a0, 0x0000022eca03d6b0,
0x0000022eca0411c0, 0x0000022eca03dd40, 0x0000022eca041850, 0x0000022eca03e3d0,
0x0000022eca041ee0, 0x0000022eca042570, 0x0000022eca042c00, 0x0000022eca043290,
0x0000022ecdf26c30, 0x0000022ecdf29390, 0x0000022ecdf272c0, 0x0000022ecdf27950,
0x0000022ecdf27fe0, 0x0000022ecdf28670, 0x0000022ecdf29a20, 0x0000022ecdf28d00,
0x0000022ecdf265a0, 0x0000022ecdf2c180, 0x0000022ecdf2c810
}

Java Threads: ( => current thread )
  0x0000022eabe9e620 JavaThread "main"                              [_thread_blocked, id=1432, stack(0x000000e200000000,0x000000e200100000) (1024K)]
  0x0000022ec374ae20 JavaThread "Reference Handler"          daemon [_thread_blocked, id=20868, stack(0x000000e200800000,0x000000e200900000) (1024K)]
  0x0000022ec374d880 JavaThread "Finalizer"                  daemon [_thread_blocked, id=18472, stack(0x000000e200900000,0x000000e200a00000) (1024K)]
  0x0000022ec374f710 JavaThread "Signal Dispatcher"          daemon [_thread_blocked, id=824, stack(0x000000e200a00000,0x000000e200b00000) (1024K)]
  0x0000022ec375a700 JavaThread "Attach Listener"            daemon [_thread_blocked, id=21428, stack(0x000000e200b00000,0x000000e200c00000) (1024K)]
  0x0000022ec375b150 JavaThread "Service Thread"             daemon [_thread_blocked, id=5072, stack(0x000000e200c00000,0x000000e200d00000) (1024K)]
  0x0000022ec375bba0 JavaThread "Monitor Deflation Thread"   daemon [_thread_blocked, id=3736, stack(0x000000e200d00000,0x000000e200e00000) (1024K)]
  0x0000022ec375dc70 JavaThread "C2 CompilerThread0"         daemon [_thread_blocked, id=18384, stack(0x000000e200e00000,0x000000e200f00000) (1024K)]
  0x0000022ec379a250 JavaThread "C1 CompilerThread0"         daemon [_thread_blocked, id=4992, stack(0x000000e200f00000,0x000000e201000000) (1024K)]
  0x0000022ec353f820 JavaThread "Common-Cleaner"             daemon [_thread_blocked, id=20648, stack(0x000000e201000000,0x000000e201100000) (1024K)]
  0x0000022ec3a7e0b0 JavaThread "Notification Thread"        daemon [_thread_blocked, id=18688, stack(0x000000e201100000,0x000000e201200000) (1024K)]
  0x0000022ec8cd1db0 JavaThread "Daemon health stats"               [_thread_blocked, id=6888, stack(0x000000e201a00000,0x000000e201b00000) (1024K)]
  0x0000022ec964b540 JavaThread "Incoming local TCP Connector on port 63952"        [_thread_in_native, id=15644, stack(0x000000e201b00000,0x000000e201c00000) (1024K)]
  0x0000022ec9a7fae0 JavaThread "Daemon periodic checks"            [_thread_blocked, id=13428, stack(0x000000e201c00000,0x000000e201d00000) (1024K)]
  0x0000022ec986b020 JavaThread "Daemon"                            [_thread_blocked, id=8444, stack(0x000000e201d00000,0x000000e201e00000) (1024K)]
  0x0000022ec986b680 JavaThread "Handler for socket connection from /127.0.0.1:63952 to /127.0.0.1:63953"        [_thread_in_native, id=16232, stack(0x000000e201e00000,0x000000e201f00000) (1024K)]
  0x0000022ec9831a90 JavaThread "Cancel handler"                    [_thread_blocked, id=12800, stack(0x000000e201f00000,0x000000e202000000) (1024K)]
  0x0000022ec97faca0 JavaThread "Daemon worker"                     [_thread_blocked, id=15680, stack(0x000000e202000000,0x000000e202100000) (1024K)]
  0x0000022ec9ae8e40 JavaThread "Asynchronous log dispatcher for DefaultDaemonConnection: socket connection from /127.0.0.1:63952 to /127.0.0.1:63953"        [_thread_blocked, id=1600, stack(0x000000e202100000,0x000000e202200000) (1024K)]
  0x0000022ec9ae66e0 JavaThread "Stdin handler"                     [_thread_blocked, id=18080, stack(0x000000e202200000,0x000000e202300000) (1024K)]
  0x0000022ec9ae94d0 JavaThread "Daemon client event forwarder"        [_thread_blocked, id=4460, stack(0x000000e202300000,0x000000e202400000) (1024K)]
  0x0000022ec9ae6d70 JavaThread "Cache worker for journal cache (C:\Users\Asus\.gradle\caches\journal-1)"        [_thread_blocked, id=21068, stack(0x000000e202500000,0x000000e202600000) (1024K)]
  0x0000022ec9ae87b0 JavaThread "File lock request listener"        [_thread_in_native, id=7680, stack(0x000000e202600000,0x000000e202700000) (1024K)]
  0x0000022ec9ae7400 JavaThread "Cache worker for file hash cache (C:\Users\Asus\.gradle\caches\8.13\fileHashes)"        [_thread_blocked, id=6296, stack(0x000000e202700000,0x000000e202800000) (1024K)]
  0x0000022ec9ae7a90 JavaThread "Cache worker for file hash cache (D:\Dicoding\Belajar Fundamental Aplikasi Android\GPT\4.4 Latihan Fragment + Navigation Component Extra Advanced\.gradle\8.13\fileHashes)"        [_thread_blocked, id=21844, stack(0x000000e202800000,0x000000e202900000) (1024K)]
  0x0000022ec9ae6050 JavaThread "Cache worker for Build Output Cleanup Cache (D:\Dicoding\Belajar Fundamental Aplikasi Android\GPT\4.4 Latihan Fragment + Navigation Component Extra Advanced\.gradle\buildOutputCleanup)"        [_thread_blocked, id=20536, stack(0x000000e202900000,0x000000e202a00000) (1024K)]
  0x0000022ec9ae8120 JavaThread "File watcher server"        daemon [_thread_in_native, id=9196, stack(0x000000e202a00000,0x000000e202b00000) (1024K)]
  0x0000022ecbca3590 JavaThread "File watcher consumer"      daemon [_thread_blocked, id=21820, stack(0x000000e202b00000,0x000000e202c00000) (1024K)]
  0x0000022ecbca2f00 JavaThread "jar transforms"                    [_thread_blocked, id=21480, stack(0x000000e202c00000,0x000000e202d00000) (1024K)]
  0x0000022ecbca0110 JavaThread "jar transforms Thread 2"           [_thread_blocked, id=20240, stack(0x000000e202d00000,0x000000e202e00000) (1024K)]
  0x0000022ecbca0e30 JavaThread "jar transforms Thread 3"           [_thread_blocked, id=2964, stack(0x000000e202e00000,0x000000e202f00000) (1024K)]
  0x0000022ecbca3c20 JavaThread "jar transforms Thread 4"           [_thread_blocked, id=12868, stack(0x000000e202f00000,0x000000e203000000) (1024K)]
  0x0000022ecbca07a0 JavaThread "jar transforms Thread 5"           [_thread_blocked, id=5992, stack(0x000000e203000000,0x000000e203100000) (1024K)]
  0x0000022ecbca4940 JavaThread "jar transforms Thread 6"           [_thread_blocked, id=268, stack(0x000000e203100000,0x000000e203200000) (1024K)]
  0x0000022ecbca14c0 JavaThread "jar transforms Thread 7"           [_thread_blocked, id=16592, stack(0x000000e203200000,0x000000e203300000) (1024K)]
  0x0000022ecbca42b0 JavaThread "jar transforms Thread 8"           [_thread_blocked, id=12564, stack(0x000000e203300000,0x000000e203400000) (1024K)]
  0x0000022ecbca5660 JavaThread "Cache worker for checksums cache (D:\Dicoding\Belajar Fundamental Aplikasi Android\GPT\4.4 Latihan Fragment + Navigation Component Extra Advanced\.gradle\8.13\checksums)"        [_thread_blocked, id=12392, stack(0x000000e203500000,0x000000e203600000) (1024K)]
  0x0000022ecbca2870 JavaThread "Cache worker for file content cache (C:\Users\Asus\.gradle\caches\8.13\fileContent)"        [_thread_blocked, id=18760, stack(0x000000e203600000,0x000000e203700000) (1024K)]
  0x0000022ecbca7730 JavaThread "Cache worker for cache directory md-supplier (C:\Users\Asus\.gradle\caches\8.13\md-supplier)"        [_thread_blocked, id=788, stack(0x000000e203700000,0x000000e203800000) (1024K)]
  0x0000022ecbca6a10 JavaThread "Cache worker for cache directory md-rule (C:\Users\Asus\.gradle\caches\8.13\md-rule)"        [_thread_blocked, id=18160, stack(0x000000e203800000,0x000000e203900000) (1024K)]
  0x0000022ecbca70a0 JavaThread "Unconstrained build operations"        [_thread_blocked, id=16336, stack(0x000000e203900000,0x000000e203a00000) (1024K)]
  0x0000022ecbf41ad0 JavaThread "Unconstrained build operations Thread 2"        [_thread_blocked, id=17676, stack(0x000000e203a00000,0x000000e203b00000) (1024K)]
  0x0000022ecbf40090 JavaThread "Unconstrained build operations Thread 3"        [_thread_blocked, id=13904, stack(0x000000e203b00000,0x000000e203c00000) (1024K)]
  0x0000022ecbf41440 JavaThread "Unconstrained build operations Thread 4"        [_thread_blocked, id=10364, stack(0x000000e203c00000,0x000000e203d00000) (1024K)]
  0x0000022ecbf427f0 JavaThread "Unconstrained build operations Thread 5"        [_thread_blocked, id=13392, stack(0x000000e203d00000,0x000000e203e00000) (1024K)]
  0x0000022ecbf40720 JavaThread "Unconstrained build operations Thread 6"        [_thread_blocked, id=16572, stack(0x000000e203e00000,0x000000e203f00000) (1024K)]
  0x0000022ecbf43510 JavaThread "Unconstrained build operations Thread 7"        [_thread_blocked, id=16876, stack(0x000000e203f00000,0x000000e204000000) (1024K)]
  0x0000022ecbf42e80 JavaThread "Unconstrained build operations Thread 8"        [_thread_blocked, id=19624, stack(0x000000e204000000,0x000000e204100000) (1024K)]
  0x0000022ecbf44230 JavaThread "Unconstrained build operations Thread 9"        [_thread_blocked, id=18744, stack(0x000000e204100000,0x000000e204200000) (1024K)]
  0x0000022ecbf43ba0 JavaThread "Unconstrained build operations Thread 10"        [_thread_blocked, id=15464, stack(0x000000e204200000,0x000000e204300000) (1024K)]
  0x0000022ecbf40db0 JavaThread "Unconstrained build operations Thread 11"        [_thread_blocked, id=22652, stack(0x000000e204300000,0x000000e204400000) (1024K)]
  0x0000022ecbf476b0 JavaThread "Unconstrained build operations Thread 12"        [_thread_blocked, id=13956, stack(0x000000e204400000,0x000000e204500000) (1024K)]
  0x0000022ecbf448c0 JavaThread "Unconstrained build operations Thread 13"        [_thread_blocked, id=14964, stack(0x000000e204500000,0x000000e204600000) (1024K)]
  0x0000022ecbf45c70 JavaThread "Unconstrained build operations Thread 14"        [_thread_blocked, id=16308, stack(0x000000e204600000,0x000000e204700000) (1024K)]
  0x0000022ecbf44f50 JavaThread "Unconstrained build operations Thread 15"        [_thread_blocked, id=10740, stack(0x000000e204700000,0x000000e204800000) (1024K)]
  0x0000022ecbf455e0 JavaThread "Unconstrained build operations Thread 16"        [_thread_blocked, id=9008, stack(0x000000e204800000,0x000000e204900000) (1024K)]
  0x0000022ecbf46990 JavaThread "Unconstrained build operations Thread 17"        [_thread_blocked, id=7972, stack(0x000000e204900000,0x000000e204a00000) (1024K)]
  0x0000022ecbf46300 JavaThread "Unconstrained build operations Thread 18"        [_thread_blocked, id=22944, stack(0x000000e204a00000,0x000000e204b00000) (1024K)]
  0x0000022ec81844d0 JavaThread "C2 CompilerThread1"         daemon [_thread_blocked, id=19536, stack(0x000000e203400000,0x000000e203500000) (1024K)]
  0x0000022eca03fe10 JavaThread "Unconstrained build operations Thread 19"        [_thread_blocked, id=12072, stack(0x000000e204b00000,0x000000e204c00000) (1024K)]
  0x0000022eca03d020 JavaThread "Unconstrained build operations Thread 20"        [_thread_blocked, id=7176, stack(0x000000e204c00000,0x000000e204d00000) (1024K)]
  0x0000022eca03f780 JavaThread "Unconstrained build operations Thread 21"        [_thread_blocked, id=9752, stack(0x000000e204d00000,0x000000e204e00000) (1024K)]
  0x0000022eca0404a0 JavaThread "Unconstrained build operations Thread 22"        [_thread_blocked, id=5304, stack(0x000000e204e00000,0x000000e204f00000) (1024K)]
  0x0000022eca03d6b0 JavaThread "Unconstrained build operations Thread 23"        [_thread_blocked, id=7164, stack(0x000000e204f00000,0x000000e205000000) (1024K)]
  0x0000022eca0411c0 JavaThread "Unconstrained build operations Thread 24"        [_thread_blocked, id=16732, stack(0x000000e205000000,0x000000e205100000) (1024K)]
  0x0000022eca03dd40 JavaThread "Unconstrained build operations Thread 25"        [_thread_blocked, id=17304, stack(0x000000e205100000,0x000000e205200000) (1024K)]
  0x0000022eca041850 JavaThread "Unconstrained build operations Thread 26"        [_thread_blocked, id=16652, stack(0x000000e205200000,0x000000e205300000) (1024K)]
  0x0000022eca03e3d0 JavaThread "Unconstrained build operations Thread 27"        [_thread_blocked, id=21356, stack(0x000000e205300000,0x000000e205400000) (1024K)]
  0x0000022eca041ee0 JavaThread "Unconstrained build operations Thread 28"        [_thread_blocked, id=7684, stack(0x000000e205400000,0x000000e205500000) (1024K)]
  0x0000022eca042570 JavaThread "Unconstrained build operations Thread 29"        [_thread_blocked, id=16668, stack(0x000000e205500000,0x000000e205600000) (1024K)]
  0x0000022eca042c00 JavaThread "Unconstrained build operations Thread 30"        [_thread_blocked, id=23364, stack(0x000000e205600000,0x000000e205700000) (1024K)]
  0x0000022eca043290 JavaThread "Unconstrained build operations Thread 31"        [_thread_blocked, id=18488, stack(0x000000e205700000,0x000000e205800000) (1024K)]
  0x0000022ecdf26c30 JavaThread "Unconstrained build operations Thread 32"        [_thread_blocked, id=20616, stack(0x000000e205800000,0x000000e205900000) (1024K)]
  0x0000022ecdf29390 JavaThread "Unconstrained build operations Thread 33"        [_thread_blocked, id=3140, stack(0x000000e205900000,0x000000e205a00000) (1024K)]
  0x0000022ecdf272c0 JavaThread "Unconstrained build operations Thread 34"        [_thread_blocked, id=17888, stack(0x000000e205a00000,0x000000e205b00000) (1024K)]
  0x0000022ecdf27950 JavaThread "Unconstrained build operations Thread 35"        [_thread_blocked, id=20736, stack(0x000000e205b00000,0x000000e205c00000) (1024K)]
  0x0000022ecdf27fe0 JavaThread "Unconstrained build operations Thread 36"        [_thread_blocked, id=8124, stack(0x000000e205c00000,0x000000e205d00000) (1024K)]
  0x0000022ecdf28670 JavaThread "Unconstrained build operations Thread 37"        [_thread_blocked, id=14464, stack(0x000000e205d00000,0x000000e205e00000) (1024K)]
  0x0000022ecdf29a20 JavaThread "Unconstrained build operations Thread 38"        [_thread_blocked, id=3060, stack(0x000000e205e00000,0x000000e205f00000) (1024K)]
  0x0000022ecdf28d00 JavaThread "Unconstrained build operations Thread 39"        [_thread_blocked, id=5980, stack(0x000000e205f00000,0x000000e206000000) (1024K)]
  0x0000022ecdf265a0 JavaThread "Unconstrained build operations Thread 40"        [_thread_blocked, id=12728, stack(0x000000e206000000,0x000000e206100000) (1024K)]
  0x0000022ecdf2c180 JavaThread "Unconstrained build operations Thread 41"        [_thread_blocked, id=11136, stack(0x000000e206100000,0x000000e206200000) (1024K)]
  0x0000022ecdf2c810 JavaThread "Unconstrained build operations Thread 42"        [_thread_blocked, id=17312, stack(0x000000e206200000,0x000000e206300000) (1024K)]
Total: 83

Other Threads:
=>0x0000022ec359eb30 VMThread "VM Thread"                           [id=11008, stack(0x000000e200700000,0x000000e200800000) (1024K)]
  0x0000022ec353e6a0 WatcherThread "VM Periodic Task Thread"        [id=7248, stack(0x000000e200600000,0x000000e200700000) (1024K)]
  0x0000022ea9b2e060 WorkerThread "GC Thread#0"                     [id=15812, stack(0x000000e200100000,0x000000e200200000) (1024K)]
  0x0000022ec85e76a0 WorkerThread "GC Thread#1"                     [id=18500, stack(0x000000e201300000,0x000000e201400000) (1024K)]
  0x0000022ec85e7a40 WorkerThread "GC Thread#2"                     [id=23120, stack(0x000000e201400000,0x000000e201500000) (1024K)]
  0x0000022ec864cab0 WorkerThread "GC Thread#3"                     [id=1088, stack(0x000000e201500000,0x000000e201600000) (1024K)]
  0x0000022ec85107b0 WorkerThread "GC Thread#4"                     [id=18380, stack(0x000000e201600000,0x000000e201700000) (1024K)]
  0x0000022ec978e240 WorkerThread "GC Thread#5"                     [id=12396, stack(0x000000e201700000,0x000000e201800000) (1024K)]
  0x0000022ec98f83a0 WorkerThread "GC Thread#6"                     [id=21708, stack(0x000000e201800000,0x000000e201900000) (1024K)]
  0x0000022ec9904020 WorkerThread "GC Thread#7"                     [id=22676, stack(0x000000e201900000,0x000000e201a00000) (1024K)]
  0x0000022eabf06480 ConcurrentGCThread "G1 Main Marker"            [id=11360, stack(0x000000e200200000,0x000000e200300000) (1024K)]
  0x0000022eabf06e90 WorkerThread "G1 Conc#0"                       [id=9208, stack(0x000000e200300000,0x000000e200400000) (1024K)]
  0x0000022ec99043c0 WorkerThread "G1 Conc#1"                       [id=20864, stack(0x000000e202400000,0x000000e202500000) (1024K)]
  0x0000022ec340f7a0 ConcurrentGCThread "G1 Refine#0"               [id=6576, stack(0x000000e200400000,0x000000e200500000) (1024K)]
  0x0000022ec340ffc0 ConcurrentGCThread "G1 Service"                [id=7712, stack(0x000000e200500000,0x000000e200600000) (1024K)]
Total: 15

Threads with active compile tasks:
C2 CompilerThread0  29653 13536       4       org.gradle.internal.serialize.AbstractCollectionSerializer::read (47 bytes)
C2 CompilerThread1  29653 13495       4       org.gradle.internal.serialize.HierarchicalNameSerializer::readFirstOccurrenceOfName (60 bytes)
Total: 2

VM state: at safepoint (normal execution)

VM Mutex/Monitor currently owned by a thread:  ([mutex/lock_event])
[0x00007ff93d32e3a0] Threads_lock - owner thread: 0x0000022ec359eb30
[0x00007ff93d32e4a0] Heap_lock - owner thread: 0x0000022eabf06480

Heap address: 0x0000000080000000, size: 2048 MB, Compressed Oops mode: 32-bit

CDS archive(s) not mapped
Compressed class space mapped at: 0x0000000100000000-0x0000000140000000, reserved size: 1073741824
Narrow klass base: 0x0000000000000000, Narrow klass shift: 3, Narrow klass range: 0x140000000

GC Precious Log:
 CardTable entry size: 512
 Card Set container configuration: InlinePtr #cards 5 size 8 Array Of Cards #cards 12 size 40 Howl #buckets 4 coarsen threshold 1843 Howl Bitmap #cards 512 size 80 coarsen threshold 460 Card regions per heap region 1 cards per card region 2048
 CPUs: 8 total, 8 available
 Memory: 7990M
 Large Page Support: Disabled
 NUMA Support: Disabled
 Compressed Oops: Enabled (32-bit)
 Heap Region Size: 1M
 Heap Min Capacity: 8M
 Heap Initial Capacity: 126M
 Heap Max Capacity: 2G
 Pre-touch: Disabled
 Parallel Workers: 8
 Concurrent Workers: 2
 Concurrent Refinement Workers: 8
 Periodic GC: Disabled

Heap:
 garbage-first heap   total 244736K, used 182760K [0x0000000080000000, 0x0000000100000000)
  region size 1024K, 29 young (29696K), 10 survivors (10240K)
 Metaspace       used 145753K, committed 148160K, reserved 1179648K
  class space    used 18588K, committed 19776K, reserved 1048576K

Heap Regions: E=young(eden), S=young(survivor), O=old, HS=humongous(starts), HC=humongous(continues), CS=collection set, F=free, TAMS=top-at-mark-start, PB=parsable bottom
|   0|0x0000000080000000, 0x0000000080100000, 0x0000000080100000|100%|HS|  |TAMS 0x0000000080100000| PB 0x0000000080000000| Complete 
|   1|0x0000000080100000, 0x0000000080200000, 0x0000000080200000|100%|HC|  |TAMS 0x0000000080200000| PB 0x0000000080100000| Complete 
|   2|0x0000000080200000, 0x0000000080300000, 0x0000000080300000|100%|HC|  |TAMS 0x0000000080300000| PB 0x0000000080200000| Complete 
|   3|0x0000000080300000, 0x0000000080400000, 0x0000000080400000|100%| O|  |TAMS 0x0000000080400000| PB 0x0000000080400000| Untracked 
|   4|0x0000000080400000, 0x0000000080500000, 0x0000000080500000|100%| O|  |TAMS 0x0000000080500000| PB 0x0000000080500000| Untracked 
|   5|0x0000000080500000, 0x0000000080600000, 0x0000000080600000|100%| O|  |TAMS 0x0000000080600000| PB 0x0000000080600000| Untracked 
|   6|0x0000000080600000, 0x0000000080700000, 0x0000000080700000|100%|HS|  |TAMS 0x0000000080700000| PB 0x0000000080600000| Complete 
|   7|0x0000000080700000, 0x0000000080800000, 0x0000000080800000|100%| O|  |TAMS 0x0000000080800000| PB 0x0000000080800000| Untracked 
|   8|0x0000000080800000, 0x0000000080900000, 0x0000000080900000|100%| O|  |TAMS 0x0000000080900000| PB 0x0000000080900000| Updating 
|   9|0x0000000080900000, 0x0000000080a00000, 0x0000000080a00000|100%| O|  |TAMS 0x0000000080a00000| PB 0x0000000080a00000| Untracked 
|  10|0x0000000080a00000, 0x0000000080b00000, 0x0000000080b00000|100%| O|  |TAMS 0x0000000080b00000| PB 0x0000000080b00000| Untracked 
|  11|0x0000000080b00000, 0x0000000080c00000, 0x0000000080c00000|100%| O|  |TAMS 0x0000000080c00000| PB 0x0000000080c00000| Untracked 
|  12|0x0000000080c00000, 0x0000000080d00000, 0x0000000080d00000|100%| O|  |TAMS 0x0000000080d00000| PB 0x0000000080d00000| Untracked 
|  13|0x0000000080d00000, 0x0000000080e00000, 0x0000000080e00000|100%| O|  |TAMS 0x0000000080e00000| PB 0x0000000080e00000| Untracked 
|  14|0x0000000080e00000, 0x0000000080f00000, 0x0000000080f00000|100%| O|  |TAMS 0x0000000080f00000| PB 0x0000000080f00000| Untracked 
|  15|0x0000000080f00000, 0x0000000081000000, 0x0000000081000000|100%| O|  |TAMS 0x0000000081000000| PB 0x0000000081000000| Untracked 
|  16|0x0000000081000000, 0x0000000081100000, 0x0000000081100000|100%| O|  |TAMS 0x0000000081100000| PB 0x0000000081100000| Untracked 
|  17|0x0000000081100000, 0x0000000081200000, 0x0000000081200000|100%| O|  |TAMS 0x0000000081200000| PB 0x0000000081200000| Untracked 
|  18|0x0000000081200000, 0x0000000081300000, 0x0000000081300000|100%| O|  |TAMS 0x0000000081300000| PB 0x0000000081300000| Untracked 
|  19|0x0000000081300000, 0x0000000081400000, 0x0000000081400000|100%| O|  |TAMS 0x0000000081400000| PB 0x0000000081400000| Untracked 
|  20|0x0000000081400000, 0x0000000081500000, 0x0000000081500000|100%| O|  |TAMS 0x0000000081500000| PB 0x0000000081500000| Untracked 
|  21|0x0000000081500000, 0x0000000081600000, 0x0000000081600000|100%| O|  |TAMS 0x0000000081600000| PB 0x0000000081600000| Updating 
|  22|0x0000000081600000, 0x0000000081700000, 0x0000000081700000|100%|HS|  |TAMS 0x0000000081700000| PB 0x0000000081600000| Complete 
|  23|0x0000000081700000, 0x0000000081800000, 0x0000000081800000|100%|HC|  |TAMS 0x0000000081800000| PB 0x0000000081700000| Complete 
|  24|0x0000000081800000, 0x0000000081900000, 0x0000000081900000|100%|HC|  |TAMS 0x0000000081900000| PB 0x0000000081800000| Complete 
|  25|0x0000000081900000, 0x0000000081a00000, 0x0000000081a00000|100%|HC|  |TAMS 0x0000000081a00000| PB 0x0000000081900000| Complete 
|  26|0x0000000081a00000, 0x0000000081b00000, 0x0000000081b00000|100%|HC|  |TAMS 0x0000000081b00000| PB 0x0000000081a00000| Complete 
|  27|0x0000000081b00000, 0x0000000081c00000, 0x0000000081c00000|100%|HC|  |TAMS 0x0000000081c00000| PB 0x0000000081b00000| Complete 
|  28|0x0000000081c00000, 0x0000000081d00000, 0x0000000081d00000|100%|HS|  |TAMS 0x0000000081d00000| PB 0x0000000081c00000| Complete 
|  29|0x0000000081d00000, 0x0000000081e00000, 0x0000000081e00000|100%|HS|  |TAMS 0x0000000081e00000| PB 0x0000000081d00000| Complete 
|  30|0x0000000081e00000, 0x0000000081f00000, 0x0000000081f00000|100%|HC|  |TAMS 0x0000000081f00000| PB 0x0000000081e00000| Complete 
|  31|0x0000000081f00000, 0x0000000082000000, 0x0000000082000000|100%|HC|  |TAMS 0x0000000082000000| PB 0x0000000081f00000| Complete 
|  32|0x0000000082000000, 0x0000000082100000, 0x0000000082100000|100%|HC|  |TAMS 0x0000000082100000| PB 0x0000000082000000| Complete 
|  33|0x0000000082100000, 0x0000000082200000, 0x0000000082200000|100%|HS|  |TAMS 0x0000000082200000| PB 0x0000000082100000| Complete 
|  34|0x0000000082200000, 0x0000000082300000, 0x0000000082300000|100%|HC|  |TAMS 0x0000000082300000| PB 0x0000000082200000| Complete 
|  35|0x0000000082300000, 0x0000000082400000, 0x0000000082400000|100%|HS|  |TAMS 0x0000000082400000| PB 0x0000000082300000| Complete 
|  36|0x0000000082400000, 0x0000000082500000, 0x0000000082500000|100%|HS|  |TAMS 0x0000000082500000| PB 0x0000000082400000| Complete 
|  37|0x0000000082500000, 0x0000000082600000, 0x0000000082600000|100%|HS|  |TAMS 0x0000000082600000| PB 0x0000000082500000| Complete 
|  38|0x0000000082600000, 0x0000000082700000, 0x0000000082700000|100%|HC|  |TAMS 0x0000000082700000| PB 0x0000000082600000| Complete 
|  39|0x0000000082700000, 0x0000000082800000, 0x0000000082800000|100%|HC|  |TAMS 0x0000000082800000| PB 0x0000000082700000| Complete 
|  40|0x0000000082800000, 0x0000000082900000, 0x0000000082900000|100%|HC|  |TAMS 0x0000000082900000| PB 0x0000000082800000| Complete 
|  41|0x0000000082900000, 0x0000000082a00000, 0x0000000082a00000|100%| O|  |TAMS 0x0000000082a00000| PB 0x0000000082a00000| Untracked 
|  42|0x0000000082a00000, 0x0000000082b00000, 0x0000000082b00000|100%| O|  |TAMS 0x0000000082b00000| PB 0x0000000082b00000| Updating 
|  43|0x0000000082b00000, 0x0000000082c00000, 0x0000000082c00000|100%| O|  |TAMS 0x0000000082c00000| PB 0x0000000082c00000| Untracked 
|  44|0x0000000082c00000, 0x0000000082d00000, 0x0000000082d00000|100%| O|  |TAMS 0x0000000082d00000| PB 0x0000000082d00000| Untracked 
|  45|0x0000000082d00000, 0x0000000082e00000, 0x0000000082e00000|100%| O|  |TAMS 0x0000000082e00000| PB 0x0000000082e00000| Untracked 
|  46|0x0000000082e00000, 0x0000000082f00000, 0x0000000082f00000|100%|HS|  |TAMS 0x0000000082f00000| PB 0x0000000082e00000| Complete 
|  47|0x0000000082f00000, 0x0000000083000000, 0x0000000083000000|100%|HC|  |TAMS 0x0000000083000000| PB 0x0000000082f00000| Complete 
|  48|0x0000000083000000, 0x0000000083100000, 0x0000000083100000|100%|HC|  |TAMS 0x0000000083100000| PB 0x0000000083000000| Complete 
|  49|0x0000000083100000, 0x0000000083200000, 0x0000000083200000|100%|HC|  |TAMS 0x0000000083200000| PB 0x0000000083100000| Complete 
|  50|0x0000000083200000, 0x0000000083300000, 0x0000000083300000|100%|HC|  |TAMS 0x0000000083300000| PB 0x0000000083200000| Complete 
|  51|0x0000000083300000, 0x0000000083400000, 0x0000000083400000|100%|HC|  |TAMS 0x0000000083400000| PB 0x0000000083300000| Complete 
|  52|0x0000000083400000, 0x0000000083500000, 0x0000000083500000|100%|HS|  |TAMS 0x0000000083500000| PB 0x0000000083400000| Complete 
|  53|0x0000000083500000, 0x0000000083600000, 0x0000000083600000|100%|HC|  |TAMS 0x0000000083600000| PB 0x0000000083500000| Complete 
|  54|0x0000000083600000, 0x0000000083700000, 0x0000000083700000|100%|HS|  |TAMS 0x0000000083700000| PB 0x0000000083600000| Complete 
|  55|0x0000000083700000, 0x0000000083800000, 0x0000000083800000|100%| O|  |TAMS 0x0000000083800000| PB 0x0000000083800000| Untracked 
|  56|0x0000000083800000, 0x0000000083900000, 0x0000000083900000|100%| O|  |TAMS 0x0000000083800000| PB 0x0000000083800000| Untracked 
|  57|0x0000000083900000, 0x0000000083a00000, 0x0000000083a00000|100%| O|  |TAMS 0x0000000083a00000| PB 0x0000000083a00000| Updating 
|  58|0x0000000083a00000, 0x0000000083b00000, 0x0000000083b00000|100%| O|  |TAMS 0x0000000083b00000| PB 0x0000000083b00000| Untracked 
|  59|0x0000000083b00000, 0x0000000083c00000, 0x0000000083c00000|100%| O|  |TAMS 0x0000000083c00000| PB 0x0000000083c00000| Updating 
|  60|0x0000000083c00000, 0x0000000083d00000, 0x0000000083d00000|100%| O|  |TAMS 0x0000000083d00000| PB 0x0000000083d00000| Updating 
|  61|0x0000000083d00000, 0x0000000083e00000, 0x0000000083e00000|100%| O|  |TAMS 0x0000000083e00000| PB 0x0000000083e00000| Updating 
|  62|0x0000000083e00000, 0x0000000083f00000, 0x0000000083f00000|100%| O|  |TAMS 0x0000000083f00000| PB 0x0000000083f00000| Updating 
|  63|0x0000000083f00000, 0x0000000084000000, 0x0000000084000000|100%| O|  |TAMS 0x0000000084000000| PB 0x0000000084000000| Updating 
|  64|0x0000000084000000, 0x0000000084100000, 0x0000000084100000|100%|HS|  |TAMS 0x0000000084100000| PB 0x0000000084000000| Complete 
|  65|0x0000000084100000, 0x0000000084200000, 0x0000000084200000|100%|HC|  |TAMS 0x0000000084200000| PB 0x0000000084100000| Complete 
|  66|0x0000000084200000, 0x0000000084300000, 0x0000000084300000|100%| O|  |TAMS 0x0000000084300000| PB 0x0000000084300000| Updating 
|  67|0x0000000084300000, 0x0000000084400000, 0x0000000084400000|100%| O|  |TAMS 0x0000000084400000| PB 0x0000000084400000| Untracked 
|  68|0x0000000084400000, 0x0000000084500000, 0x0000000084500000|100%| O|  |TAMS 0x0000000084500000| PB 0x0000000084500000| Untracked 
|  69|0x0000000084500000, 0x0000000084600000, 0x0000000084600000|100%|HS|  |TAMS 0x0000000084600000| PB 0x0000000084500000| Complete 
|  70|0x0000000084600000, 0x0000000084700000, 0x0000000084700000|100%|HC|  |TAMS 0x0000000084700000| PB 0x0000000084600000| Complete 
|  71|0x0000000084700000, 0x0000000084800000, 0x0000000084800000|100%|HC|  |TAMS 0x0000000084800000| PB 0x0000000084700000| Complete 
|  72|0x0000000084800000, 0x0000000084900000, 0x0000000084900000|100%|HC|  |TAMS 0x0000000084900000| PB 0x0000000084800000| Complete 
|  73|0x0000000084900000, 0x0000000084a00000, 0x0000000084a00000|100%|HC|  |TAMS 0x0000000084a00000| PB 0x0000000084900000| Complete 
|  74|0x0000000084a00000, 0x0000000084b00000, 0x0000000084b00000|100%|HC|  |TAMS 0x0000000084b00000| PB 0x0000000084a00000| Complete 
|  75|0x0000000084b00000, 0x0000000084c00000, 0x0000000084c00000|100%|HS|  |TAMS 0x0000000084c00000| PB 0x0000000084b00000| Complete 
|  76|0x0000000084c00000, 0x0000000084d00000, 0x0000000084d00000|100%|HS|  |TAMS 0x0000000084d00000| PB 0x0000000084c00000| Complete 
|  77|0x0000000084d00000, 0x0000000084e00000, 0x0000000084e00000|100%|HC|  |TAMS 0x0000000084e00000| PB 0x0000000084d00000| Complete 
|  78|0x0000000084e00000, 0x0000000084f00000, 0x0000000084f00000|100%|HC|  |TAMS 0x0000000084f00000| PB 0x0000000084e00000| Complete 
|  79|0x0000000084f00000, 0x0000000085000000, 0x0000000085000000|100%|HC|  |TAMS 0x0000000085000000| PB 0x0000000084f00000| Complete 
|  80|0x0000000085000000, 0x0000000085100000, 0x0000000085100000|100%|HC|  |TAMS 0x0000000085100000| PB 0x0000000085000000| Complete 
|  81|0x0000000085100000, 0x0000000085200000, 0x0000000085200000|100%|HC|  |TAMS 0x0000000085200000| PB 0x0000000085100000| Complete 
|  82|0x0000000085200000, 0x0000000085300000, 0x0000000085300000|100%|HS|  |TAMS 0x0000000085300000| PB 0x0000000085200000| Complete 
|  83|0x0000000085300000, 0x0000000085400000, 0x0000000085400000|100%| O|  |TAMS 0x0000000085400000| PB 0x0000000085400000| Untracked 
|  84|0x0000000085400000, 0x0000000085500000, 0x0000000085500000|100%| O|  |TAMS 0x0000000085500000| PB 0x0000000085500000| Untracked 
|  85|0x0000000085500000, 0x0000000085600000, 0x0000000085600000|100%| O|  |TAMS 0x0000000085600000| PB 0x0000000085600000| Untracked 
|  86|0x0000000085600000, 0x0000000085700000, 0x0000000085700000|100%| O|  |TAMS 0x0000000085700000| PB 0x0000000085700000| Updating 
|  87|0x0000000085700000, 0x0000000085800000, 0x0000000085800000|100%| O|  |TAMS 0x0000000085800000| PB 0x0000000085800000| Untracked 
|  88|0x0000000085800000, 0x0000000085900000, 0x0000000085900000|100%| O|  |TAMS 0x0000000085900000| PB 0x0000000085900000| Updating 
|  89|0x0000000085900000, 0x0000000085a00000, 0x0000000085a00000|100%| O|  |TAMS 0x0000000085a00000| PB 0x0000000085a00000| Updating 
|  90|0x0000000085a00000, 0x0000000085b00000, 0x0000000085b00000|100%| O|  |TAMS 0x0000000085b00000| PB 0x0000000085b00000| Updating 
|  91|0x0000000085b00000, 0x0000000085c00000, 0x0000000085c00000|100%| O|  |TAMS 0x0000000085c00000| PB 0x0000000085c00000| Updating 
|  92|0x0000000085c00000, 0x0000000085d00000, 0x0000000085d00000|100%| O|  |TAMS 0x0000000085d00000| PB 0x0000000085d00000| Untracked 
|  93|0x0000000085d00000, 0x0000000085e00000, 0x0000000085e00000|100%| O|  |TAMS 0x0000000085e00000| PB 0x0000000085e00000| Updating 
|  94|0x0000000085e00000, 0x0000000085f00000, 0x0000000085f00000|100%| O|  |TAMS 0x0000000085f00000| PB 0x0000000085f00000| Untracked 
|  95|0x0000000085f00000, 0x0000000086000000, 0x0000000086000000|100%|HS|  |TAMS 0x0000000086000000| PB 0x0000000085f00000| Complete 
|  96|0x0000000086000000, 0x0000000086100000, 0x0000000086100000|100%| O|  |TAMS 0x0000000086100000| PB 0x0000000086100000| Untracked 
|  97|0x0000000086100000, 0x0000000086200000, 0x0000000086200000|100%| O|  |TAMS 0x0000000086200000| PB 0x0000000086200000| Untracked 
|  98|0x0000000086200000, 0x0000000086300000, 0x0000000086300000|100%| O|  |TAMS 0x0000000086300000| PB 0x0000000086300000| Untracked 
|  99|0x0000000086300000, 0x0000000086400000, 0x0000000086400000|100%| O|  |TAMS 0x0000000086400000| PB 0x0000000086400000| Untracked 
| 100|0x0000000086400000, 0x0000000086500000, 0x0000000086500000|100%| O|  |TAMS 0x0000000086500000| PB 0x0000000086500000| Untracked 
| 101|0x0000000086500000, 0x0000000086600000, 0x0000000086600000|100%| O|  |TAMS 0x0000000086600000| PB 0x0000000086600000| Updating 
| 102|0x0000000086600000, 0x0000000086700000, 0x0000000086700000|100%| O|  |TAMS 0x0000000086600000| PB 0x0000000086600000| Untracked 
| 103|0x0000000086700000, 0x0000000086800000, 0x0000000086800000|100%| O|  |TAMS 0x0000000086800000| PB 0x0000000086800000| Untracked 
| 104|0x0000000086800000, 0x0000000086900000, 0x0000000086900000|100%| O|  |TAMS 0x0000000086900000| PB 0x0000000086900000| Untracked 
| 105|0x0000000086900000, 0x0000000086a00000, 0x0000000086a00000|100%| O|  |TAMS 0x0000000086a00000| PB 0x0000000086a00000| Updating 
| 106|0x0000000086a00000, 0x0000000086b00000, 0x0000000086b00000|100%| O|  |TAMS 0x0000000086b00000| PB 0x0000000086b00000| Updating 
| 107|0x0000000086b00000, 0x0000000086c00000, 0x0000000086c00000|100%| O|  |TAMS 0x0000000086c00000| PB 0x0000000086c00000| Untracked 
| 108|0x0000000086c00000, 0x0000000086d00000, 0x0000000086d00000|100%| O|  |TAMS 0x0000000086d00000| PB 0x0000000086d00000| Untracked 
| 109|0x0000000086d00000, 0x0000000086e00000, 0x0000000086e00000|100%| O|  |TAMS 0x0000000086e00000| PB 0x0000000086e00000| Untracked 
| 110|0x0000000086e00000, 0x0000000086f00000, 0x0000000086f00000|100%| O|  |TAMS 0x0000000086f00000| PB 0x0000000086f00000| Untracked 
| 111|0x0000000086f00000, 0x0000000087000000, 0x0000000087000000|100%|HS|  |TAMS 0x0000000087000000| PB 0x0000000086f00000| Complete 
| 112|0x0000000087000000, 0x0000000087100000, 0x0000000087100000|100%|HC|  |TAMS 0x0000000087100000| PB 0x0000000087000000| Complete 
| 113|0x0000000087100000, 0x0000000087200000, 0x0000000087200000|100%|HC|  |TAMS 0x0000000087200000| PB 0x0000000087100000| Complete 
| 114|0x0000000087200000, 0x0000000087300000, 0x0000000087300000|100%|HC|  |TAMS 0x0000000087300000| PB 0x0000000087200000| Complete 
| 115|0x0000000087300000, 0x0000000087400000, 0x0000000087400000|100%|HC|  |TAMS 0x0000000087400000| PB 0x0000000087300000| Complete 
| 116|0x0000000087400000, 0x0000000087500000, 0x0000000087500000|100%|HC|  |TAMS 0x0000000087500000| PB 0x0000000087400000| Complete 
| 117|0x0000000087500000, 0x0000000087600000, 0x0000000087600000|100%| O|  |TAMS 0x0000000087600000| PB 0x0000000087600000| Untracked 
| 118|0x0000000087600000, 0x0000000087700000, 0x0000000087700000|100%| O|  |TAMS 0x0000000087700000| PB 0x0000000087700000| Untracked 
| 119|0x0000000087700000, 0x0000000087800000, 0x0000000087800000|100%| O|  |TAMS 0x0000000087800000| PB 0x0000000087800000| Untracked 
| 120|0x0000000087800000, 0x0000000087900000, 0x0000000087900000|100%| O|  |TAMS 0x0000000087900000| PB 0x0000000087900000| Updating 
| 121|0x0000000087900000, 0x0000000087a00000, 0x0000000087a00000|100%| O|  |TAMS 0x0000000087a00000| PB 0x0000000087a00000| Updating 
| 122|0x0000000087a00000, 0x0000000087b00000, 0x0000000087b00000|100%| O|  |TAMS 0x0000000087b00000| PB 0x0000000087b00000| Updating 
| 123|0x0000000087b00000, 0x0000000087c00000, 0x0000000087c00000|100%| O|  |TAMS 0x0000000087c00000| PB 0x0000000087c00000| Untracked 
| 124|0x0000000087c00000, 0x0000000087d00000, 0x0000000087d00000|100%| O|  |TAMS 0x0000000087d00000| PB 0x0000000087d00000| Updating 
| 125|0x0000000087d00000, 0x0000000087e00000, 0x0000000087e00000|100%| O|  |TAMS 0x0000000087d00000| PB 0x0000000087d00000| Untracked 
| 126|0x0000000087e00000, 0x0000000087f00000, 0x0000000087f00000|100%| O|  |TAMS 0x0000000087f00000| PB 0x0000000087f00000| Untracked 
| 127|0x0000000087f00000, 0x0000000088000000, 0x0000000088000000|100%| O|  |TAMS 0x0000000088000000| PB 0x0000000088000000| Untracked 
| 128|0x0000000088000000, 0x0000000088100000, 0x0000000088100000|100%| O|  |TAMS 0x0000000088100000| PB 0x0000000088100000| Untracked 
| 129|0x0000000088100000, 0x0000000088200000, 0x0000000088200000|100%| O|  |TAMS 0x0000000088200000| PB 0x0000000088200000| Untracked 
| 130|0x0000000088200000, 0x0000000088300000, 0x0000000088300000|100%| O|  |TAMS 0x0000000088300000| PB 0x0000000088300000| Untracked 
| 131|0x0000000088300000, 0x0000000088400000, 0x0000000088400000|100%| O|  |TAMS 0x0000000088400000| PB 0x0000000088400000| Untracked 
| 132|0x0000000088400000, 0x0000000088500000, 0x0000000088500000|100%| O|  |TAMS 0x0000000088500000| PB 0x0000000088500000| Untracked 
| 133|0x0000000088500000, 0x0000000088600000, 0x0000000088600000|100%| O|  |TAMS 0x0000000088600000| PB 0x0000000088600000| Untracked 
| 134|0x0000000088600000, 0x0000000088700000, 0x0000000088700000|100%| O|  |TAMS 0x0000000088700000| PB 0x0000000088700000| Updating 
| 135|0x0000000088700000, 0x0000000088800000, 0x0000000088800000|100%| O|  |TAMS 0x0000000088800000| PB 0x0000000088800000| Updating 
| 136|0x0000000088800000, 0x0000000088900000, 0x0000000088900000|100%| O|  |TAMS 0x0000000088870458| PB 0x0000000088870458| Updating 
| 137|0x0000000088900000, 0x0000000088a00000, 0x0000000088a00000|100%| O|  |TAMS 0x0000000088900000| PB 0x0000000088900000| Untracked 
| 138|0x0000000088a00000, 0x0000000088b00000, 0x0000000088b00000|100%| O|  |TAMS 0x0000000088a00000| PB 0x0000000088a00000| Untracked 
| 139|0x0000000088b00000, 0x0000000088c00000, 0x0000000088c00000|100%| O|  |TAMS 0x0000000088b00000| PB 0x0000000088b00000| Untracked 
| 140|0x0000000088c00000, 0x0000000088d00000, 0x0000000088d00000|100%| O|  |TAMS 0x0000000088c00000| PB 0x0000000088c00000| Untracked 
| 141|0x0000000088d00000, 0x0000000088e00000, 0x0000000088e00000|100%| O|  |TAMS 0x0000000088e00000| PB 0x0000000088e00000| Untracked 
| 142|0x0000000088e00000, 0x0000000088f00000, 0x0000000088f00000|100%| O|  |TAMS 0x0000000088f00000| PB 0x0000000088f00000| Updating 
| 143|0x0000000088f00000, 0x0000000089000000, 0x0000000089000000|100%| O|  |TAMS 0x0000000089000000| PB 0x0000000089000000| Untracked 
| 144|0x0000000089000000, 0x0000000089000000, 0x0000000089100000|  0%| F|  |TAMS 0x0000000089000000| PB 0x0000000089000000| Untracked 
| 145|0x0000000089100000, 0x0000000089100000, 0x0000000089200000|  0%| F|  |TAMS 0x0000000089100000| PB 0x0000000089100000| Untracked 
| 146|0x0000000089200000, 0x0000000089200000, 0x0000000089300000|  0%| F|  |TAMS 0x0000000089200000| PB 0x0000000089200000| Untracked 
| 147|0x0000000089300000, 0x0000000089300000, 0x0000000089400000|  0%| F|  |TAMS 0x0000000089300000| PB 0x0000000089300000| Untracked 
| 148|0x0000000089400000, 0x0000000089400000, 0x0000000089500000|  0%| F|  |TAMS 0x0000000089400000| PB 0x0000000089400000| Untracked 
| 149|0x0000000089500000, 0x0000000089500000, 0x0000000089600000|  0%| F|  |TAMS 0x0000000089500000| PB 0x0000000089500000| Untracked 
| 150|0x0000000089600000, 0x0000000089600000, 0x0000000089700000|  0%| F|  |TAMS 0x0000000089600000| PB 0x0000000089600000| Untracked 
| 151|0x0000000089700000, 0x0000000089700000, 0x0000000089800000|  0%| F|  |TAMS 0x0000000089700000| PB 0x0000000089700000| Untracked 
| 152|0x0000000089800000, 0x0000000089800000, 0x0000000089900000|  0%| F|  |TAMS 0x0000000089800000| PB 0x0000000089800000| Untracked 
| 153|0x0000000089900000, 0x0000000089900000, 0x0000000089a00000|  0%| F|  |TAMS 0x0000000089900000| PB 0x0000000089900000| Untracked 
| 154|0x0000000089a00000, 0x0000000089b00000, 0x0000000089b00000|100%| O|  |TAMS 0x0000000089a00000| PB 0x0000000089a00000| Untracked 
| 155|0x0000000089b00000, 0x0000000089c00000, 0x0000000089c00000|100%| O|  |TAMS 0x0000000089b00000| PB 0x0000000089b00000| Untracked 
| 156|0x0000000089c00000, 0x0000000089c7a160, 0x0000000089d00000| 47%| O|  |TAMS 0x0000000089c00000| PB 0x0000000089c00000| Updating 
| 157|0x0000000089d00000, 0x0000000089d00000, 0x0000000089e00000|  0%| F|  |TAMS 0x0000000089d00000| PB 0x0000000089d00000| Untracked 
| 158|0x0000000089e00000, 0x0000000089e00000, 0x0000000089f00000|  0%| F|  |TAMS 0x0000000089e00000| PB 0x0000000089e00000| Untracked 
| 159|0x0000000089f00000, 0x0000000089f00000, 0x000000008a000000|  0%| F|  |TAMS 0x0000000089f00000| PB 0x0000000089f00000| Untracked 
| 160|0x000000008a000000, 0x000000008a100000, 0x000000008a100000|100%| S|CS|TAMS 0x000000008a000000| PB 0x000000008a000000| Complete 
| 161|0x000000008a100000, 0x000000008a200000, 0x000000008a200000|100%| S|CS|TAMS 0x000000008a100000| PB 0x000000008a100000| Complete 
| 162|0x000000008a200000, 0x000000008a300000, 0x000000008a300000|100%| S|CS|TAMS 0x000000008a200000| PB 0x000000008a200000| Complete 
| 163|0x000000008a300000, 0x000000008a400000, 0x000000008a400000|100%| S|CS|TAMS 0x000000008a300000| PB 0x000000008a300000| Complete 
| 164|0x000000008a400000, 0x000000008a500000, 0x000000008a500000|100%| S|CS|TAMS 0x000000008a400000| PB 0x000000008a400000| Complete 
| 165|0x000000008a500000, 0x000000008a600000, 0x000000008a600000|100%| S|CS|TAMS 0x000000008a500000| PB 0x000000008a500000| Complete 
| 166|0x000000008a600000, 0x000000008a700000, 0x000000008a700000|100%| S|CS|TAMS 0x000000008a600000| PB 0x000000008a600000| Complete 
| 167|0x000000008a700000, 0x000000008a800000, 0x000000008a800000|100%| S|CS|TAMS 0x000000008a700000| PB 0x000000008a700000| Complete 
| 168|0x000000008a800000, 0x000000008a900000, 0x000000008a900000|100%| S|CS|TAMS 0x000000008a800000| PB 0x000000008a800000| Complete 
| 169|0x000000008a900000, 0x000000008aa00000, 0x000000008aa00000|100%| S|CS|TAMS 0x000000008a900000| PB 0x000000008a900000| Complete 
| 170|0x000000008aa00000, 0x000000008aa00000, 0x000000008ab00000|  0%| F|  |TAMS 0x000000008aa00000| PB 0x000000008aa00000| Untracked 
| 171|0x000000008ab00000, 0x000000008ab00000, 0x000000008ac00000|  0%| F|  |TAMS 0x000000008ab00000| PB 0x000000008ab00000| Untracked 
| 172|0x000000008ac00000, 0x000000008ac00000, 0x000000008ad00000|  0%| F|  |TAMS 0x000000008ac00000| PB 0x000000008ac00000| Untracked 
| 173|0x000000008ad00000, 0x000000008ad00000, 0x000000008ae00000|  0%| F|  |TAMS 0x000000008ad00000| PB 0x000000008ad00000| Untracked 
| 174|0x000000008ae00000, 0x000000008ae00000, 0x000000008af00000|  0%| F|  |TAMS 0x000000008ae00000| PB 0x000000008ae00000| Untracked 
| 175|0x000000008af00000, 0x000000008af00000, 0x000000008b000000|  0%| F|  |TAMS 0x000000008af00000| PB 0x000000008af00000| Untracked 
| 176|0x000000008b000000, 0x000000008b000000, 0x000000008b100000|  0%| F|  |TAMS 0x000000008b000000| PB 0x000000008b000000| Untracked 
| 177|0x000000008b100000, 0x000000008b100000, 0x000000008b200000|  0%| F|  |TAMS 0x000000008b100000| PB 0x000000008b100000| Untracked 
| 178|0x000000008b200000, 0x000000008b200000, 0x000000008b300000|  0%| F|  |TAMS 0x000000008b200000| PB 0x000000008b200000| Untracked 
| 179|0x000000008b300000, 0x000000008b300000, 0x000000008b400000|  0%| F|  |TAMS 0x000000008b300000| PB 0x000000008b300000| Untracked 
| 180|0x000000008b400000, 0x000000008b400000, 0x000000008b500000|  0%| F|  |TAMS 0x000000008b400000| PB 0x000000008b400000| Untracked 
| 181|0x000000008b500000, 0x000000008b500000, 0x000000008b600000|  0%| F|  |TAMS 0x000000008b500000| PB 0x000000008b500000| Untracked 
| 182|0x000000008b600000, 0x000000008b600000, 0x000000008b700000|  0%| F|  |TAMS 0x000000008b600000| PB 0x000000008b600000| Untracked 
| 183|0x000000008b700000, 0x000000008b700000, 0x000000008b800000|  0%| F|  |TAMS 0x000000008b700000| PB 0x000000008b700000| Untracked 
| 184|0x000000008b800000, 0x000000008b800000, 0x000000008b900000|  0%| F|  |TAMS 0x000000008b800000| PB 0x000000008b800000| Untracked 
| 185|0x000000008b900000, 0x000000008b900000, 0x000000008ba00000|  0%| F|  |TAMS 0x000000008b900000| PB 0x000000008b900000| Untracked 
| 186|0x000000008ba00000, 0x000000008ba00000, 0x000000008bb00000|  0%| F|  |TAMS 0x000000008ba00000| PB 0x000000008ba00000| Untracked 
| 187|0x000000008bb00000, 0x000000008bb00000, 0x000000008bc00000|  0%| F|  |TAMS 0x000000008bb00000| PB 0x000000008bb00000| Untracked 
| 188|0x000000008bc00000, 0x000000008bc00000, 0x000000008bd00000|  0%| F|  |TAMS 0x000000008bc00000| PB 0x000000008bc00000| Untracked 
| 189|0x000000008bd00000, 0x000000008bd00000, 0x000000008be00000|  0%| F|  |TAMS 0x000000008bd00000| PB 0x000000008bd00000| Untracked 
| 190|0x000000008be00000, 0x000000008be00000, 0x000000008bf00000|  0%| F|  |TAMS 0x000000008be00000| PB 0x000000008be00000| Untracked 
| 191|0x000000008bf00000, 0x000000008bf00000, 0x000000008c000000|  0%| F|  |TAMS 0x000000008bf00000| PB 0x000000008bf00000| Untracked 
| 192|0x000000008c000000, 0x000000008c000000, 0x000000008c100000|  0%| F|  |TAMS 0x000000008c000000| PB 0x000000008c000000| Untracked 
| 193|0x000000008c100000, 0x000000008c100000, 0x000000008c200000|  0%| F|  |TAMS 0x000000008c100000| PB 0x000000008c100000| Untracked 
| 194|0x000000008c200000, 0x000000008c200000, 0x000000008c300000|  0%| F|  |TAMS 0x000000008c200000| PB 0x000000008c200000| Untracked 
| 195|0x000000008c300000, 0x000000008c300000, 0x000000008c400000|  0%| F|  |TAMS 0x000000008c300000| PB 0x000000008c300000| Untracked 
| 196|0x000000008c400000, 0x000000008c400000, 0x000000008c500000|  0%| F|  |TAMS 0x000000008c400000| PB 0x000000008c400000| Untracked 
| 197|0x000000008c500000, 0x000000008c500000, 0x000000008c600000|  0%| F|  |TAMS 0x000000008c500000| PB 0x000000008c500000| Untracked 
| 198|0x000000008c600000, 0x000000008c600000, 0x000000008c700000|  0%| F|  |TAMS 0x000000008c600000| PB 0x000000008c600000| Untracked 
| 199|0x000000008c700000, 0x000000008c700000, 0x000000008c800000|  0%| F|  |TAMS 0x000000008c700000| PB 0x000000008c700000| Untracked 
| 200|0x000000008c800000, 0x000000008c800000, 0x000000008c900000|  0%| F|  |TAMS 0x000000008c800000| PB 0x000000008c800000| Untracked 
| 201|0x000000008c900000, 0x000000008c900000, 0x000000008ca00000|  0%| F|  |TAMS 0x000000008c900000| PB 0x000000008c900000| Untracked 
| 202|0x000000008ca00000, 0x000000008ca00000, 0x000000008cb00000|  0%| F|  |TAMS 0x000000008ca00000| PB 0x000000008ca00000| Untracked 
| 203|0x000000008cb00000, 0x000000008cb00000, 0x000000008cc00000|  0%| F|  |TAMS 0x000000008cb00000| PB 0x000000008cb00000| Untracked 
| 204|0x000000008cc00000, 0x000000008cc00000, 0x000000008cd00000|  0%| F|  |TAMS 0x000000008cc00000| PB 0x000000008cc00000| Untracked 
| 205|0x000000008cd00000, 0x000000008cd00000, 0x000000008ce00000|  0%| F|  |TAMS 0x000000008cd00000| PB 0x000000008cd00000| Untracked 
| 206|0x000000008ce00000, 0x000000008ce00000, 0x000000008cf00000|  0%| F|  |TAMS 0x000000008ce00000| PB 0x000000008ce00000| Untracked 
| 207|0x000000008cf00000, 0x000000008cf00000, 0x000000008d000000|  0%| F|  |TAMS 0x000000008cf00000| PB 0x000000008cf00000| Untracked 
| 208|0x000000008d000000, 0x000000008d000000, 0x000000008d100000|  0%| F|  |TAMS 0x000000008d000000| PB 0x000000008d000000| Untracked 
| 209|0x000000008d100000, 0x000000008d100000, 0x000000008d200000|  0%| F|  |TAMS 0x000000008d100000| PB 0x000000008d100000| Untracked 
| 210|0x000000008d200000, 0x000000008d200000, 0x000000008d300000|  0%| F|  |TAMS 0x000000008d200000| PB 0x000000008d200000| Untracked 
| 211|0x000000008d300000, 0x000000008d300000, 0x000000008d400000|  0%| F|  |TAMS 0x000000008d300000| PB 0x000000008d300000| Untracked 
| 212|0x000000008d400000, 0x000000008d400000, 0x000000008d500000|  0%| F|  |TAMS 0x000000008d400000| PB 0x000000008d400000| Untracked 
| 213|0x000000008d500000, 0x000000008d500000, 0x000000008d600000|  0%| F|  |TAMS 0x000000008d500000| PB 0x000000008d500000| Untracked 
| 214|0x000000008d600000, 0x000000008d600000, 0x000000008d700000|  0%| F|  |TAMS 0x000000008d600000| PB 0x000000008d600000| Untracked 
| 215|0x000000008d700000, 0x000000008d800000, 0x000000008d800000|100%| E|  |TAMS 0x000000008d700000| PB 0x000000008d700000| Complete 
| 216|0x000000008d800000, 0x000000008d900000, 0x000000008d900000|100%| E|CS|TAMS 0x000000008d800000| PB 0x000000008d800000| Complete 
| 217|0x000000008d900000, 0x000000008da00000, 0x000000008da00000|100%| E|  |TAMS 0x000000008d900000| PB 0x000000008d900000| Complete 
| 218|0x000000008da00000, 0x000000008db00000, 0x000000008db00000|100%| E|CS|TAMS 0x000000008da00000| PB 0x000000008da00000| Complete 
| 219|0x000000008db00000, 0x000000008dc00000, 0x000000008dc00000|100%| E|CS|TAMS 0x000000008db00000| PB 0x000000008db00000| Complete 
| 220|0x000000008dc00000, 0x000000008dd00000, 0x000000008dd00000|100%| E|CS|TAMS 0x000000008dc00000| PB 0x000000008dc00000| Complete 
| 221|0x000000008dd00000, 0x000000008de00000, 0x000000008de00000|100%| E|CS|TAMS 0x000000008dd00000| PB 0x000000008dd00000| Complete 
| 222|0x000000008de00000, 0x000000008df00000, 0x000000008df00000|100%| E|CS|TAMS 0x000000008de00000| PB 0x000000008de00000| Complete 
| 223|0x000000008df00000, 0x000000008e000000, 0x000000008e000000|100%| E|CS|TAMS 0x000000008df00000| PB 0x000000008df00000| Complete 
| 224|0x000000008e000000, 0x000000008e100000, 0x000000008e100000|100%| E|CS|TAMS 0x000000008e000000| PB 0x000000008e000000| Complete 
| 225|0x000000008e100000, 0x000000008e200000, 0x000000008e200000|100%| E|CS|TAMS 0x000000008e100000| PB 0x000000008e100000| Complete 
| 226|0x000000008e200000, 0x000000008e300000, 0x000000008e300000|100%| E|CS|TAMS 0x000000008e200000| PB 0x000000008e200000| Complete 
| 227|0x000000008e300000, 0x000000008e400000, 0x000000008e400000|100%| E|CS|TAMS 0x000000008e300000| PB 0x000000008e300000| Complete 
| 228|0x000000008e400000, 0x000000008e500000, 0x000000008e500000|100%| E|CS|TAMS 0x000000008e400000| PB 0x000000008e400000| Complete 
| 229|0x000000008e500000, 0x000000008e600000, 0x000000008e600000|100%| E|CS|TAMS 0x000000008e500000| PB 0x000000008e500000| Complete 
| 230|0x000000008e600000, 0x000000008e700000, 0x000000008e700000|100%| E|CS|TAMS 0x000000008e600000| PB 0x000000008e600000| Complete 
| 231|0x000000008e700000, 0x000000008e800000, 0x000000008e800000|100%| E|CS|TAMS 0x000000008e700000| PB 0x000000008e700000| Complete 
|2041|0x00000000ff900000, 0x00000000ffa00000, 0x00000000ffa00000|100%| E|CS|TAMS 0x00000000ff900000| PB 0x00000000ff900000| Complete 
|2042|0x00000000ffa00000, 0x00000000ffb00000, 0x00000000ffb00000|100%| O|  |TAMS 0x00000000ffb00000| PB 0x00000000ffb00000| Updating 
|2043|0x00000000ffb00000, 0x00000000ffc00000, 0x00000000ffc00000|100%| O|  |TAMS 0x00000000ffc00000| PB 0x00000000ffc00000| Untracked 
|2044|0x00000000ffc00000, 0x00000000ffd00000, 0x00000000ffd00000|100%| E|CS|TAMS 0x00000000ffc00000| PB 0x00000000ffc00000| Complete 
|2045|0x00000000ffd00000, 0x00000000ffe00000, 0x00000000ffe00000|100%| O|  |TAMS 0x00000000ffe00000| PB 0x00000000ffe00000| Untracked 
|2046|0x00000000ffe00000, 0x00000000fff00000, 0x00000000fff00000|100%| O|  |TAMS 0x00000000fff00000| PB 0x00000000fff00000| Untracked 
|2047|0x00000000fff00000, 0x0000000100000000, 0x0000000100000000|100%| O|  |TAMS 0x0000000100000000| PB 0x0000000100000000| Untracked 

Card table byte_map: [0x0000022ebe720000,0x0000022ebeb20000] _byte_map_base: 0x0000022ebe320000

Marking Bits: (CMBitMap*) 0x0000022ea9b2e670
 Bits: [0x0000022ebeb20000, 0x0000022ec0b20000)

Polling page: 0x0000022ea9a10000

Metaspace:

Usage:
  Non-class:    124.18 MB used.
      Class:     18.15 MB used.
       Both:    142.34 MB used.

Virtual space:
  Non-class space:      128.00 MB reserved,     125.38 MB ( 98%) committed,  2 nodes.
      Class space:        1.00 GB reserved,      19.31 MB (  2%) committed,  1 nodes.
             Both:        1.12 GB reserved,     144.69 MB ( 13%) committed. 

Chunk freelists:
   Non-Class:  1.94 MB
       Class:  12.61 MB
        Both:  14.55 MB

MaxMetaspaceSize: unlimited
CompressedClassSpaceSize: 1.00 GB
Initial GC threshold: 21.00 MB
Current GC threshold: 212.44 MB
CDS: off
 - commit_granule_bytes: 65536.
 - commit_granule_words: 8192.
 - virtual_space_node_default_size: 8388608.
 - enlarge_chunks_in_place: 1.
 - use_allocation_guard: 0.


Internal statistics:

num_allocs_failed_limit: 6.
num_arena_births: 4422.
num_arena_deaths: 0.
num_vsnodes_births: 3.
num_vsnodes_deaths: 0.
num_space_committed: 2313.
num_space_uncommitted: 0.
num_chunks_returned_to_freelist: 6.
num_chunks_taken_from_freelist: 10093.
num_chunk_merges: 6.
num_chunk_splits: 6979.
num_chunks_enlarged: 4774.
num_inconsistent_stats: 0.

CodeHeap 'non-profiled nmethods': size=120000Kb used=6280Kb max_used=6525Kb free=113719Kb
 bounds [0x0000022eb6ac0000, 0x0000022eb7120000, 0x0000022ebdff0000]
CodeHeap 'profiled nmethods': size=120000Kb used=23288Kb max_used=24421Kb free=96711Kb
 bounds [0x0000022eaeff0000, 0x0000022eb07d0000, 0x0000022eb6520000]
CodeHeap 'non-nmethods': size=5760Kb used=3123Kb max_used=3230Kb free=2636Kb
 bounds [0x0000022eb6520000, 0x0000022eb6860000, 0x0000022eb6ac0000]
 total_blobs=12939 nmethods=11763 adapters=1078
 compilation: enabled
              stopped_count=0, restarted_count=0
 full_count=0

Compilation events (20 events):
Event: 28.352 Thread 0x0000022ec379a250 13527 %     3       com.google.common.collect.MapMakerInternalMap$Segment::expand @ 56 (276 bytes)
Event: 28.360 Thread 0x0000022ec379a250 nmethod 13527% 0x0000022eb07af290 code [0x0000022eb07afac0, 0x0000022eb07b4bb8]
Event: 28.366 Thread 0x0000022ec379a250 13528 %     3       com.google.common.collect.MapMakerInternalMap$Segment::expand @ 128 (276 bytes)
Event: 28.374 Thread 0x0000022ec379a250 nmethod 13528% 0x0000022eb07b6b10 code [0x0000022eb07b7340, 0x0000022eb07bc5f8]
Event: 28.374 Thread 0x0000022ec379a250 13529       3       java.lang.AbstractStringBuilder::append (45 bytes)
Event: 28.375 Thread 0x0000022ec379a250 nmethod 13529 0x0000022eb07be590 code [0x0000022eb07be7a0, 0x0000022eb07becc8]
Event: 28.375 Thread 0x0000022ec379a250 13530       3       java.lang.String::<init> (99 bytes)
Event: 28.377 Thread 0x0000022ec379a250 nmethod 13530 0x0000022eb07bef10 code [0x0000022eb07bf300, 0x0000022eb07c0d80]
Event: 28.377 Thread 0x0000022ec379a250 13531       3       org.gradle.internal.serialize.kryo.KryoBackedDecoder::readString (5 bytes)
Event: 28.378 Thread 0x0000022ec379a250 nmethod 13531 0x0000022eb07c1690 code [0x0000022eb07c18c0, 0x0000022eb07c1ec0]
Event: 28.380 Thread 0x0000022ec379a250 13532       3       com.google.common.collect.MapMakerInternalMap$Segment::expand (276 bytes)
Event: 28.388 Thread 0x0000022ec379a250 nmethod 13532 0x0000022eb07c2110 code [0x0000022eb07c2940, 0x0000022eb07c7880]
Event: 28.423 Thread 0x0000022ec375dc70 nmethod 13483 0x0000022eb7113a10 code [0x0000022eb7114140, 0x0000022eb711a3f8]
Event: 28.423 Thread 0x0000022ec375dc70 13513       4       com.google.common.collect.HashBiMap::seekByValue (47 bytes)
Event: 28.426 Thread 0x0000022ec375dc70 nmethod 13513 0x0000022eb711db10 code [0x0000022eb711dca0, 0x0000022eb711de10]
Event: 28.427 Thread 0x0000022ec375dc70 13524       4       com.google.common.collect.MapMakerInternalMap$Segment::getEntry (80 bytes)
Event: 28.435 Thread 0x0000022ec375dc70 nmethod 13524 0x0000022eb711df90 code [0x0000022eb711e160, 0x0000022eb711e630]
Event: 28.435 Thread 0x0000022ec375dc70 13537       4       java.lang.AbstractStringBuilder::append (45 bytes)
Event: 28.442 Thread 0x0000022ec375dc70 nmethod 13537 0x0000022eb711ea90 code [0x0000022eb711ec60, 0x0000022eb711f188]
Event: 28.442 Thread 0x0000022ec375dc70 13536       4       org.gradle.internal.serialize.AbstractCollectionSerializer::read (47 bytes)

GC Heap History (20 events):
Event: 15.846 GC heap before
{Heap before GC invocations=31 (full 0):
 garbage-first heap   total 175104K, used 123594K [0x0000000080000000, 0x0000000100000000)
  region size 1024K, 10 young (10240K), 5 survivors (5120K)
 Metaspace       used 92436K, committed 94336K, reserved 1179648K
  class space    used 12748K, committed 13632K, reserved 1048576K
}
Event: 15.851 GC heap after
{Heap after GC invocations=32 (full 0):
 garbage-first heap   total 175104K, used 119960K [0x0000000080000000, 0x0000000100000000)
  region size 1024K, 1 young (1024K), 1 survivors (1024K)
 Metaspace       used 92436K, committed 94336K, reserved 1179648K
  class space    used 12748K, committed 13632K, reserved 1048576K
}
Event: 16.581 GC heap before
{Heap before GC invocations=33 (full 0):
 garbage-first heap   total 211968K, used 167064K [0x0000000080000000, 0x0000000100000000)
  region size 1024K, 41 young (41984K), 1 survivors (1024K)
 Metaspace       used 96895K, committed 98816K, reserved 1179648K
  class space    used 13161K, committed 14080K, reserved 1048576K
}
Event: 16.584 GC heap after
{Heap after GC invocations=34 (full 0):
 garbage-first heap   total 211968K, used 128544K [0x0000000080000000, 0x0000000100000000)
  region size 1024K, 3 young (3072K), 3 survivors (3072K)
 Metaspace       used 96895K, committed 98816K, reserved 1179648K
  class space    used 13161K, committed 14080K, reserved 1048576K
}
Event: 18.042 GC heap before
{Heap before GC invocations=34 (full 0):
 garbage-first heap   total 211968K, used 194080K [0x0000000080000000, 0x0000000100000000)
  region size 1024K, 67 young (68608K), 3 survivors (3072K)
 Metaspace       used 104810K, committed 107072K, reserved 1179648K
  class space    used 14139K, committed 15232K, reserved 1048576K
}
Event: 18.051 GC heap after
{Heap after GC invocations=35 (full 0):
 garbage-first heap   total 211968K, used 131255K [0x0000000080000000, 0x0000000100000000)
  region size 1024K, 7 young (7168K), 7 survivors (7168K)
 Metaspace       used 104810K, committed 107072K, reserved 1179648K
  class space    used 14139K, committed 15232K, reserved 1048576K
}
Event: 18.533 GC heap before
{Heap before GC invocations=35 (full 0):
 garbage-first heap   total 211968K, used 152759K [0x0000000080000000, 0x0000000100000000)
  region size 1024K, 29 young (29696K), 7 survivors (7168K)
 Metaspace       used 108352K, committed 110592K, reserved 1179648K
  class space    used 14601K, committed 15680K, reserved 1048576K
}
Event: 18.542 GC heap after
{Heap after GC invocations=36 (full 0):
 garbage-first heap   total 211968K, used 132732K [0x0000000080000000, 0x0000000100000000)
  region size 1024K, 6 young (6144K), 6 survivors (6144K)
 Metaspace       used 108352K, committed 110592K, reserved 1179648K
  class space    used 14601K, committed 15680K, reserved 1048576K
}
Event: 19.640 GC heap before
{Heap before GC invocations=37 (full 0):
 garbage-first heap   total 225280K, used 194172K [0x0000000080000000, 0x0000000100000000)
  region size 1024K, 65 young (66560K), 6 survivors (6144K)
 Metaspace       used 112129K, committed 114432K, reserved 1179648K
  class space    used 15020K, committed 16128K, reserved 1048576K
}
Event: 19.652 GC heap after
{Heap after GC invocations=38 (full 0):
 garbage-first heap   total 225280K, used 136746K [0x0000000080000000, 0x0000000100000000)
  region size 1024K, 6 young (6144K), 6 survivors (6144K)
 Metaspace       used 112129K, committed 114432K, reserved 1179648K
  class space    used 15020K, committed 16128K, reserved 1048576K
}
Event: 21.088 GC heap before
{Heap before GC invocations=38 (full 0):
 garbage-first heap   total 225280K, used 206378K [0x0000000080000000, 0x0000000100000000)
  region size 1024K, 74 young (75776K), 6 survivors (6144K)
 Metaspace       used 117822K, committed 120064K, reserved 1179648K
  class space    used 15629K, committed 16704K, reserved 1048576K
}
Event: 21.100 GC heap after
{Heap after GC invocations=39 (full 0):
 garbage-first heap   total 225280K, used 141312K [0x0000000080000000, 0x0000000100000000)
  region size 1024K, 10 young (10240K), 10 survivors (10240K)
 Metaspace       used 117822K, committed 120064K, reserved 1179648K
  class space    used 15629K, committed 16704K, reserved 1048576K
}
Event: 22.254 GC heap before
{Heap before GC invocations=39 (full 0):
 garbage-first heap   total 225280K, used 203776K [0x0000000080000000, 0x0000000100000000)
  region size 1024K, 71 young (72704K), 10 survivors (10240K)
 Metaspace       used 127387K, committed 129728K, reserved 1179648K
  class space    used 16601K, committed 17728K, reserved 1048576K
}
Event: 22.266 GC heap after
{Heap after GC invocations=40 (full 0):
 garbage-first heap   total 225280K, used 144947K [0x0000000080000000, 0x0000000100000000)
  region size 1024K, 4 young (4096K), 4 survivors (4096K)
 Metaspace       used 127387K, committed 129728K, reserved 1179648K
  class space    used 16601K, committed 17728K, reserved 1048576K
}
Event: 24.079 GC heap before
{Heap before GC invocations=41 (full 0):
 garbage-first heap   total 244736K, used 205363K [0x0000000080000000, 0x0000000100000000)
  region size 1024K, 64 young (65536K), 4 survivors (4096K)
 Metaspace       used 136836K, committed 139264K, reserved 1179648K
  class space    used 17600K, committed 18752K, reserved 1048576K
}
Event: 24.089 GC heap after
{Heap after GC invocations=42 (full 0):
 garbage-first heap   total 244736K, used 147720K [0x0000000080000000, 0x0000000100000000)
  region size 1024K, 7 young (7168K), 7 survivors (7168K)
 Metaspace       used 136836K, committed 139264K, reserved 1179648K
  class space    used 17600K, committed 18752K, reserved 1048576K
}
Event: 27.635 GC heap before
{Heap before GC invocations=42 (full 0):
 garbage-first heap   total 244736K, used 221448K [0x0000000080000000, 0x0000000100000000)
  region size 1024K, 80 young (81920K), 7 survivors (7168K)
 Metaspace       used 145485K, committed 147840K, reserved 1179648K
  class space    used 18581K, committed 19712K, reserved 1048576K
}
Event: 27.654 GC heap after
{Heap after GC invocations=43 (full 0):
 garbage-first heap   total 244736K, used 155073K [0x0000000080000000, 0x0000000100000000)
  region size 1024K, 10 young (10240K), 10 survivors (10240K)
 Metaspace       used 145485K, committed 147840K, reserved 1179648K
  class space    used 18581K, committed 19712K, reserved 1048576K
}
Event: 28.282 GC heap before
{Heap before GC invocations=43 (full 0):
 garbage-first heap   total 244736K, used 219585K [0x0000000080000000, 0x0000000100000000)
  region size 1024K, 74 young (75776K), 10 survivors (10240K)
 Metaspace       used 145753K, committed 148160K, reserved 1179648K
  class space    used 18588K, committed 19776K, reserved 1048576K
}
Event: 28.300 GC heap after
{Heap after GC invocations=44 (full 0):
 garbage-first heap   total 244736K, used 165352K [0x0000000080000000, 0x0000000100000000)
  region size 1024K, 10 young (10240K), 10 survivors (10240K)
 Metaspace       used 145753K, committed 148160K, reserved 1179648K
  class space    used 18588K, committed 19776K, reserved 1048576K
}

Dll operation events (3 events):
Event: 0.012 Loaded shared library C:\Program Files\Android\Android Studio\jbr\bin\java.dll
Event: 0.017 Loaded shared library C:\Program Files\Android\Android Studio\jbr\bin\zip.dll
Event: 1.144 Loaded shared library C:\Program Files\Android\Android Studio\jbr\bin\verify.dll

Deoptimization events (20 events):
Event: 28.165 Thread 0x0000022ecdf2c180 Uncommon trap: trap_request=0xffffff45 fr.pc=0x0000022eb70e85f4 relative=0x00000000000000d4
Event: 28.165 Thread 0x0000022ecdf2c180 Uncommon trap: reason=unstable_if action=reinterpret pc=0x0000022eb70e85f4 method=com.google.common.collect.HashBiMap.seekByValue(Ljava/lang/Object;I)Lcom/google/common/collect/HashBiMap$BiEntry; @ 32 c2
Event: 28.165 Thread 0x0000022ecdf2c180 DEOPT PACKING pc=0x0000022eb70e85f4 sp=0x000000e2061f9860
Event: 28.165 Thread 0x0000022ecdf2c180 DEOPT UNPACKING pc=0x0000022eb65746a2 sp=0x000000e2061f97e0 mode 2
Event: 28.190 Thread 0x0000022ecdf2c180 Uncommon trap: trap_request=0xffffff45 fr.pc=0x0000022eb7111bb0 relative=0x00000000000002d0
Event: 28.190 Thread 0x0000022ecdf2c180 Uncommon trap: reason=unstable_if action=reinterpret pc=0x0000022eb7111bb0 method=com.google.common.collect.MapMakerInternalMap$Segment.getEntry(Ljava/lang/Object;I)Lcom/google/common/collect/MapMakerInternalMap$InternalEntry; @ 63 c2
Event: 28.190 Thread 0x0000022ecdf2c180 DEOPT PACKING pc=0x0000022eb7111bb0 sp=0x000000e2061f9eb0
Event: 28.190 Thread 0x0000022ecdf2c180 DEOPT UNPACKING pc=0x0000022eb65746a2 sp=0x000000e2061f9e48 mode 2
Event: 28.365 Thread 0x0000022ecdf2c180 Uncommon trap: trap_request=0xffffff45 fr.pc=0x0000022eb704a08c relative=0x0000000000000c8c
Event: 28.365 Thread 0x0000022ecdf2c180 Uncommon trap: reason=unstable_if action=reinterpret pc=0x0000022eb704a08c method=com.esotericsoftware.kryo.io.Input.readUtf8(I)V @ 48 c2
Event: 28.365 Thread 0x0000022ecdf2c180 DEOPT PACKING pc=0x0000022eb704a08c sp=0x000000e2061f9cb0
Event: 28.365 Thread 0x0000022ecdf2c180 DEOPT UNPACKING pc=0x0000022eb65746a2 sp=0x000000e2061f9b20 mode 2
Event: 28.365 Thread 0x0000022ecdf2c180 Uncommon trap: trap_request=0xffffff45 fr.pc=0x0000022eb6f93a98 relative=0x00000000000003b8
Event: 28.365 Thread 0x0000022ecdf2c180 Uncommon trap: reason=unstable_if action=reinterpret pc=0x0000022eb6f93a98 method=java.lang.AbstractStringBuilder.inflateIfNeededFor(Ljava/lang/String;)V @ 14 c2
Event: 28.365 Thread 0x0000022ecdf2c180 DEOPT PACKING pc=0x0000022eb6f93a98 sp=0x000000e2061f9e20
Event: 28.365 Thread 0x0000022ecdf2c180 DEOPT UNPACKING pc=0x0000022eb65746a2 sp=0x000000e2061f9d08 mode 2
Event: 28.365 Thread 0x0000022ecdf2c180 Uncommon trap: trap_request=0xffffff45 fr.pc=0x0000022eb6b9fbc0 relative=0x0000000000000500
Event: 28.365 Thread 0x0000022ecdf2c180 Uncommon trap: reason=unstable_if action=reinterpret pc=0x0000022eb6b9fbc0 method=java.lang.String.<init>(Ljava/lang/AbstractStringBuilder;Ljava/lang/Void;)V @ 19 c2
Event: 28.365 Thread 0x0000022ecdf2c180 DEOPT PACKING pc=0x0000022eb6b9fbc0 sp=0x000000e2061f9e20
Event: 28.365 Thread 0x0000022ecdf2c180 DEOPT UNPACKING pc=0x0000022eb65746a2 sp=0x000000e2061f9dd0 mode 2

Classes loaded (20 events):
Event: 25.656 Loading class sun/security/ssl/PreSharedKeyExtension$CHPreSharedKeySpec
Event: 25.656 Loading class sun/security/ssl/PreSharedKeyExtension$CHPreSharedKeySpec done
Event: 25.656 Loading class sun/security/ssl/PreSharedKeyExtension$PartialClientHelloMessage
Event: 25.656 Loading class sun/security/ssl/PreSharedKeyExtension$PartialClientHelloMessage done
Event: 25.656 Loading class sun/security/ssl/SSLEngineOutputRecord
Event: 25.657 Loading class sun/security/ssl/SSLEngineOutputRecord done
Event: 25.657 Loading class sun/security/ssl/SSLEngineOutputRecord$HandshakeFragment
Event: 25.657 Loading class sun/security/ssl/SSLEngineOutputRecord$HandshakeFragment done
Event: 25.657 Loading class sun/security/ssl/SSLEngineOutputRecord$HandshakeMemo
Event: 25.657 Loading class sun/security/ssl/SSLEngineOutputRecord$RecordMemo
Event: 25.658 Loading class sun/security/ssl/SSLEngineOutputRecord$RecordMemo done
Event: 25.658 Loading class sun/security/ssl/SSLEngineOutputRecord$HandshakeMemo done
Event: 25.677 Loading class sun/security/ssl/PreSharedKeyExtension$SHPreSharedKeySpec
Event: 25.678 Loading class sun/security/ssl/PreSharedKeyExtension$SHPreSharedKeySpec done
Event: 25.798 Loading class sun/security/ssl/ServerNameExtension$SHServerNamesSpec
Event: 25.798 Loading class sun/security/ssl/ServerNameExtension$SHServerNamesSpec done
Event: 26.815 Loading class java/util/Collections$ReverseComparator
Event: 26.815 Loading class java/util/Collections$ReverseComparator done
Event: 26.815 Loading class java/util/Collections$ReverseComparator2
Event: 26.816 Loading class java/util/Collections$ReverseComparator2 done

Classes unloaded (0 events):
No events

Classes redefined (0 events):
No events

Internal exceptions (20 events):
Event: 23.372 Thread 0x0000022ec97faca0 Exception <a 'java/lang/NoSuchMethodError'{0x000000008bcf0138}: static Lorg/gradle/api/internal/catalog/AbstractContextAwareModel;.<clinit>()V> (0x000000008bcf0138) 
thrown [s\src\hotspot\share\prims\jni.cpp, line 1139]
Event: 23.374 Thread 0x0000022ec97faca0 Exception <a 'java/lang/NoSuchMethodError'{0x000000008bb0b990}: static Lorg/gradle/api/internal/artifacts/dependencies/AbstractVersionConstraint;.<clinit>()V> (0x000000008bb0b990) 
thrown [s\src\hotspot\share\prims\jni.cpp, line 1139]
Event: 23.380 Thread 0x0000022ec97faca0 Exception <a 'java/lang/NoSuchMethodError'{0x000000008bb61e70}: static Lorg/gradle/api/internal/catalog/PluginModel;.<clinit>()V> (0x000000008bb61e70) 
thrown [s\src\hotspot\share\prims\jni.cpp, line 1139]
Event: 23.382 Thread 0x0000022ec97faca0 Exception <a 'java/lang/NoSuchMethodError'{0x000000008bb7b0a0}: static Lorg/gradle/api/internal/catalog/VersionModel;.<clinit>()V> (0x000000008bb7b0a0) 
thrown [s\src\hotspot\share\prims\jni.cpp, line 1139]
Event: 23.486 Thread 0x0000022ec97faca0 Exception <a 'java/lang/NoSuchMethodError'{0x000000008b8cf010}: 'int java.lang.invoke.DirectMethodHandle$Holder.invokeSpecialIFC(java.lang.Object, java.lang.Object, java.lang.Object)'> (0x000000008b8cf010) 
thrown [s\src\hotspot\share\interpreter\linkResolver.cpp, line 784]
Event: 23.576 Thread 0x0000022ec97faca0 Exception <a 'java/lang/NoSuchMethodError'{0x000000008b461260}: 'void java.lang.invoke.DirectMethodHandle$Holder.invokeStatic(java.lang.Object, java.lang.Object, java.lang.Object, int, java.lang.Object)'> (0x000000008b461260) 
thrown [s\src\hotspot\share\interpreter\linkResolver.cpp, line 784]
Event: 23.589 Thread 0x0000022ec97faca0 Implicit null exception at 0x0000022eb6e09c20 to 0x0000022eb6e09e8c
Event: 23.637 Thread 0x0000022ec97faca0 Implicit null exception at 0x0000022eb6d08100 to 0x0000022eb6d0812c
Event: 23.650 Thread 0x0000022ec9ae94d0 Exception <a 'java/lang/NoSuchMethodError'{0x000000008b109228}: static Lorg/gradle/internal/build/event/types/DefaultFileDownloadDescriptor;.<clinit>()V> (0x000000008b109228) 
thrown [s\src\hotspot\share\prims\jni.cpp, line 1139]
Event: 23.799 Thread 0x0000022ec97faca0 Exception <a 'sun/nio/fs/WindowsException'{0x000000008b096a10}> (0x000000008b096a10) 
thrown [s\src\hotspot\share\prims\jni.cpp, line 535]
Event: 25.286 Thread 0x0000022ec97faca0 Exception <a 'java/lang/NoSuchMethodError'{0x000000008d49ecb0}: 'void java.lang.invoke.DirectMethodHandle$Holder.invokeVirtual(java.lang.Object, java.lang.Object, long)'> (0x000000008d49ecb0) 
thrown [s\src\hotspot\share\interpreter\linkResolver.cpp, line 784]
Event: 25.294 Thread 0x0000022ec9ae94d0 Exception <a 'java/lang/NoSuchMethodError'{0x000000008d3091d8}: static Lorg/gradle/internal/build/event/types/DefaultStatusEvent;.<clinit>()V> (0x000000008d3091d8) 
thrown [s\src\hotspot\share\prims\jni.cpp, line 1139]
Event: 25.301 Thread 0x0000022ec9ae94d0 Exception <a 'java/lang/NoSuchMethodError'{0x000000008d327728}: static Lorg/gradle/internal/build/event/types/DefaultOperationFinishedProgressEvent;.<clinit>()V> (0x000000008d327728) 
thrown [s\src\hotspot\share\prims\jni.cpp, line 1139]
Event: 25.307 Thread 0x0000022ec9ae94d0 Exception <a 'java/lang/NoSuchMethodError'{0x000000008d352650}: static Lorg/gradle/internal/build/event/types/DefaultFileDownloadSuccessResult;.<clinit>()V> (0x000000008d352650) 
thrown [s\src\hotspot\share\prims\jni.cpp, line 1139]
Event: 25.307 Thread 0x0000022ec9ae94d0 Exception <a 'java/lang/NoSuchMethodError'{0x000000008d353710}: static Lorg/gradle/internal/build/event/types/DefaultSuccessResult;.<clinit>()V> (0x000000008d353710) 
thrown [s\src\hotspot\share\prims\jni.cpp, line 1139]
Event: 25.307 Thread 0x0000022ec9ae94d0 Exception <a 'java/lang/NoSuchMethodError'{0x000000008d3545d0}: static Lorg/gradle/internal/build/event/types/AbstractOperationResult;.<clinit>()V> (0x000000008d3545d0) 
thrown [s\src\hotspot\share\prims\jni.cpp, line 1139]
Event: 25.307 Thread 0x0000022ec9ae94d0 Exception <a 'java/lang/NoSuchMethodError'{0x000000008d3559e8}: static Lorg/gradle/internal/build/event/types/AbstractResult;.<clinit>()V> (0x000000008d3559e8) 
thrown [s\src\hotspot\share\prims\jni.cpp, line 1139]
Event: 25.346 Thread 0x0000022ec97faca0 Exception <a 'java/lang/NoSuchMethodError'{0x000000008d240378}: 'int java.lang.invoke.DirectMethodHandle$Holder.invokeSpecial(java.lang.Object, java.lang.Object, int)'> (0x000000008d240378) 
thrown [s\src\hotspot\share\interpreter\linkResolver.cpp, line 784]
Event: 25.761 Thread 0x0000022ec9ae94d0 Exception <a 'java/lang/NoSuchMethodError'{0x000000008cdb9318}: static Lorg/gradle/internal/build/event/types/NotFoundFileDownloadSuccessResult;.<clinit>()V> (0x000000008cdb9318) 
thrown [s\src\hotspot\share\prims\jni.cpp, line 1139]
Event: 27.246 Thread 0x0000022ec9ae94d0 Implicit null exception at 0x0000022eb6daa90b to 0x0000022eb6daa9dc

ZGC Phase Switch (0 events):
No events

VM Operations (20 events):
Event: 26.344 Executing VM operation: ICBufferFull done
Event: 26.637 Executing VM operation: ICBufferFull
Event: 26.637 Executing VM operation: ICBufferFull done
Event: 26.889 Executing VM operation: HandshakeAllThreads (Deoptimize)
Event: 26.889 Executing VM operation: HandshakeAllThreads (Deoptimize) done
Event: 27.101 Executing VM operation: ICBufferFull
Event: 27.101 Executing VM operation: ICBufferFull done
Event: 27.320 Executing VM operation: ICBufferFull
Event: 27.331 Executing VM operation: ICBufferFull done
Event: 27.331 Executing VM operation: HandshakeAllThreads (Deoptimize)
Event: 27.331 Executing VM operation: HandshakeAllThreads (Deoptimize) done
Event: 27.337 Executing VM operation: HandshakeAllThreads (Deoptimize)
Event: 27.338 Executing VM operation: HandshakeAllThreads (Deoptimize) done
Event: 27.635 Executing VM operation: G1CollectForAllocation (G1 Evacuation Pause)
Event: 27.654 Executing VM operation: G1CollectForAllocation (G1 Evacuation Pause) done
Event: 28.061 Executing VM operation: ICBufferFull
Event: 28.061 Executing VM operation: ICBufferFull done
Event: 28.282 Executing VM operation: G1CollectForAllocation (G1 Evacuation Pause)
Event: 28.300 Executing VM operation: G1CollectForAllocation (G1 Evacuation Pause) done
Event: 28.459 Executing VM operation: G1PauseRemark

Memory protections (0 events):
No events

Nmethod flushes (20 events):
Event: 28.466 Thread 0x0000022ec359eb30 flushing  nmethod 0x0000022eafbfd490
Event: 28.466 Thread 0x0000022ec359eb30 flushing  nmethod 0x0000022eafbfe010
Event: 28.466 Thread 0x0000022ec359eb30 flushing  nmethod 0x0000022eafc79090
Event: 28.466 Thread 0x0000022ec359eb30 flushing  nmethod 0x0000022eafc7f890
Event: 28.466 Thread 0x0000022ec359eb30 flushing  nmethod 0x0000022eafc80110
Event: 28.466 Thread 0x0000022ec359eb30 flushing  nmethod 0x0000022eafc83e10
Event: 28.466 Thread 0x0000022ec359eb30 flushing  nmethod 0x0000022eafce7810
Event: 28.466 Thread 0x0000022ec359eb30 flushing  nmethod 0x0000022eafce7d10
Event: 28.466 Thread 0x0000022ec359eb30 flushing  nmethod 0x0000022eafd7da10
Event: 28.466 Thread 0x0000022ec359eb30 flushing  nmethod 0x0000022eafd84490
Event: 28.466 Thread 0x0000022ec359eb30 flushing  nmethod 0x0000022eafe17b90
Event: 28.466 Thread 0x0000022ec359eb30 flushing  nmethod 0x0000022eafe1c590
Event: 28.466 Thread 0x0000022ec359eb30 flushing  nmethod 0x0000022eafe27190
Event: 28.466 Thread 0x0000022ec359eb30 flushing  nmethod 0x0000022eafe29c90
Event: 28.466 Thread 0x0000022ec359eb30 flushing  nmethod 0x0000022eaffad410
Event: 28.466 Thread 0x0000022ec359eb30 flushing  nmethod 0x0000022eaffc0f90
Event: 28.466 Thread 0x0000022ec359eb30 flushing  nmethod 0x0000022eb0027e90
Event: 28.466 Thread 0x0000022ec359eb30 flushing  nmethod 0x0000022eb0109610
Event: 28.466 Thread 0x0000022ec359eb30 flushing  nmethod 0x0000022eb010bc10
Event: 28.466 Thread 0x0000022ec359eb30 flushing  nmethod 0x0000022eb010dc90

Events (20 events):
Event: 27.047 Thread 0x0000022ec97faca0 Thread added: 0x0000022eca03d6b0
Event: 27.047 Thread 0x0000022ec97faca0 Thread added: 0x0000022eca0411c0
Event: 27.048 Thread 0x0000022ec97faca0 Thread added: 0x0000022eca03dd40
Event: 27.048 Thread 0x0000022ec97faca0 Thread added: 0x0000022eca041850
Event: 27.048 Thread 0x0000022ec97faca0 Thread added: 0x0000022eca03e3d0
Event: 27.048 Thread 0x0000022ec97faca0 Thread added: 0x0000022eca041ee0
Event: 27.315 Thread 0x0000022ec97faca0 Thread added: 0x0000022eca042570
Event: 27.318 Thread 0x0000022ec97faca0 Thread added: 0x0000022eca042c00
Event: 27.335 Thread 0x0000022ec97faca0 Thread added: 0x0000022eca043290
Event: 27.338 Thread 0x0000022ec97faca0 Thread added: 0x0000022ecdf26c30
Event: 27.343 Thread 0x0000022ec97faca0 Thread added: 0x0000022ecdf29390
Event: 27.347 Thread 0x0000022ec97faca0 Thread added: 0x0000022ecdf272c0
Event: 27.350 Thread 0x0000022ec97faca0 Thread added: 0x0000022ecdf27950
Event: 28.031 Thread 0x0000022ec97faca0 Thread added: 0x0000022ecdf27fe0
Event: 28.031 Thread 0x0000022ec97faca0 Thread added: 0x0000022ecdf28670
Event: 28.032 Thread 0x0000022ec97faca0 Thread added: 0x0000022ecdf29a20
Event: 28.033 Thread 0x0000022ec97faca0 Thread added: 0x0000022ecdf28d00
Event: 28.034 Thread 0x0000022ec97faca0 Thread added: 0x0000022ecdf265a0
Event: 28.034 Thread 0x0000022ec97faca0 Thread added: 0x0000022ecdf2c180
Event: 28.035 Thread 0x0000022ec97faca0 Thread added: 0x0000022ecdf2c810


Dynamic libraries:
0x00007ff627080000 - 0x00007ff62708a000 	C:\Program Files\Android\Android Studio\jbr\bin\java.exe
0x00007ff9cc1c0000 - 0x00007ff9cc427000 	C:\WINDOWS\SYSTEM32\ntdll.dll
0x00007ff9cb6e0000 - 0x00007ff9cb7a9000 	C:\WINDOWS\System32\KERNEL32.DLL
0x00007ff9c94f0000 - 0x00007ff9c98df000 	C:\WINDOWS\System32\KERNELBASE.dll
0x00007ff9c9ca0000 - 0x00007ff9c9deb000 	C:\WINDOWS\System32\ucrtbase.dll
0x00007ff9b00a0000 - 0x00007ff9b00bb000 	C:\Program Files\Android\Android Studio\jbr\bin\VCRUNTIME140.dll
0x00007ff9bdc10000 - 0x00007ff9bdc28000 	C:\Program Files\Android\Android Studio\jbr\bin\jli.dll
0x00007ff9cbb70000 - 0x00007ff9cbd35000 	C:\WINDOWS\System32\USER32.dll
0x00007ff9b24e0000 - 0x00007ff9b2773000 	C:\WINDOWS\WinSxS\amd64_microsoft.windows.common-controls_6595b64144ccf1df_6.0.26100.7309_none_3e05feeae336a044\COMCTL32.dll
0x00007ff9c9bc0000 - 0x00007ff9c9be7000 	C:\WINDOWS\System32\win32u.dll
0x00007ff9caed0000 - 0x00007ff9caf79000 	C:\WINDOWS\System32\msvcrt.dll
0x00007ff9cb7b0000 - 0x00007ff9cb7db000 	C:\WINDOWS\System32\GDI32.dll
0x00007ff9c93c0000 - 0x00007ff9c94ec000 	C:\WINDOWS\System32\gdi32full.dll
0x00007ff9c9310000 - 0x00007ff9c93b3000 	C:\WINDOWS\System32\msvcp_win.dll
0x00007ff9cab50000 - 0x00007ff9cab81000 	C:\WINDOWS\System32\IMM32.DLL
0x00007ff9b8b70000 - 0x00007ff9b8b7c000 	C:\Program Files\Android\Android Studio\jbr\bin\vcruntime140_1.dll
0x00007ff99c930000 - 0x00007ff99c9bd000 	C:\Program Files\Android\Android Studio\jbr\bin\msvcp140.dll
0x00007ff93c780000 - 0x00007ff93d40b000 	C:\Program Files\Android\Android Studio\jbr\bin\server\jvm.dll
0x00007ff9ca2a0000 - 0x00007ff9ca354000 	C:\WINDOWS\System32\ADVAPI32.dll
0x00007ff9cb1a0000 - 0x00007ff9cb246000 	C:\WINDOWS\System32\sechost.dll
0x00007ff9cacd0000 - 0x00007ff9cade8000 	C:\WINDOWS\System32\RPCRT4.dll
0x00007ff9caf80000 - 0x00007ff9caff4000 	C:\WINDOWS\System32\WS2_32.dll
0x00007ff9c9170000 - 0x00007ff9c91ce000 	C:\WINDOWS\SYSTEM32\POWRPROF.dll
0x00007ff9aacc0000 - 0x00007ff9aacf5000 	C:\WINDOWS\SYSTEM32\WINMM.dll
0x00007ff9b8520000 - 0x00007ff9b852b000 	C:\WINDOWS\SYSTEM32\VERSION.dll
0x00007ff9c9150000 - 0x00007ff9c9164000 	C:\WINDOWS\SYSTEM32\UMPDC.dll
0x00007ff9c80c0000 - 0x00007ff9c80db000 	C:\WINDOWS\SYSTEM32\kernel.appcore.dll
0x00007ff9b8620000 - 0x00007ff9b862a000 	C:\Program Files\Android\Android Studio\jbr\bin\jimage.dll
0x00007ff9c3960000 - 0x00007ff9c3ba2000 	C:\WINDOWS\SYSTEM32\DBGHELP.DLL
0x00007ff9cb7e0000 - 0x00007ff9cbb66000 	C:\WINDOWS\System32\combase.dll
0x00007ff9cab90000 - 0x00007ff9cac66000 	C:\WINDOWS\System32\OLEAUT32.dll
0x00007ff999590000 - 0x00007ff9995cc000 	C:\WINDOWS\SYSTEM32\dbgcore.DLL
0x00007ff9c9bf0000 - 0x00007ff9c9c95000 	C:\WINDOWS\System32\bcryptPrimitives.dll
0x00007ff9bdbd0000 - 0x00007ff9bdbde000 	C:\Program Files\Android\Android Studio\jbr\bin\instrument.dll
0x00007ff9b0080000 - 0x00007ff9b00a0000 	C:\Program Files\Android\Android Studio\jbr\bin\java.dll
0x00007ff9b0060000 - 0x00007ff9b0078000 	C:\Program Files\Android\Android Studio\jbr\bin\zip.dll
0x00007ff9ca360000 - 0x00007ff9caab3000 	C:\WINDOWS\System32\SHELL32.dll
0x00007ff9c9df0000 - 0x00007ff9c9f5a000 	C:\WINDOWS\System32\wintypes.dll
0x00007ff9c6ee0000 - 0x00007ff9c773e000 	C:\WINDOWS\SYSTEM32\windows.storage.dll
0x00007ff9cbd70000 - 0x00007ff9cbe65000 	C:\WINDOWS\System32\SHCORE.dll
0x00007ff9c9f60000 - 0x00007ff9c9fc6000 	C:\WINDOWS\System32\shlwapi.dll
0x00007ff9c9230000 - 0x00007ff9c9259000 	C:\WINDOWS\SYSTEM32\profapi.dll
0x00007ff9b0050000 - 0x00007ff9b0060000 	C:\Program Files\Android\Android Studio\jbr\bin\net.dll
0x00007ff9ba390000 - 0x00007ff9ba4b8000 	C:\WINDOWS\SYSTEM32\WINHTTP.dll
0x00007ff9c8630000 - 0x00007ff9c869b000 	C:\WINDOWS\system32\mswsock.dll
0x00007ff9b0030000 - 0x00007ff9b0046000 	C:\Program Files\Android\Android Studio\jbr\bin\nio.dll
0x00007ff95bf20000 - 0x00007ff95bf30000 	C:\Program Files\Android\Android Studio\jbr\bin\verify.dll
0x00007ff9b7ac0000 - 0x00007ff9b7ae7000 	C:\Users\Asus\.gradle\native\1def1411415f61bf3af743bc5b6707747c0891f09f0c88961ee8f79bc544acac\windows-amd64\native-platform.dll
0x00007ff9b7a40000 - 0x00007ff9b7ab8000 	C:\Users\Asus\.gradle\native\0.2.7\x86_64-windows-gnu\gradle-fileevents.dll
0x00007ff9b0010000 - 0x00007ff9b0019000 	C:\Program Files\Android\Android Studio\jbr\bin\management.dll
0x00007ff977ab0000 - 0x00007ff977abb000 	C:\Program Files\Android\Android Studio\jbr\bin\management_ext.dll
0x00007ff9c9fd0000 - 0x00007ff9c9fd8000 	C:\WINDOWS\System32\PSAPI.DLL
0x00007ff9c7b40000 - 0x00007ff9c7b74000 	C:\WINDOWS\SYSTEM32\IPHLPAPI.DLL
0x00007ff9cbef0000 - 0x00007ff9cbefa000 	C:\WINDOWS\System32\NSI.dll
0x00007ff9b0020000 - 0x00007ff9b0029000 	C:\Program Files\Android\Android Studio\jbr\bin\extnet.dll
0x00007ff9c88f0000 - 0x00007ff9c890b000 	C:\WINDOWS\SYSTEM32\CRYPTSP.dll
0x00007ff9c8020000 - 0x00007ff9c805a000 	C:\WINDOWS\system32\rsaenh.dll
0x00007ff9c86e0000 - 0x00007ff9c870b000 	C:\WINDOWS\SYSTEM32\USERENV.dll
0x00007ff9c9200000 - 0x00007ff9c922a000 	C:\WINDOWS\SYSTEM32\bcrypt.dll
0x00007ff9c8910000 - 0x00007ff9c891c000 	C:\WINDOWS\SYSTEM32\CRYPTBASE.dll
0x00007ff9a0c80000 - 0x00007ff9a0c88000 	C:\WINDOWS\system32\wshunix.dll
0x00007ff9c7b80000 - 0x00007ff9c7cac000 	C:\WINDOWS\SYSTEM32\DNSAPI.dll
0x00007ff9baf40000 - 0x00007ff9baf4b000 	C:\Windows\System32\rasadhlp.dll
0x00007ff9c02f0000 - 0x00007ff9c0376000 	C:\WINDOWS\System32\fwpuclnt.dll

dbghelp: loaded successfully - version: 4.0.5 - missing functions: none
symbol engine: initialized successfully - sym options: 0x614 - pdb path: .;C:\Program Files\Android\Android Studio\jbr\bin;C:\WINDOWS\SYSTEM32;C:\WINDOWS\WinSxS\amd64_microsoft.windows.common-controls_6595b64144ccf1df_6.0.26100.7309_none_3e05feeae336a044;C:\Program Files\Android\Android Studio\jbr\bin\server;C:\Users\Asus\.gradle\native\1def1411415f61bf3af743bc5b6707747c0891f09f0c88961ee8f79bc544acac\windows-amd64;C:\Users\Asus\.gradle\native\0.2.7\x86_64-windows-gnu

VM Arguments:
jvm_args: --add-opens=java.base/java.lang=ALL-UNNAMED --add-opens=java.base/java.lang.invoke=ALL-UNNAMED --add-opens=java.base/java.util=ALL-UNNAMED --add-opens=java.prefs/java.util.prefs=ALL-UNNAMED --add-exports=jdk.compiler/com.sun.tools.javac.api=ALL-UNNAMED --add-exports=jdk.compiler/com.sun.tools.javac.util=ALL-UNNAMED --add-opens=java.base/java.util=ALL-UNNAMED --add-opens=java.prefs/java.util.prefs=ALL-UNNAMED --add-opens=java.base/java.nio.charset=ALL-UNNAMED --add-opens=java.base/java.net=ALL-UNNAMED --add-opens=java.base/java.util.concurrent.atomic=ALL-UNNAMED --add-opens=java.xml/javax.xml.namespace=ALL-UNNAMED -Xmx2048m -Dfile.encoding=UTF-8 -Duser.country=US -Duser.language=en -Duser.variant -javaagent:C:\Users\Asus\.gradle\wrapper\dists\gradle-8.13-bin\5xuhj0ry160q40clulazy9h7d\gradle-8.13\lib\agents\gradle-instrumentation-agent-8.13.jar 
java_command: org.gradle.launcher.daemon.bootstrap.GradleDaemon 8.13
java_class_path (initial): C:\Users\Asus\.gradle\wrapper\dists\gradle-8.13-bin\5xuhj0ry160q40clulazy9h7d\gradle-8.13\lib\gradle-daemon-main-8.13.jar
Launcher Type: SUN_STANDARD

[Global flags]
     intx CICompilerCount                          = 4                                         {product} {ergonomic}
     uint ConcGCThreads                            = 2                                         {product} {ergonomic}
     uint G1ConcRefinementThreads                  = 8                                         {product} {ergonomic}
   size_t G1HeapRegionSize                         = 1048576                                   {product} {ergonomic}
    uintx GCDrainStackTargetSize                   = 64                                        {product} {ergonomic}
   size_t InitialHeapSize                          = 132120576                                 {product} {ergonomic}
   size_t MarkStackSize                            = 4194304                                   {product} {ergonomic}
   size_t MaxHeapSize                              = 2147483648                                {product} {command line}
   size_t MaxNewSize                               = 1287651328                                {product} {ergonomic}
   size_t MinHeapDeltaBytes                        = 1048576                                   {product} {ergonomic}
   size_t MinHeapSize                              = 8388608                                   {product} {ergonomic}
    uintx NonNMethodCodeHeapSize                   = 5839372                                {pd product} {ergonomic}
    uintx NonProfiledCodeHeapSize                  = 122909434                              {pd product} {ergonomic}
    uintx ProfiledCodeHeapSize                     = 122909434                              {pd product} {ergonomic}
    uintx ReservedCodeCacheSize                    = 251658240                              {pd product} {ergonomic}
     bool SegmentedCodeCache                       = true                                      {product} {ergonomic}
   size_t SoftMaxHeapSize                          = 2147483648                             {manageable} {ergonomic}
     bool UseCompressedOops                        = true                           {product lp64_product} {ergonomic}
     bool UseG1GC                                  = true                                      {product} {ergonomic}
     bool UseLargePagesIndividualAllocation        = false                                  {pd product} {ergonomic}

Logging:
Log output configuration:
 #0: stdout all=warning uptime,level,tags foldmultilines=false
 #1: stderr all=off uptime,level,tags foldmultilines=false

Environment Variables:
PATH=C:\Program Files\Common Files\Oracle\Java\javapath;C:\Python312\Scripts\;C:\Python312\;C:\Windows\system32;C:\Windows;C:\Windows\System32\Wbem;C:\Windows\System32\WindowsPowerShell\v1.0\;C:\Windows\System32\OpenSSH\;C:\Program Files (x86)\NVIDIA Corporation\PhysX\Common;C:\WINDOWS\system32;C:\WINDOWS;C:\WINDOWS\System32\Wbem;C:\WINDOWS\System32\WindowsPowerShell\v1.0\;C:\WINDOWS\System32\OpenSSH\;C:\php-8.3.9;C:\Program Files\nodejs\;C:\laragon\bin\nodejs\node-v20.15.1-win-x64;C:\ProgramData\chocolatey\bin;C:\composer;C:\Program Files\Git\cmd;C:\Program Files\Java\jdk-22\bin;C:\Program Files\Dart\dart-sdk\bin;C:\src\flutter\bin;C:\Dart\dart-sdk\bin;C:\gradle-9.0.0\bin;C:\Users\Asus\AppData\Local\Microsoft\WindowsApps;C:\Users\Asus\AppData\Local\Programs\Microsoft VS Code\bin;C:\Users\Asus\AppData\Roaming\npm;C:\Users\Asus\AppData\Roaming\Composer\vendor\bin;C:\src\flutter\bin;C:\Dart\dart-sdk\bin;
USERNAME=Asus
OS=Windows_NT
PROCESSOR_IDENTIFIER=Intel64 Family 6 Model 142 Stepping 12, GenuineIntel
TMP=C:\Users\Asus\AppData\Local\Temp
TEMP=C:\Users\Asus\AppData\Local\Temp




Periodic native trim disabled

JNI global refs:
JNI global refs: 30, weak refs: 23

JNI global refs memory usage: 835, weak refs: 833

Process memory usage:
Resident Set Size: 602172K (7% of 8182576K total physical memory with 441344K free physical memory)

OOME stack traces (most recent first):
Classloader memory used:
Loader org.gradle.internal.classloader.VisitableURLClassLoader                         : 99453K
Loader bootstrap                                                                       : 31619K
Loader org.gradle.initialization.MixInLegacyTypesClassLoader                           : 11240K
Loader org.gradle.internal.classloader.VisitableURLClassLoader                         : 939K
Loader jdk.internal.loader.ClassLoaders$PlatformClassLoader                            : 778K
Loader org.gradle.internal.classloader.VisitableURLClassLoader$InstrumentingVisitableURLClassLoader: 734K
Loader jdk.internal.jrtfs.JrtFileSystemProvider$JrtFsLoader                            : 330K
Loader jdk.internal.reflect.DelegatingClassLoader                                      : 284K
Loader jdk.internal.loader.ClassLoaders$AppClassLoader                                 : 235K
Loader org.gradle.groovy.scripts.internal.DefaultScriptCompilationHandler$ScriptClassLoader: 90480B
Loader org.codehaus.groovy.runtime.callsite.CallSiteClassLoader                        : 49592B

Classes loaded by more than one classloader:
Class org.gradle.api.GradleException                                                  : loaded 3 times (x 78B)
Class Program                                                                         : loaded 3 times (x 68B)
Class jdk.internal.jimage.BasicImageReader                                            : loaded 2 times (x 91B)
Class org.gradle.internal.classloader.ClassLoaderHierarchy                            : loaded 2 times (x 66B)
Class org.gradle.api.internal.classpath.ManifestUtil                                  : loaded 2 times (x 67B)
Class org.jetbrains.plugins.gradle.model.GradleExtensions                             : loaded 2 times (x 66B)
Class org.jetbrains.plugins.gradle.model.AnnotationProcessingModel                    : loaded 2 times (x 66B)
Class jdk.internal.jimage.decompressor.StringSharingDecompressorFactory               : loaded 2 times (x 70B)
Class org.gradle.internal.operations.MultipleBuildOperationFailures                   : loaded 2 times (x 91B)
Class org.gradle.internal.classloader.DefaultClassLoaderFactory                       : loaded 2 times (x 78B)
Class kotlin.collections.AbstractList$Companion                                       : loaded 2 times (x 67B)
Class org.gradle.internal.classloader.ClassLoaderVisitor                              : loaded 2 times (x 72B)
Class org.gradle.api.internal.classpath.EffectiveClassPath                            : loaded 2 times (x 86B)
Class org.gradle.tooling.internal.gradle.DefaultProjectIdentifier                     : loaded 2 times (x 82B)
Class org.gradle.api.internal.DefaultClassPathProvider                                : loaded 2 times (x 72B)
Class [Lorg.gradle.api.internal.ClassPathProvider;                                    : loaded 2 times (x 65B)
Class org.gradle.api.internal.ClassPathProvider                                       : loaded 2 times (x 66B)
Class jdk.internal.jrtfs.SystemImage                                                  : loaded 2 times (x 70B)
Class org.gradle.internal.service.UnknownServiceException                             : loaded 2 times (x 79B)
Class org.jetbrains.kotlin.idea.gradleTooling.KotlinDslScriptAdditionalTask           : loaded 2 times (x 66B)
Class org.gradle.internal.classpath.TransformedClassPath                              : loaded 2 times (x 92B)
Class org.gradle.internal.classloader.InstrumentingClassLoader                        : loaded 2 times (x 66B)
Class jdk.internal.jrtfs.SystemImage$1                                                : loaded 2 times (x 74B)
Class kotlin.enums.EnumEntriesList                                                    : loaded 2 times (x 219B)
Class jdk.internal.jrtfs.SystemImage$2                                                : loaded 2 times (x 72B)
Class org.jetbrains.kotlin.idea.gradleTooling.KotlinSourceSetContainer                : loaded 2 times (x 66B)
Class org.gradle.internal.classloader.FilteringClassLoader                            : loaded 2 times (x 101B)
Class org.gradle.internal.service.ServiceLocator                                      : loaded 2 times (x 66B)
Class jdk.internal.jrtfs.JrtFileSystemProvider                                        : loaded 2 times (x 97B)
Class org.gradle.tooling.model.UnsupportedMethodException                             : loaded 2 times (x 78B)
Class com.intellij.compose.ide.plugin.gradleTooling.rt.ComposeResourcesModel          : loaded 2 times (x 66B)
Class jdk.internal.jimage.ImageLocation                                               : loaded 2 times (x 86B)
Class jdk.internal.jrtfs.JrtDirectoryStream$1                                         : loaded 2 times (x 79B)
Class org.gradle.internal.InternalTransformer                                         : loaded 2 times (x 66B)
Class jdk.internal.jimage.ImageBufferCache$1                                          : loaded 2 times (x 79B)
Class org.gradle.internal.time.DefaultTimer                                           : loaded 2 times (x 76B)
Class org.gradle.internal.classloader.ClasspathUtil$1                                 : loaded 2 times (x 72B)
Class jdk.internal.jimage.ImageBufferCache$2                                          : loaded 2 times (x 87B)
Class org.gradle.api.internal.classpath.DefaultModuleRegistry$DefaultModule           : loaded 2 times (x 82B)
Class org.gradle.internal.time.DefaultCountdownTimer                                  : loaded 2 times (x 84B)
Class org.gradle.tooling.internal.gradle.DefaultBuildIdentifier                       : loaded 2 times (x 75B)
Class kotlin.Function                                                                 : loaded 2 times (x 66B)
Class org.gradle.api.internal.classpath.Module                                        : loaded 2 times (x 66B)
Class org.gradle.api.internal.classpath.UnknownModuleException                        : loaded 2 times (x 78B)
Class jdk.internal.jimage.ImageHeader                                                 : loaded 2 times (x 67B)
Class com.intellij.openapi.externalSystem.model.project.dependencies.ProjectDependencies: loaded 2 times (x 66B)
Class org.gradle.tooling.internal.gradle.GradleProjectIdentity                        : loaded 2 times (x 66B)
Class org.gradle.api.internal.DefaultClassPathRegistry                                : loaded 2 times (x 72B)
Class org.gradle.api.internal.ClassPathRegistry                                       : loaded 2 times (x 66B)
Class org.gradle.internal.classpath.DefaultClassPath$ImmutableUniqueList              : loaded 2 times (x 195B)
Class jdk.internal.jimage.decompressor.ResourceDecompressor                           : loaded 2 times (x 66B)
Class org.jetbrains.plugins.gradle.model.IntelliJSettings                             : loaded 2 times (x 66B)
Class Settings_gradle$1                                                               : loaded 2 times (x 70B)
Class org.gradle.internal.classpath.ClassPath                                         : loaded 2 times (x 66B)
Class org.gradle.api.UncheckedIOException                                             : loaded 2 times (x 78B)
Class org.jetbrains.kotlin.idea.gradleTooling.KotlinGradleModel                       : loaded 2 times (x 66B)
Class jdk.internal.jimage.ImageStringsReader                                          : loaded 2 times (x 76B)
Class org.gradle.tooling.model.Model                                                  : loaded 2 times (x 66B)
Class kotlin.UninitializedPropertyAccessException                                     : loaded 2 times (x 78B)
Class jdk.internal.jimage.ImageReader                                                 : loaded 2 times (x 71B)
Class org.jetbrains.plugins.gradle.model.IntelliJProjectSettings                      : loaded 2 times (x 66B)
Class jdk.internal.jimage.ImageReader$SharedImageReader                               : loaded 2 times (x 91B)
Class org.gradle.internal.installation.GradleInstallation$1                           : loaded 2 times (x 71B)
Class org.gradle.api.internal.classpath.ModuleRegistry                                : loaded 2 times (x 66B)
Class jdk.internal.jimage.decompressor.ResourceDecompressorFactory                    : loaded 2 times (x 70B)
Class org.jetbrains.plugins.gradle.model.VersionCatalogsModel                         : loaded 2 times (x 66B)
Class jdk.internal.jimage.ImageReader$Node                                            : loaded 2 times (x 80B)
Class org.gradle.api.internal.classpath.DefaultModuleRegistry                         : loaded 2 times (x 82B)
Class jdk.internal.jimage.BasicImageReader$1                                          : loaded 2 times (x 73B)
Class jdk.internal.jimage.decompressor.Decompressor                                   : loaded 2 times (x 68B)
Class jdk.internal.jimage.ImageReader$Resource                                        : loaded 2 times (x 80B)
Class org.gradle.internal.time.MonotonicClock                                         : loaded 2 times (x 73B)
Class org.gradle.internal.service.ServiceLookupException                              : loaded 2 times (x 78B)
Class jdk.internal.jrtfs.JrtFileAttributes                                            : loaded 2 times (x 79B)
Class org.gradle.internal.classloader.ClassLoaderFactory                              : loaded 2 times (x 66B)
Class org.gradle.internal.service.CachingServiceLocator                               : loaded 2 times (x 78B)
Class org.jetbrains.plugins.gradle.model.RepositoryModels                             : loaded 2 times (x 66B)
Class org.gradle.internal.time.TimeSource                                             : loaded 2 times (x 66B)
Class org.gradle.tooling.internal.gradle.GradleBuildIdentity                          : loaded 2 times (x 66B)
Class kotlin.enums.EnumEntries                                                        : loaded 2 times (x 66B)
Class org.gradle.internal.exceptions.ResolutionProvider                               : loaded 2 times (x 66B)
Class jdk.internal.jimage.ImageBufferCache                                            : loaded 2 times (x 67B)
Class jdk.internal.jrtfs.JrtPath                                                      : loaded 2 times (x 114B)
Class org.gradle.tooling.model.ProjectIdentifier                                      : loaded 2 times (x 66B)
Class org.gradle.internal.classloader.ClasspathUtil                                   : loaded 2 times (x 67B)
Class org.gradle.internal.time.TimeSource$1                                           : loaded 2 times (x 73B)
Class kotlin.jvm.internal.DefaultConstructorMarker                                    : loaded 2 times (x 67B)
Class org.gradle.api.specs.Spec                                                       : loaded 2 times (x 66B)
Class jdk.internal.jimage.ImageReader$SharedImageReader$LocationVisitor               : loaded 2 times (x 66B)
Class jdk.internal.jimage.decompressor.ResourceDecompressorRepository                 : loaded 2 times (x 67B)
Class org.gradle.internal.time.Clock                                                  : loaded 2 times (x 66B)
Class jdk.internal.jimage.ImageReader$Directory                                       : loaded 2 times (x 80B)
Class kotlin.collections.AbstractList                                                 : loaded 2 times (x 193B)
Class kotlin.collections.AbstractCollection                                           : loaded 2 times (x 113B)
Class org.gradle.internal.classloader.VisitableURLClassLoader$InstrumentingVisitableURLClassLoader: loaded 2 times (x 119B)
Class org.gradle.internal.classloader.VisitableURLClassLoader$Spec                    : loaded 2 times (x 70B)
Class org.gradle.internal.classpath.DefaultClassPath                                  : loaded 2 times (x 86B)
Class jdk.internal.jimage.decompressor.ZipDecompressorFactory                         : loaded 2 times (x 70B)
Class org.gradle.internal.classloader.ClassLoaderSpec                                 : loaded 2 times (x 67B)
Class Settings_gradle$1$1                                                             : loaded 2 times (x 70B)
Class ijInit3_78e8dj3p149nlvfn8j6k3zhhy                                               : loaded 2 times (x 175B)
Class kotlin.Unit                                                                     : loaded 2 times (x 67B)
Class org.gradle.internal.classloader.VisitableURLClassLoader                         : loaded 2 times (x 113B)
Class Settings_gradle                                                                 : loaded 2 times (x 124B)
Class org.gradle.internal.Cast                                                        : loaded 2 times (x 67B)
Class org.gradle.api.Action                                                           : loaded 2 times (x 66B)
Class jdk.internal.jimage.decompressor.ZipDecompressor                                : loaded 2 times (x 71B)
Class kotlin.jvm.functions.Function1                                                  : loaded 2 times (x 66B)
Class org.gradle.internal.classpath.DefaultClassPath$ImmutableUniqueList$Builder      : loaded 2 times (x 71B)
Class kotlin.NotImplementedError                                                      : loaded 2 times (x 78B)
Class org.gradle.internal.exceptions.NonGradleCauseExceptionsHolder                   : loaded 2 times (x 66B)
Class jdk.internal.jimage.ImageStrings                                                : loaded 2 times (x 66B)
Class org.jetbrains.plugins.gradle.tooling.ModelBuilderService$Parameter              : loaded 2 times (x 66B)
Class kotlin.enums.EnumEntriesKt                                                      : loaded 2 times (x 67B)
Class org.gradle.internal.IoActions                                                   : loaded 2 times (x 67B)
Class org.gradle.internal.classloader.SystemClassLoaderSpec                           : loaded 2 times (x 67B)
Class org.gradle.internal.exceptions.MultiCauseException                              : loaded 2 times (x 66B)
Class org.gradle.internal.time.CountdownTimer                                         : loaded 2 times (x 66B)
Class kotlin.jvm.internal.Intrinsics                                                  : loaded 2 times (x 67B)
Class jdk.internal.jrtfs.JrtFileSystem                                                : loaded 2 times (x 98B)
Class org.gradle.tooling.model.ProjectModel                                           : loaded 2 times (x 66B)
Class jdk.internal.jimage.decompressor.CompressedResourceHeader                       : loaded 2 times (x 67B)
Class kotlin.KotlinNullPointerException                                               : loaded 2 times (x 79B)
Class org.jetbrains.plugins.gradle.model.tests.ExternalTestsModel                     : loaded 2 times (x 66B)
Class sync_studio_tooling10541_657pe7vhhck3nhn3rej92hc9y                              : loaded 2 times (x 175B)
Class org.gradle.internal.exceptions.DefaultMultiCauseException                       : loaded 2 times (x 91B)
Class org.gradle.internal.time.Time                                                   : loaded 2 times (x 67B)
Class org.jetbrains.plugins.gradle.model.DependencyAccessorsModel                     : loaded 2 times (x 66B)
Class org.gradle.api.internal.classpath.GlobalCacheRootsProvider                      : loaded 2 times (x 66B)
Class org.jetbrains.kotlin.idea.gradleTooling.KotlinMPPGradleModel                    : loaded 2 times (x 66B)
Class org.gradle.tooling.model.BuildIdentifier                                        : loaded 2 times (x 66B)
Class org.jetbrains.kotlin.idea.gradleTooling.PrepareKotlinIdeImportTaskModel         : loaded 2 times (x 66B)
Class org.gradle.internal.time.Timer                                                  : loaded 2 times (x 66B)
Class kotlin.jvm.internal.markers.KMappedMarker                                       : loaded 2 times (x 66B)
Class org.gradle.internal.installation.CurrentGradleInstallationLocator               : loaded 2 times (x 67B)
Class org.gradle.internal.service.DefaultServiceLocator                               : loaded 2 times (x 79B)
Class jdk.internal.jrtfs.JrtDirectoryStream                                           : loaded 2 times (x 85B)
Class org.gradle.util.GradleVersion                                                   : loaded 2 times (x 75B)
Class org.gradle.internal.installation.CurrentGradleInstallation                      : loaded 2 times (x 69B)
Class org.jetbrains.plugins.gradle.javaModel.JavaGradleManifestModel                  : loaded 2 times (x 66B)
Class org.gradle.util.internal.GUtil                                                  : loaded 2 times (x 67B)
Class org.gradle.internal.installation.GradleInstallation                             : loaded 2 times (x 71B)
Class jdk.internal.jimage.decompressor.ResourceDecompressor$StringsProvider           : loaded 2 times (x 66B)

---------------  S Y S T E M  ---------------

OS:
 Windows 11 , 64 bit Build 26100 (10.0.26100.7623)
OS uptime: 3 days 22:17 hours
Hyper-V role detected

CPU: total 8 (initial active 8) (4 cores per cpu, 2 threads per core) family 6 model 142 stepping 12 microcode 0xde, cx8, cmov, fxsr, ht, mmx, 3dnowpref, sse, sse2, sse3, ssse3, sse4.1, sse4.2, popcnt, lzcnt, tsc, tscinvbit, avx, avx2, aes, erms, clmul, bmi1, bmi2, adx, fma, vzeroupper, clflush, clflushopt, hv, rdtscp, f16c
Processor Information for the first 8 processors :
  Max Mhz: 2304, Current Mhz: 1803, Mhz Limit: 1797

Memory: 4k page, system-wide physical 7990M (430M free)
TotalPageFile size 16182M (AvailPageFile size 3M)
current process WorkingSet (physical memory assigned to process): 530M, peak: 591M
current process commit charge ("private bytes"): 619M, peak: 654M

vm_info: OpenJDK 64-Bit Server VM (21.0.6+-13391695-b895.109) for windows-amd64 JRE (21.0.6+-13391695-b895.109), built on 2025-04-22T21:19:17Z by "builder" with MS VC++ 16.10 / 16.11 (VS2019)

END.
