#
# There is insufficient memory for the Java Runtime Environment to continue.
# Native memory allocation (mmap) failed to map 49283072 bytes. Error detail: G1 virtual space
# Possible reasons:
#   The system is out of physical RAM or swap space
#   This process is running with CompressedOops enabled, and the Java Heap may be blocking the growth of the native heap
# Possible solutions:
#   Reduce memory load on the system
#   Increase physical memory or swap space
#   Check if swap backing store is full
#   Decrease Java heap size (-Xmx/-Xms)
#   Decrease number of Java threads
#   Decrease Java thread stack sizes (-Xss)
#   Set larger code cache with -XX:ReservedCodeCacheSize=
#   JVM is running with Unscaled Compressed Oops mode in which the Java heap is
#     placed in the first 4GB address space. The Java Heap base address is the
#     maximum limit for the native heap growth. Please use -XX:HeapBaseMinAddress
#     to set the Java Heap base and to place the Java Heap above 4GB virtual address.
# This output file may be truncated or incomplete.
#
#  Out of Memory Error (os_windows.cpp:3898), pid=17964, tid=5532
#
# JRE version: OpenJDK Runtime Environment (21.0.6) (build 21.0.6+-13391695-b895.109)
# Java VM: OpenJDK 64-Bit Server VM (21.0.6+-13391695-b895.109, mixed mode, tiered, compressed oops, compressed class ptrs, g1 gc, windows-amd64)
# No core dump will be written. Minidumps are not enabled by default on client versions of Windows
#

---------------  S U M M A R Y ------------

Command Line: --add-opens=java.base/java.lang=ALL-UNNAMED --add-opens=java.base/java.lang.invoke=ALL-UNNAMED --add-opens=java.base/java.util=ALL-UNNAMED --add-opens=java.prefs/java.util.prefs=ALL-UNNAMED --add-exports=jdk.compiler/com.sun.tools.javac.api=ALL-UNNAMED --add-exports=jdk.compiler/com.sun.tools.javac.util=ALL-UNNAMED --add-opens=java.base/java.util=ALL-UNNAMED --add-opens=java.prefs/java.util.prefs=ALL-UNNAMED --add-opens=java.base/java.nio.charset=ALL-UNNAMED --add-opens=java.base/java.net=ALL-UNNAMED --add-opens=java.base/java.util.concurrent.atomic=ALL-UNNAMED --add-opens=java.xml/javax.xml.namespace=ALL-UNNAMED -Xmx2048m -Dfile.encoding=UTF-8 -Duser.country=US -Duser.language=en -Duser.variant -javaagent:C:\Users\Asus\Downloads\gradle\gradle-9.0.0\wrapper\dists\gradle-8.13-bin\5xuhj0ry160q40clulazy9h7d\gradle-8.13\lib\agents\gradle-instrumentation-agent-8.13.jar org.gradle.launcher.daemon.bootstrap.GradleDaemon 8.13

Host: Intel(R) Core(TM) i7-10510U CPU @ 1.80GHz, 8 cores, 7G,  Windows 11 , 64 bit Build 26100 (10.0.26100.7309)
Time: Sun Dec 21 19:40:02 2025 SE Asia Standard Time elapsed time: 30.605474 seconds (0d 0h 0m 30s)

---------------  T H R E A D  ---------------

Current thread (0x000001cfa13d9870):  VMThread "VM Thread"          [id=5532, stack(0x0000002cdd300000,0x0000002cdd400000) (1024K)]

Stack: [0x0000002cdd300000,0x0000002cdd400000]
Native frames: (J=compiled Java code, j=interpreted, Vv=VM code, C=native code)
V  [jvm.dll+0x6d0639]
V  [jvm.dll+0x85eb03]
V  [jvm.dll+0x86105e]
V  [jvm.dll+0x861743]
V  [jvm.dll+0x27e6e6]
V  [jvm.dll+0x6ccfd5]
V  [jvm.dll+0x6c0a8a]
V  [jvm.dll+0x35537b]
V  [jvm.dll+0x35cfd6]
V  [jvm.dll+0x3aef86]
V  [jvm.dll+0x3af258]
V  [jvm.dll+0x327a2c]
V  [jvm.dll+0x32a436]
V  [jvm.dll+0x33438d]
V  [jvm.dll+0x36ba15]
V  [jvm.dll+0x8674c8]
V  [jvm.dll+0x868844]
V  [jvm.dll+0x868d80]
V  [jvm.dll+0x869013]
V  [jvm.dll+0x806ed8]
V  [jvm.dll+0x6cef0d]
C  [ucrtbase.dll+0x37b0]
C  [KERNEL32.DLL+0x2e8d7]
C  [ntdll.dll+0x8c53c]

VM_Operation (0x0000002cdceff4d0): G1PauseRemark, mode: safepoint, requested by thread 0x000001cf89d85950


---------------  P R O C E S S  ---------------

Threads class SMR info:
_java_thread_list=0x000001cfb54bb260, length=80, elements={
0x000001cf87955c10, 0x000001cfa15b3120, 0x000001cfa15b5b70, 0x000001cfa15d4420,
0x000001cfa15d4e70, 0x000001cfa15d58c0, 0x000001cfa15c3840, 0x000001cfa15e77c0,
0x000001cfa15efe70, 0x000001cfa1713510, 0x000001cfa18cddb0, 0x000001cfa781da90,
0x000001cfa78bab40, 0x000001cfa7ba48e0, 0x000001cfa788c4e0, 0x000001cfa788db50,
0x000001cfa7a27450, 0x000001cfa7988140, 0x000001cfa79946a0, 0x000001cfa7994d30,
0x000001cfa79953c0, 0x000001cfa79960e0, 0x000001cfa7997b20, 0x000001cfa7995a50,
0x000001cfa7996770, 0x000001cfa7996e00, 0x000001cfa7997490, 0x000001cfaa1bc400,
0x000001cfaa1bde40, 0x000001cfaa1bb6e0, 0x000001cfaa1bd7b0, 0x000001cfaa1bca90,
0x000001cfaa1be4d0, 0x000001cfaa1bd120, 0x000001cfaa1bb050, 0x000001cfaa1beb60,
0x000001cfaa1bbd70, 0x000001cfaa1c1950, 0x000001cfaa1bff10, 0x000001cfaa1c1fe0,
0x000001cfaa1c12c0, 0x000001cfaa1c05a0, 0x000001cfaa1c2670, 0x000001cfaa1c0c30,
0x000001cfabf17b70, 0x000001cfabf16130, 0x000001cfabf15410, 0x000001cfabf18f20,
0x000001cfabf195b0, 0x000001cfabf167c0, 0x000001cfabf19c40, 0x000001cfabf174e0,
0x000001cfabf1a2d0, 0x000001cfabf16e50, 0x000001cfabf1bd10, 0x000001cfabf1c3a0,
0x000001cfabf1a960, 0x000001cfabf1ca30, 0x000001cfa86d5660, 0x000001cfa86d5cf0,
0x000001cfa86d6380, 0x000001cfa86d42b0, 0x000001cfa86db240, 0x000001cfa86d9170,
0x000001cfa86d7dc0, 0x000001cfa86d8450, 0x000001cfa86d8ae0, 0x000001cfa86d9800,
0x000001cfa86db8d0, 0x000001cfa86dabb0, 0x000001cfa86da520, 0x000001cfa86d9e90,
0x000001cfac64e470, 0x000001cfac64ca30, 0x000001cfac64c3a0, 0x000001cfac64d0c0,
0x000001cfac64d750, 0x000001cfac64dde0, 0x000001cfa8a6eea0, 0x000001cfaa440a80
}

Java Threads: ( => current thread )
  0x000001cf87955c10 JavaThread "main"                              [_thread_blocked, id=604, stack(0x0000002cdcc00000,0x0000002cdcd00000) (1024K)]
  0x000001cfa15b3120 JavaThread "Reference Handler"          daemon [_thread_blocked, id=13064, stack(0x0000002cdd400000,0x0000002cdd500000) (1024K)]
  0x000001cfa15b5b70 JavaThread "Finalizer"                  daemon [_thread_blocked, id=3220, stack(0x0000002cdd500000,0x0000002cdd600000) (1024K)]
  0x000001cfa15d4420 JavaThread "Signal Dispatcher"          daemon [_thread_blocked, id=9972, stack(0x0000002cdd600000,0x0000002cdd700000) (1024K)]
  0x000001cfa15d4e70 JavaThread "Attach Listener"            daemon [_thread_blocked, id=1120, stack(0x0000002cdd700000,0x0000002cdd800000) (1024K)]
  0x000001cfa15d58c0 JavaThread "Service Thread"             daemon [_thread_blocked, id=8388, stack(0x0000002cdd800000,0x0000002cdd900000) (1024K)]
  0x000001cfa15c3840 JavaThread "Monitor Deflation Thread"   daemon [_thread_blocked, id=11912, stack(0x0000002cdd900000,0x0000002cdda00000) (1024K)]
  0x000001cfa15e77c0 JavaThread "C2 CompilerThread0"         daemon [_thread_blocked, id=732, stack(0x0000002cdda00000,0x0000002cddb00000) (1024K)]
  0x000001cfa15efe70 JavaThread "C1 CompilerThread0"         daemon [_thread_blocked, id=1948, stack(0x0000002cddb00000,0x0000002cddc00000) (1024K)]
  0x000001cfa1713510 JavaThread "Common-Cleaner"             daemon [_thread_blocked, id=17796, stack(0x0000002cddc00000,0x0000002cddd00000) (1024K)]
  0x000001cfa18cddb0 JavaThread "Notification Thread"        daemon [_thread_blocked, id=16736, stack(0x0000002cddd00000,0x0000002cdde00000) (1024K)]
  0x000001cfa781da90 JavaThread "Daemon health stats"               [_thread_blocked, id=3532, stack(0x0000002cde300000,0x0000002cde400000) (1024K)]
  0x000001cfa78bab40 JavaThread "Incoming local TCP Connector on port 56259"        [_thread_in_native, id=16756, stack(0x0000002cde700000,0x0000002cde800000) (1024K)]
  0x000001cfa7ba48e0 JavaThread "Daemon periodic checks"            [_thread_blocked, id=12148, stack(0x0000002cde800000,0x0000002cde900000) (1024K)]
  0x000001cfa788c4e0 JavaThread "Daemon"                            [_thread_blocked, id=2492, stack(0x0000002cde900000,0x0000002cdea00000) (1024K)]
  0x000001cfa788db50 JavaThread "Handler for socket connection from /127.0.0.1:56259 to /127.0.0.1:56260"        [_thread_in_native, id=8988, stack(0x0000002cdea00000,0x0000002cdeb00000) (1024K)]
  0x000001cfa7a27450 JavaThread "Cancel handler"                    [_thread_blocked, id=12292, stack(0x0000002cdeb00000,0x0000002cdec00000) (1024K)]
  0x000001cfa7988140 JavaThread "Daemon worker"                     [_thread_blocked, id=18316, stack(0x0000002cdec00000,0x0000002cded00000) (1024K)]
  0x000001cfa79946a0 JavaThread "Asynchronous log dispatcher for DefaultDaemonConnection: socket connection from /127.0.0.1:56259 to /127.0.0.1:56260"        [_thread_blocked, id=15324, stack(0x0000002cded00000,0x0000002cdee00000) (1024K)]
  0x000001cfa7994d30 JavaThread "Stdin handler"                     [_thread_blocked, id=5204, stack(0x0000002cdee00000,0x0000002cdef00000) (1024K)]
  0x000001cfa79953c0 JavaThread "Daemon client event forwarder"        [_thread_blocked, id=17624, stack(0x0000002cdef00000,0x0000002cdf000000) (1024K)]
  0x000001cfa79960e0 JavaThread "Cache worker for journal cache (C:\Users\Asus\Downloads\gradle\gradle-9.0.0\caches\journal-1)"        [_thread_blocked, id=16980, stack(0x0000002cdde00000,0x0000002cddf00000) (1024K)]
  0x000001cfa7997b20 JavaThread "File lock request listener"        [_thread_in_native, id=8344, stack(0x0000002cdf100000,0x0000002cdf200000) (1024K)]
  0x000001cfa7995a50 JavaThread "Cache worker for file hash cache (C:\Users\Asus\Downloads\gradle\gradle-9.0.0\caches\8.13\fileHashes)"        [_thread_blocked, id=8956, stack(0x0000002cdf300000,0x0000002cdf400000) (1024K)]
  0x000001cfa7996770 JavaThread "Cache worker for file hash cache (D:\Dicoding\Belajar Membuat Aplikasi Android Untuk Pemula\UI GPT\1. Step 1 - LinearLayout\.gradle\8.13\fileHashes)"        [_thread_blocked, id=18560, stack(0x0000002cdf500000,0x0000002cdf600000) (1024K)]
  0x000001cfa7996e00 JavaThread "Cache worker for Build Output Cleanup Cache (D:\Dicoding\Belajar Membuat Aplikasi Android Untuk Pemula\UI GPT\1. Step 1 - LinearLayout\.gradle\buildOutputCleanup)"        [_thread_blocked, id=14004, stack(0x0000002cdf600000,0x0000002cdf700000) (1024K)]
  0x000001cfa7997490 JavaThread "File watcher server"        daemon [_thread_in_native, id=19400, stack(0x0000002cdf700000,0x0000002cdf800000) (1024K)]
  0x000001cfaa1bc400 JavaThread "File watcher consumer"      daemon [_thread_blocked, id=18684, stack(0x0000002cdf800000,0x0000002cdf900000) (1024K)]
  0x000001cfaa1bde40 JavaThread "jar transforms"                    [_thread_blocked, id=10712, stack(0x0000002cdf900000,0x0000002cdfa00000) (1024K)]
  0x000001cfaa1bb6e0 JavaThread "jar transforms Thread 2"           [_thread_blocked, id=7308, stack(0x0000002cdfa00000,0x0000002cdfb00000) (1024K)]
  0x000001cfaa1bd7b0 JavaThread "jar transforms Thread 3"           [_thread_blocked, id=16132, stack(0x0000002cdfb00000,0x0000002cdfc00000) (1024K)]
  0x000001cfaa1bca90 JavaThread "jar transforms Thread 4"           [_thread_blocked, id=19352, stack(0x0000002cdfc00000,0x0000002cdfd00000) (1024K)]
  0x000001cfaa1be4d0 JavaThread "jar transforms Thread 5"           [_thread_blocked, id=6652, stack(0x0000002cdfd00000,0x0000002cdfe00000) (1024K)]
  0x000001cfaa1bd120 JavaThread "jar transforms Thread 6"           [_thread_blocked, id=18396, stack(0x0000002cdfe00000,0x0000002cdff00000) (1024K)]
  0x000001cfaa1bb050 JavaThread "jar transforms Thread 7"           [_thread_blocked, id=7564, stack(0x0000002cdff00000,0x0000002ce0000000) (1024K)]
  0x000001cfaa1beb60 JavaThread "jar transforms Thread 8"           [_thread_blocked, id=7312, stack(0x0000002ce0000000,0x0000002ce0100000) (1024K)]
  0x000001cfaa1bbd70 JavaThread "Cache worker for checksums cache (D:\Dicoding\Belajar Membuat Aplikasi Android Untuk Pemula\UI GPT\1. Step 1 - LinearLayout\.gradle\8.13\checksums)"        [_thread_blocked, id=15944, stack(0x0000002ce0100000,0x0000002ce0200000) (1024K)]
  0x000001cfaa1c1950 JavaThread "Cache worker for file content cache (C:\Users\Asus\Downloads\gradle\gradle-9.0.0\caches\8.13\fileContent)"        [_thread_blocked, id=12092, stack(0x0000002ce0200000,0x0000002ce0300000) (1024K)]
  0x000001cfaa1bff10 JavaThread "Cache worker for cache directory md-supplier (C:\Users\Asus\Downloads\gradle\gradle-9.0.0\caches\8.13\md-supplier)"        [_thread_blocked, id=10272, stack(0x0000002ce0300000,0x0000002ce0400000) (1024K)]
  0x000001cfaa1c1fe0 JavaThread "Cache worker for cache directory md-rule (C:\Users\Asus\Downloads\gradle\gradle-9.0.0\caches\8.13\md-rule)"        [_thread_blocked, id=11344, stack(0x0000002ce0400000,0x0000002ce0500000) (1024K)]
  0x000001cfaa1c12c0 JavaThread "Unconstrained build operations"        [_thread_blocked, id=4876, stack(0x0000002cdf400000,0x0000002cdf500000) (1024K)]
  0x000001cfaa1c05a0 JavaThread "Unconstrained build operations Thread 2"        [_thread_blocked, id=18188, stack(0x0000002ce0500000,0x0000002ce0600000) (1024K)]
  0x000001cfaa1c2670 JavaThread "Unconstrained build operations Thread 3"        [_thread_blocked, id=18876, stack(0x0000002ce0600000,0x0000002ce0700000) (1024K)]
  0x000001cfaa1c0c30 JavaThread "Unconstrained build operations Thread 4"        [_thread_blocked, id=8912, stack(0x0000002ce0700000,0x0000002ce0800000) (1024K)]
  0x000001cfabf17b70 JavaThread "Unconstrained build operations Thread 5"        [_thread_blocked, id=18596, stack(0x0000002ce0800000,0x0000002ce0900000) (1024K)]
  0x000001cfabf16130 JavaThread "Unconstrained build operations Thread 6"        [_thread_blocked, id=5376, stack(0x0000002ce0900000,0x0000002ce0a00000) (1024K)]
  0x000001cfabf15410 JavaThread "Unconstrained build operations Thread 7"        [_thread_blocked, id=18588, stack(0x0000002ce0a00000,0x0000002ce0b00000) (1024K)]
  0x000001cfabf18f20 JavaThread "Unconstrained build operations Thread 8"        [_thread_blocked, id=5624, stack(0x0000002ce0b00000,0x0000002ce0c00000) (1024K)]
  0x000001cfabf195b0 JavaThread "Unconstrained build operations Thread 9"        [_thread_blocked, id=5344, stack(0x0000002ce0c00000,0x0000002ce0d00000) (1024K)]
  0x000001cfabf167c0 JavaThread "Unconstrained build operations Thread 10"        [_thread_blocked, id=18300, stack(0x0000002ce0d00000,0x0000002ce0e00000) (1024K)]
  0x000001cfabf19c40 JavaThread "Unconstrained build operations Thread 11"        [_thread_blocked, id=17664, stack(0x0000002ce0e00000,0x0000002ce0f00000) (1024K)]
  0x000001cfabf174e0 JavaThread "Unconstrained build operations Thread 12"        [_thread_blocked, id=1656, stack(0x0000002ce0f00000,0x0000002ce1000000) (1024K)]
  0x000001cfabf1a2d0 JavaThread "Unconstrained build operations Thread 13"        [_thread_blocked, id=15732, stack(0x0000002ce1000000,0x0000002ce1100000) (1024K)]
  0x000001cfabf16e50 JavaThread "Unconstrained build operations Thread 14"        [_thread_blocked, id=16332, stack(0x0000002ce1100000,0x0000002ce1200000) (1024K)]
  0x000001cfabf1bd10 JavaThread "Unconstrained build operations Thread 15"        [_thread_blocked, id=16352, stack(0x0000002ce1200000,0x0000002ce1300000) (1024K)]
  0x000001cfabf1c3a0 JavaThread "Unconstrained build operations Thread 16"        [_thread_blocked, id=4008, stack(0x0000002ce1300000,0x0000002ce1400000) (1024K)]
  0x000001cfabf1a960 JavaThread "Unconstrained build operations Thread 17"        [_thread_blocked, id=15884, stack(0x0000002ce1400000,0x0000002ce1500000) (1024K)]
  0x000001cfabf1ca30 JavaThread "Unconstrained build operations Thread 18"        [_thread_blocked, id=4280, stack(0x0000002ce1500000,0x0000002ce1600000) (1024K)]
  0x000001cfa86d5660 JavaThread "Unconstrained build operations Thread 19"        [_thread_blocked, id=8596, stack(0x0000002ce1600000,0x0000002ce1700000) (1024K)]
  0x000001cfa86d5cf0 JavaThread "Unconstrained build operations Thread 20"        [_thread_blocked, id=16224, stack(0x0000002ce1700000,0x0000002ce1800000) (1024K)]
  0x000001cfa86d6380 JavaThread "Unconstrained build operations Thread 21"        [_thread_blocked, id=16056, stack(0x0000002ce1800000,0x0000002ce1900000) (1024K)]
  0x000001cfa86d42b0 JavaThread "Unconstrained build operations Thread 22"        [_thread_blocked, id=12472, stack(0x0000002ce1900000,0x0000002ce1a00000) (1024K)]
  0x000001cfa86db240 JavaThread "Unconstrained build operations Thread 23"        [_thread_blocked, id=7716, stack(0x0000002ce1a00000,0x0000002ce1b00000) (1024K)]
  0x000001cfa86d9170 JavaThread "Unconstrained build operations Thread 24"        [_thread_blocked, id=19104, stack(0x0000002ce1b00000,0x0000002ce1c00000) (1024K)]
  0x000001cfa86d7dc0 JavaThread "Unconstrained build operations Thread 25"        [_thread_blocked, id=18888, stack(0x0000002ce1c00000,0x0000002ce1d00000) (1024K)]
  0x000001cfa86d8450 JavaThread "Unconstrained build operations Thread 26"        [_thread_blocked, id=18968, stack(0x0000002ce1d00000,0x0000002ce1e00000) (1024K)]
  0x000001cfa86d8ae0 JavaThread "Unconstrained build operations Thread 27"        [_thread_blocked, id=17556, stack(0x0000002ce1e00000,0x0000002ce1f00000) (1024K)]
  0x000001cfa86d9800 JavaThread "Unconstrained build operations Thread 28"        [_thread_blocked, id=19232, stack(0x0000002ce1f00000,0x0000002ce2000000) (1024K)]
  0x000001cfa86db8d0 JavaThread "Unconstrained build operations Thread 29"        [_thread_blocked, id=9860, stack(0x0000002ce2000000,0x0000002ce2100000) (1024K)]
  0x000001cfa86dabb0 JavaThread "Unconstrained build operations Thread 30"        [_thread_blocked, id=16896, stack(0x0000002ce2100000,0x0000002ce2200000) (1024K)]
  0x000001cfa86da520 JavaThread "Unconstrained build operations Thread 31"        [_thread_blocked, id=12304, stack(0x0000002ce2200000,0x0000002ce2300000) (1024K)]
  0x000001cfa86d9e90 JavaThread "Unconstrained build operations Thread 32"        [_thread_blocked, id=11640, stack(0x0000002ce2300000,0x0000002ce2400000) (1024K)]
  0x000001cfac64e470 JavaThread "Unconstrained build operations Thread 33"        [_thread_blocked, id=1780, stack(0x0000002ce2400000,0x0000002ce2500000) (1024K)]
  0x000001cfac64ca30 JavaThread "Unconstrained build operations Thread 34"        [_thread_blocked, id=6856, stack(0x0000002ce2500000,0x0000002ce2600000) (1024K)]
  0x000001cfac64c3a0 JavaThread "Unconstrained build operations Thread 35"        [_thread_blocked, id=2188, stack(0x0000002ce2600000,0x0000002ce2700000) (1024K)]
  0x000001cfac64d0c0 JavaThread "Unconstrained build operations Thread 36"        [_thread_blocked, id=3664, stack(0x0000002ce2700000,0x0000002ce2800000) (1024K)]
  0x000001cfac64d750 JavaThread "Unconstrained build operations Thread 37"        [_thread_blocked, id=16884, stack(0x0000002ce2800000,0x0000002ce2900000) (1024K)]
  0x000001cfac64dde0 JavaThread "Unconstrained build operations Thread 38"        [_thread_blocked, id=3368, stack(0x0000002ce2900000,0x0000002ce2a00000) (1024K)]
  0x000001cfa8a6eea0 JavaThread "Unconstrained build operations Thread 39"        [_thread_blocked, id=19048, stack(0x0000002ce2a00000,0x0000002ce2b00000) (1024K)]
  0x000001cfaa440a80 JavaThread "C2 CompilerThread1"         daemon [_thread_blocked, id=17272, stack(0x0000002cdf200000,0x0000002cdf300000) (1024K)]
Total: 80

Other Threads:
=>0x000001cfa13d9870 VMThread "VM Thread"                           [id=5532, stack(0x0000002cdd300000,0x0000002cdd400000) (1024K)]
  0x000001cfa1394af0 WatcherThread "VM Periodic Task Thread"        [id=18356, stack(0x0000002cdd200000,0x0000002cdd300000) (1024K)]
  0x000001cf89d73c20 WorkerThread "GC Thread#0"                     [id=19152, stack(0x0000002cdcd00000,0x0000002cdce00000) (1024K)]
  0x000001cfa6114aa0 WorkerThread "GC Thread#1"                     [id=3960, stack(0x0000002cddf00000,0x0000002cde000000) (1024K)]
  0x000001cfa6584a90 WorkerThread "GC Thread#2"                     [id=15388, stack(0x0000002cde000000,0x0000002cde100000) (1024K)]
  0x000001cfa6857ac0 WorkerThread "GC Thread#3"                     [id=3444, stack(0x0000002cde100000,0x0000002cde200000) (1024K)]
  0x000001cfa6c1cf10 WorkerThread "GC Thread#4"                     [id=3216, stack(0x0000002cde200000,0x0000002cde300000) (1024K)]
  0x000001cfa78c6c60 WorkerThread "GC Thread#5"                     [id=6588, stack(0x0000002cde400000,0x0000002cde500000) (1024K)]
  0x000001cfa78e2180 WorkerThread "GC Thread#6"                     [id=7192, stack(0x0000002cde500000,0x0000002cde600000) (1024K)]
  0x000001cfa78e3790 WorkerThread "GC Thread#7"                     [id=11868, stack(0x0000002cde600000,0x0000002cde700000) (1024K)]
  0x000001cf89d85950 ConcurrentGCThread "G1 Main Marker"            [id=9828, stack(0x0000002cdce00000,0x0000002cdcf00000) (1024K)]
  0x000001cf89d86b00 WorkerThread "G1 Conc#0"                       [id=2576, stack(0x0000002cdcf00000,0x0000002cdd000000) (1024K)]
  0x000001cfa78e3050 WorkerThread "G1 Conc#1"                       [id=18464, stack(0x0000002cdf000000,0x0000002cdf100000) (1024K)]
  0x000001cf89dde8c0 ConcurrentGCThread "G1 Refine#0"               [id=18028, stack(0x0000002cdd000000,0x0000002cdd100000) (1024K)]
  0x000001cfa1265580 ConcurrentGCThread "G1 Service"                [id=9004, stack(0x0000002cdd100000,0x0000002cdd200000) (1024K)]
Total: 15

Threads with active compile tasks:
Total: 0

VM state: at safepoint (normal execution)

VM Mutex/Monitor currently owned by a thread:  ([mutex/lock_event])
[0x00007ffa56c2e3a0] Threads_lock - owner thread: 0x000001cfa13d9870
[0x00007ffa56c2e4a0] Heap_lock - owner thread: 0x000001cf89d85950

Heap address: 0x0000000080000000, size: 2048 MB, Compressed Oops mode: 32-bit

CDS archive(s) not mapped
Compressed class space mapped at: 0x0000000100000000-0x0000000140000000, reserved size: 1073741824
Narrow klass base: 0x0000000000000000, Narrow klass shift: 3, Narrow klass range: 0x140000000

GC Precious Log:
 CardTable entry size: 512
 Card Set container configuration: InlinePtr #cards 5 size 8 Array Of Cards #cards 12 size 40 Howl #buckets 4 coarsen threshold 1843 Howl Bitmap #cards 512 size 80 coarsen threshold 460 Card regions per heap region 1 cards per card region 2048
 CPUs: 8 total, 8 available
 Memory: 7990M
 Large Page Support: Disabled
 NUMA Support: Disabled
 Compressed Oops: Enabled (32-bit)
 Heap Region Size: 1M
 Heap Min Capacity: 8M
 Heap Initial Capacity: 126M
 Heap Max Capacity: 2G
 Pre-touch: Disabled
 Parallel Workers: 8
 Concurrent Workers: 2
 Concurrent Refinement Workers: 8
 Periodic GC: Disabled

Heap:
 garbage-first heap   total 302080K, used 213169K [0x0000000080000000, 0x0000000100000000)
  region size 1024K, 8 young (8192K), 3 survivors (3072K)
 Metaspace       used 151390K, committed 153792K, reserved 1245184K
  class space    used 19102K, committed 20288K, reserved 1048576K

Heap Regions: E=young(eden), S=young(survivor), O=old, HS=humongous(starts), HC=humongous(continues), CS=collection set, F=free, TAMS=top-at-mark-start, PB=parsable bottom
|   0|0x0000000080000000, 0x0000000080100000, 0x0000000080100000|100%|HS|  |TAMS 0x0000000080100000| PB 0x0000000080000000| Complete 
|   1|0x0000000080100000, 0x0000000080200000, 0x0000000080200000|100%|HC|  |TAMS 0x0000000080200000| PB 0x0000000080100000| Complete 
|   2|0x0000000080200000, 0x0000000080300000, 0x0000000080300000|100%|HC|  |TAMS 0x0000000080300000| PB 0x0000000080200000| Complete 
|   3|0x0000000080300000, 0x0000000080400000, 0x0000000080400000|100%| O|  |TAMS 0x0000000080400000| PB 0x0000000080400000| Untracked 
|   4|0x0000000080400000, 0x0000000080500000, 0x0000000080500000|100%| O|  |TAMS 0x0000000080500000| PB 0x0000000080500000| Untracked 
|   5|0x0000000080500000, 0x0000000080600000, 0x0000000080600000|100%| O|  |TAMS 0x0000000080600000| PB 0x0000000080600000| Untracked 
|   6|0x0000000080600000, 0x0000000080700000, 0x0000000080700000|100%|HS|  |TAMS 0x0000000080700000| PB 0x0000000080600000| Complete 
|   7|0x0000000080700000, 0x0000000080800000, 0x0000000080800000|100%| O|  |TAMS 0x0000000080800000| PB 0x0000000080800000| Untracked 
|   8|0x0000000080800000, 0x0000000080900000, 0x0000000080900000|100%| O|  |TAMS 0x0000000080900000| PB 0x0000000080900000| Untracked 
|   9|0x0000000080900000, 0x0000000080a00000, 0x0000000080a00000|100%| O|  |TAMS 0x0000000080a00000| PB 0x0000000080a00000| Untracked 
|  10|0x0000000080a00000, 0x0000000080b00000, 0x0000000080b00000|100%| O|  |TAMS 0x0000000080b00000| PB 0x0000000080b00000| Untracked 
|  11|0x0000000080b00000, 0x0000000080c00000, 0x0000000080c00000|100%| O|  |TAMS 0x0000000080c00000| PB 0x0000000080c00000| Untracked 
|  12|0x0000000080c00000, 0x0000000080d00000, 0x0000000080d00000|100%| O|  |TAMS 0x0000000080d00000| PB 0x0000000080d00000| Untracked 
|  13|0x0000000080d00000, 0x0000000080e00000, 0x0000000080e00000|100%| O|  |TAMS 0x0000000080e00000| PB 0x0000000080e00000| Untracked 
|  14|0x0000000080e00000, 0x0000000080f00000, 0x0000000080f00000|100%| O|  |TAMS 0x0000000080f00000| PB 0x0000000080f00000| Untracked 
|  15|0x0000000080f00000, 0x0000000081000000, 0x0000000081000000|100%| O|  |TAMS 0x0000000081000000| PB 0x0000000081000000| Untracked 
|  16|0x0000000081000000, 0x0000000081100000, 0x0000000081100000|100%| O|  |TAMS 0x0000000081100000| PB 0x0000000081100000| Untracked 
|  17|0x0000000081100000, 0x0000000081200000, 0x0000000081200000|100%| O|  |TAMS 0x0000000081200000| PB 0x0000000081200000| Untracked 
|  18|0x0000000081200000, 0x0000000081300000, 0x0000000081300000|100%| O|  |TAMS 0x0000000081300000| PB 0x0000000081300000| Untracked 
|  19|0x0000000081300000, 0x0000000081400000, 0x0000000081400000|100%| O|  |TAMS 0x0000000081400000| PB 0x0000000081400000| Untracked 
|  20|0x0000000081400000, 0x0000000081500000, 0x0000000081500000|100%| O|  |TAMS 0x0000000081500000| PB 0x0000000081500000| Updating 
|  21|0x0000000081500000, 0x0000000081600000, 0x0000000081600000|100%| O|  |TAMS 0x0000000081600000| PB 0x0000000081600000| Untracked 
|  22|0x0000000081600000, 0x0000000081700000, 0x0000000081700000|100%| O|  |TAMS 0x0000000081700000| PB 0x0000000081700000| Untracked 
|  23|0x0000000081700000, 0x0000000081800000, 0x0000000081800000|100%| O|  |TAMS 0x0000000081800000| PB 0x0000000081800000| Untracked 
|  24|0x0000000081800000, 0x0000000081900000, 0x0000000081900000|100%|HS|  |TAMS 0x0000000081900000| PB 0x0000000081800000| Complete 
|  25|0x0000000081900000, 0x0000000081a00000, 0x0000000081a00000|100%|HC|  |TAMS 0x0000000081a00000| PB 0x0000000081900000| Complete 
|  26|0x0000000081a00000, 0x0000000081b00000, 0x0000000081b00000|100%|HC|  |TAMS 0x0000000081b00000| PB 0x0000000081a00000| Complete 
|  27|0x0000000081b00000, 0x0000000081c00000, 0x0000000081c00000|100%|HC|  |TAMS 0x0000000081c00000| PB 0x0000000081b00000| Complete 
|  28|0x0000000081c00000, 0x0000000081d00000, 0x0000000081d00000|100%|HC|  |TAMS 0x0000000081d00000| PB 0x0000000081c00000| Complete 
|  29|0x0000000081d00000, 0x0000000081e00000, 0x0000000081e00000|100%|HC|  |TAMS 0x0000000081e00000| PB 0x0000000081d00000| Complete 
|  30|0x0000000081e00000, 0x0000000081f00000, 0x0000000081f00000|100%|HS|  |TAMS 0x0000000081f00000| PB 0x0000000081e00000| Complete 
|  31|0x0000000081f00000, 0x0000000082000000, 0x0000000082000000|100%|HS|  |TAMS 0x0000000082000000| PB 0x0000000081f00000| Complete 
|  32|0x0000000082000000, 0x0000000082100000, 0x0000000082100000|100%|HC|  |TAMS 0x0000000082100000| PB 0x0000000082000000| Complete 
|  33|0x0000000082100000, 0x0000000082200000, 0x0000000082200000|100%|HC|  |TAMS 0x0000000082200000| PB 0x0000000082100000| Complete 
|  34|0x0000000082200000, 0x0000000082300000, 0x0000000082300000|100%|HC|  |TAMS 0x0000000082300000| PB 0x0000000082200000| Complete 
|  35|0x0000000082300000, 0x0000000082400000, 0x0000000082400000|100%|HS|  |TAMS 0x0000000082400000| PB 0x0000000082300000| Complete 
|  36|0x0000000082400000, 0x0000000082500000, 0x0000000082500000|100%|HC|  |TAMS 0x0000000082500000| PB 0x0000000082400000| Complete 
|  37|0x0000000082500000, 0x0000000082600000, 0x0000000082600000|100%|HS|  |TAMS 0x0000000082600000| PB 0x0000000082500000| Complete 
|  38|0x0000000082600000, 0x0000000082700000, 0x0000000082700000|100%|HS|  |TAMS 0x0000000082700000| PB 0x0000000082600000| Complete 
|  39|0x0000000082700000, 0x0000000082800000, 0x0000000082800000|100%|HC|  |TAMS 0x0000000082800000| PB 0x0000000082700000| Complete 
|  40|0x0000000082800000, 0x0000000082900000, 0x0000000082900000|100%|HC|  |TAMS 0x0000000082900000| PB 0x0000000082800000| Complete 
|  41|0x0000000082900000, 0x0000000082a00000, 0x0000000082a00000|100%|HC|  |TAMS 0x0000000082a00000| PB 0x0000000082900000| Complete 
|  42|0x0000000082a00000, 0x0000000082b00000, 0x0000000082b00000|100%|HC|  |TAMS 0x0000000082b00000| PB 0x0000000082a00000| Complete 
|  43|0x0000000082b00000, 0x0000000082c00000, 0x0000000082c00000|100%|HC|  |TAMS 0x0000000082c00000| PB 0x0000000082b00000| Complete 
|  44|0x0000000082c00000, 0x0000000082d00000, 0x0000000082d00000|100%|HS|  |TAMS 0x0000000082d00000| PB 0x0000000082c00000| Complete 
|  45|0x0000000082d00000, 0x0000000082e00000, 0x0000000082e00000|100%|HS|  |TAMS 0x0000000082e00000| PB 0x0000000082d00000| Complete 
|  46|0x0000000082e00000, 0x0000000082f00000, 0x0000000082f00000|100%|HC|  |TAMS 0x0000000082f00000| PB 0x0000000082e00000| Complete 
|  47|0x0000000082f00000, 0x0000000083000000, 0x0000000083000000|100%|HC|  |TAMS 0x0000000083000000| PB 0x0000000082f00000| Complete 
|  48|0x0000000083000000, 0x0000000083100000, 0x0000000083100000|100%|HC|  |TAMS 0x0000000083100000| PB 0x0000000083000000| Complete 
|  49|0x0000000083100000, 0x0000000083200000, 0x0000000083200000|100%| O|  |TAMS 0x0000000083200000| PB 0x0000000083200000| Untracked 
|  50|0x0000000083200000, 0x0000000083300000, 0x0000000083300000|100%| O|  |TAMS 0x0000000083300000| PB 0x0000000083300000| Untracked 
|  51|0x0000000083300000, 0x0000000083400000, 0x0000000083400000|100%|HS|  |TAMS 0x0000000083400000| PB 0x0000000083300000| Complete 
|  52|0x0000000083400000, 0x0000000083500000, 0x0000000083500000|100%|HC|  |TAMS 0x0000000083500000| PB 0x0000000083400000| Complete 
|  53|0x0000000083500000, 0x0000000083600000, 0x0000000083600000|100%|HS|  |TAMS 0x0000000083600000| PB 0x0000000083500000| Complete 
|  54|0x0000000083600000, 0x0000000083700000, 0x0000000083700000|100%| O|  |TAMS 0x0000000083700000| PB 0x0000000083700000| Updating 
|  55|0x0000000083700000, 0x0000000083800000, 0x0000000083800000|100%| O|  |TAMS 0x0000000083800000| PB 0x0000000083800000| Untracked 
|  56|0x0000000083800000, 0x0000000083900000, 0x0000000083900000|100%| O|  |TAMS 0x0000000083900000| PB 0x0000000083900000| Untracked 
|  57|0x0000000083900000, 0x0000000083a00000, 0x0000000083a00000|100%| O|  |TAMS 0x0000000083a00000| PB 0x0000000083a00000| Updating 
|  58|0x0000000083a00000, 0x0000000083b00000, 0x0000000083b00000|100%| O|  |TAMS 0x0000000083b00000| PB 0x0000000083b00000| Untracked 
|  59|0x0000000083b00000, 0x0000000083c00000, 0x0000000083c00000|100%| O|  |TAMS 0x0000000083c00000| PB 0x0000000083c00000| Updating 
|  60|0x0000000083c00000, 0x0000000083d00000, 0x0000000083d00000|100%|HS|  |TAMS 0x0000000083d00000| PB 0x0000000083c00000| Complete 
|  61|0x0000000083d00000, 0x0000000083e00000, 0x0000000083e00000|100%| O|  |TAMS 0x0000000083e00000| PB 0x0000000083e00000| Untracked 
|  62|0x0000000083e00000, 0x0000000083f00000, 0x0000000083f00000|100%| O|  |TAMS 0x0000000083f00000| PB 0x0000000083f00000| Untracked 
|  63|0x0000000083f00000, 0x0000000084000000, 0x0000000084000000|100%|HS|  |TAMS 0x0000000084000000| PB 0x0000000083f00000| Complete 
|  64|0x0000000084000000, 0x0000000084100000, 0x0000000084100000|100%| O|  |TAMS 0x0000000084100000| PB 0x0000000084100000| Updating 
|  65|0x0000000084100000, 0x0000000084200000, 0x0000000084200000|100%|HS|  |TAMS 0x0000000084200000| PB 0x0000000084100000| Complete 
|  66|0x0000000084200000, 0x0000000084300000, 0x0000000084300000|100%|HC|  |TAMS 0x0000000084300000| PB 0x0000000084200000| Complete 
|  67|0x0000000084300000, 0x0000000084400000, 0x0000000084400000|100%| O|  |TAMS 0x0000000084400000| PB 0x0000000084400000| Untracked 
|  68|0x0000000084400000, 0x0000000084500000, 0x0000000084500000|100%| O|  |TAMS 0x0000000084500000| PB 0x0000000084500000| Untracked 
|  69|0x0000000084500000, 0x0000000084600000, 0x0000000084600000|100%| O|  |TAMS 0x0000000084600000| PB 0x0000000084600000| Updating 
|  70|0x0000000084600000, 0x0000000084700000, 0x0000000084700000|100%| O|  |TAMS 0x0000000084700000| PB 0x0000000084700000| Updating 
|  71|0x0000000084700000, 0x0000000084800000, 0x0000000084800000|100%| O|  |TAMS 0x0000000084800000| PB 0x0000000084800000| Untracked 
|  72|0x0000000084800000, 0x0000000084900000, 0x0000000084900000|100%| O|  |TAMS 0x0000000084900000| PB 0x0000000084900000| Untracked 
|  73|0x0000000084900000, 0x0000000084a00000, 0x0000000084a00000|100%| O|  |TAMS 0x0000000084a00000| PB 0x0000000084a00000| Updating 
|  74|0x0000000084a00000, 0x0000000084b00000, 0x0000000084b00000|100%| O|  |TAMS 0x0000000084b00000| PB 0x0000000084b00000| Updating 
|  75|0x0000000084b00000, 0x0000000084c00000, 0x0000000084c00000|100%|HS|  |TAMS 0x0000000084c00000| PB 0x0000000084b00000| Complete 
|  76|0x0000000084c00000, 0x0000000084d00000, 0x0000000084d00000|100%|HC|  |TAMS 0x0000000084d00000| PB 0x0000000084c00000| Complete 
|  77|0x0000000084d00000, 0x0000000084e00000, 0x0000000084e00000|100%|HC|  |TAMS 0x0000000084e00000| PB 0x0000000084d00000| Complete 
|  78|0x0000000084e00000, 0x0000000084f00000, 0x0000000084f00000|100%|HC|  |TAMS 0x0000000084f00000| PB 0x0000000084e00000| Complete 
|  79|0x0000000084f00000, 0x0000000085000000, 0x0000000085000000|100%|HC|  |TAMS 0x0000000085000000| PB 0x0000000084f00000| Complete 
|  80|0x0000000085000000, 0x0000000085100000, 0x0000000085100000|100%|HC|  |TAMS 0x0000000085100000| PB 0x0000000085000000| Complete 
|  81|0x0000000085100000, 0x0000000085200000, 0x0000000085200000|100%| O|  |TAMS 0x0000000085200000| PB 0x0000000085200000| Updating 
|  82|0x0000000085200000, 0x0000000085300000, 0x0000000085300000|100%| O|  |TAMS 0x0000000085300000| PB 0x0000000085300000| Updating 
|  83|0x0000000085300000, 0x0000000085400000, 0x0000000085400000|100%| O|  |TAMS 0x0000000085400000| PB 0x0000000085400000| Updating 
|  84|0x0000000085400000, 0x0000000085500000, 0x0000000085500000|100%| O|  |TAMS 0x0000000085500000| PB 0x0000000085500000| Updating 
|  85|0x0000000085500000, 0x0000000085600000, 0x0000000085600000|100%| O|  |TAMS 0x0000000085600000| PB 0x0000000085600000| Untracked 
|  86|0x0000000085600000, 0x0000000085700000, 0x0000000085700000|100%| O|  |TAMS 0x0000000085700000| PB 0x0000000085700000| Updating 
|  87|0x0000000085700000, 0x0000000085800000, 0x0000000085800000|100%| O|  |TAMS 0x0000000085700000| PB 0x0000000085700000| Untracked 
|  88|0x0000000085800000, 0x0000000085900000, 0x0000000085900000|100%| O|  |TAMS 0x0000000085900000| PB 0x0000000085900000| Updating 
|  89|0x0000000085900000, 0x0000000085a00000, 0x0000000085a00000|100%|HS|  |TAMS 0x0000000085a00000| PB 0x0000000085900000| Complete 
|  90|0x0000000085a00000, 0x0000000085b00000, 0x0000000085b00000|100%|HC|  |TAMS 0x0000000085b00000| PB 0x0000000085a00000| Complete 
|  91|0x0000000085b00000, 0x0000000085c00000, 0x0000000085c00000|100%|HC|  |TAMS 0x0000000085c00000| PB 0x0000000085b00000| Complete 
|  92|0x0000000085c00000, 0x0000000085d00000, 0x0000000085d00000|100%|HC|  |TAMS 0x0000000085d00000| PB 0x0000000085c00000| Complete 
|  93|0x0000000085d00000, 0x0000000085e00000, 0x0000000085e00000|100%|HC|  |TAMS 0x0000000085e00000| PB 0x0000000085d00000| Complete 
|  94|0x0000000085e00000, 0x0000000085f00000, 0x0000000085f00000|100%|HC|  |TAMS 0x0000000085f00000| PB 0x0000000085e00000| Complete 
|  95|0x0000000085f00000, 0x0000000086000000, 0x0000000086000000|100%| O|  |TAMS 0x0000000086000000| PB 0x0000000086000000| Updating 
|  96|0x0000000086000000, 0x0000000086100000, 0x0000000086100000|100%| O|  |TAMS 0x0000000086100000| PB 0x0000000086100000| Updating 
|  97|0x0000000086100000, 0x0000000086200000, 0x0000000086200000|100%| O|  |TAMS 0x0000000086200000| PB 0x0000000086200000| Updating 
|  98|0x0000000086200000, 0x0000000086300000, 0x0000000086300000|100%|HS|  |TAMS 0x0000000086300000| PB 0x0000000086200000| Complete 
|  99|0x0000000086300000, 0x0000000086400000, 0x0000000086400000|100%|HC|  |TAMS 0x0000000086400000| PB 0x0000000086300000| Complete 
| 100|0x0000000086400000, 0x0000000086500000, 0x0000000086500000|100%|HC|  |TAMS 0x0000000086500000| PB 0x0000000086400000| Complete 
| 101|0x0000000086500000, 0x0000000086600000, 0x0000000086600000|100%|HC|  |TAMS 0x0000000086600000| PB 0x0000000086500000| Complete 
| 102|0x0000000086600000, 0x0000000086700000, 0x0000000086700000|100%|HC|  |TAMS 0x0000000086700000| PB 0x0000000086600000| Complete 
| 103|0x0000000086700000, 0x0000000086800000, 0x0000000086800000|100%|HC|  |TAMS 0x0000000086800000| PB 0x0000000086700000| Complete 
| 104|0x0000000086800000, 0x0000000086900000, 0x0000000086900000|100%|HS|  |TAMS 0x0000000086900000| PB 0x0000000086800000| Complete 
| 105|0x0000000086900000, 0x0000000086a00000, 0x0000000086a00000|100%| O|  |TAMS 0x0000000086a00000| PB 0x0000000086a00000| Untracked 
| 106|0x0000000086a00000, 0x0000000086b00000, 0x0000000086b00000|100%| O|  |TAMS 0x0000000086b00000| PB 0x0000000086b00000| Untracked 
| 107|0x0000000086b00000, 0x0000000086c00000, 0x0000000086c00000|100%| O|  |TAMS 0x0000000086c00000| PB 0x0000000086c00000| Untracked 
| 108|0x0000000086c00000, 0x0000000086d00000, 0x0000000086d00000|100%| O|  |TAMS 0x0000000086d00000| PB 0x0000000086d00000| Untracked 
| 109|0x0000000086d00000, 0x0000000086e00000, 0x0000000086e00000|100%| O|  |TAMS 0x0000000086e00000| PB 0x0000000086e00000| Untracked 
| 110|0x0000000086e00000, 0x0000000086f00000, 0x0000000086f00000|100%| O|  |TAMS 0x0000000086f00000| PB 0x0000000086f00000| Untracked 
| 111|0x0000000086f00000, 0x0000000087000000, 0x0000000087000000|100%| O|  |TAMS 0x0000000087000000| PB 0x0000000087000000| Updating 
| 112|0x0000000087000000, 0x0000000087100000, 0x0000000087100000|100%| O|  |TAMS 0x0000000087100000| PB 0x0000000087100000| Untracked 
| 113|0x0000000087100000, 0x0000000087200000, 0x0000000087200000|100%| O|  |TAMS 0x0000000087200000| PB 0x0000000087200000| Untracked 
| 114|0x0000000087200000, 0x0000000087300000, 0x0000000087300000|100%| O|  |TAMS 0x0000000087300000| PB 0x0000000087300000| Untracked 
| 115|0x0000000087300000, 0x0000000087400000, 0x0000000087400000|100%| O|  |TAMS 0x0000000087400000| PB 0x0000000087400000| Untracked 
| 116|0x0000000087400000, 0x0000000087500000, 0x0000000087500000|100%| O|  |TAMS 0x0000000087500000| PB 0x0000000087500000| Untracked 
| 117|0x0000000087500000, 0x0000000087600000, 0x0000000087600000|100%| O|  |TAMS 0x0000000087600000| PB 0x0000000087600000| Updating 
| 118|0x0000000087600000, 0x0000000087700000, 0x0000000087700000|100%| O|  |TAMS 0x0000000087700000| PB 0x0000000087700000| Untracked 
| 119|0x0000000087700000, 0x0000000087800000, 0x0000000087800000|100%| O|  |TAMS 0x0000000087800000| PB 0x0000000087800000| Updating 
| 120|0x0000000087800000, 0x0000000087900000, 0x0000000087900000|100%| O|  |TAMS 0x0000000087900000| PB 0x0000000087900000| Updating 
| 121|0x0000000087900000, 0x0000000087a00000, 0x0000000087a00000|100%| O|  |TAMS 0x0000000087a00000| PB 0x0000000087a00000| Updating 
| 122|0x0000000087a00000, 0x0000000087b00000, 0x0000000087b00000|100%| O|  |TAMS 0x0000000087b00000| PB 0x0000000087b00000| Updating 
| 123|0x0000000087b00000, 0x0000000087c00000, 0x0000000087c00000|100%| O|  |TAMS 0x0000000087c00000| PB 0x0000000087c00000| Untracked 
| 124|0x0000000087c00000, 0x0000000087d00000, 0x0000000087d00000|100%| O|  |TAMS 0x0000000087d00000| PB 0x0000000087d00000| Updating 
| 125|0x0000000087d00000, 0x0000000087e00000, 0x0000000087e00000|100%| O|  |TAMS 0x0000000087e00000| PB 0x0000000087e00000| Updating 
| 126|0x0000000087e00000, 0x0000000087f00000, 0x0000000087f00000|100%| O|  |TAMS 0x0000000087f00000| PB 0x0000000087f00000| Untracked 
| 127|0x0000000087f00000, 0x0000000088000000, 0x0000000088000000|100%| O|  |TAMS 0x0000000088000000| PB 0x0000000088000000| Untracked 
| 128|0x0000000088000000, 0x0000000088100000, 0x0000000088100000|100%| O|  |TAMS 0x0000000088100000| PB 0x0000000088100000| Updating 
| 129|0x0000000088100000, 0x0000000088200000, 0x0000000088200000|100%| O|  |TAMS 0x0000000088200000| PB 0x0000000088200000| Untracked 
| 130|0x0000000088200000, 0x0000000088300000, 0x0000000088300000|100%| O|  |TAMS 0x0000000088300000| PB 0x0000000088300000| Updating 
| 131|0x0000000088300000, 0x0000000088400000, 0x0000000088400000|100%| O|  |TAMS 0x0000000088400000| PB 0x0000000088400000| Updating 
| 132|0x0000000088400000, 0x0000000088500000, 0x0000000088500000|100%| O|  |TAMS 0x0000000088500000| PB 0x0000000088500000| Updating 
| 133|0x0000000088500000, 0x0000000088600000, 0x0000000088600000|100%| O|  |TAMS 0x0000000088600000| PB 0x0000000088600000| Updating 
| 134|0x0000000088600000, 0x0000000088700000, 0x0000000088700000|100%| O|  |TAMS 0x0000000088600000| PB 0x0000000088600000| Untracked 
| 135|0x0000000088700000, 0x0000000088800000, 0x0000000088800000|100%| O|  |TAMS 0x0000000088800000| PB 0x0000000088800000| Updating 
| 136|0x0000000088800000, 0x0000000088900000, 0x0000000088900000|100%| O|  |TAMS 0x0000000088900000| PB 0x0000000088900000| Updating 
| 137|0x0000000088900000, 0x0000000088a00000, 0x0000000088a00000|100%| O|  |TAMS 0x0000000088a00000| PB 0x0000000088a00000| Updating 
| 138|0x0000000088a00000, 0x0000000088b00000, 0x0000000088b00000|100%| O|  |TAMS 0x0000000088b00000| PB 0x0000000088b00000| Updating 
| 139|0x0000000088b00000, 0x0000000088c00000, 0x0000000088c00000|100%| O|  |TAMS 0x0000000088c00000| PB 0x0000000088c00000| Updating 
| 140|0x0000000088c00000, 0x0000000088d00000, 0x0000000088d00000|100%| O|  |TAMS 0x0000000088d00000| PB 0x0000000088d00000| Updating 
| 141|0x0000000088d00000, 0x0000000088e00000, 0x0000000088e00000|100%| O|  |TAMS 0x0000000088e00000| PB 0x0000000088e00000| Updating 
| 142|0x0000000088e00000, 0x0000000088f00000, 0x0000000088f00000|100%| O|  |TAMS 0x0000000088e00000| PB 0x0000000088e00000| Untracked 
| 143|0x0000000088f00000, 0x0000000089000000, 0x0000000089000000|100%| O|  |TAMS 0x0000000088f00000| PB 0x0000000088f00000| Untracked 
| 144|0x0000000089000000, 0x0000000089100000, 0x0000000089100000|100%|HS|  |TAMS 0x0000000089100000| PB 0x0000000089000000| Complete 
| 145|0x0000000089100000, 0x0000000089200000, 0x0000000089200000|100%|HS|  |TAMS 0x0000000089200000| PB 0x0000000089100000| Complete 
| 146|0x0000000089200000, 0x0000000089300000, 0x0000000089300000|100%|HS|  |TAMS 0x0000000089300000| PB 0x0000000089200000| Complete 
| 147|0x0000000089300000, 0x0000000089400000, 0x0000000089400000|100%| O|  |TAMS 0x0000000089300000| PB 0x0000000089300000| Untracked 
| 148|0x0000000089400000, 0x0000000089500000, 0x0000000089500000|100%| O|  |TAMS 0x0000000089400000| PB 0x0000000089400000| Untracked 
| 149|0x0000000089500000, 0x0000000089600000, 0x0000000089600000|100%| O|  |TAMS 0x0000000089500000| PB 0x0000000089500000| Untracked 
| 150|0x0000000089600000, 0x0000000089700000, 0x0000000089700000|100%| O|  |TAMS 0x0000000089600000| PB 0x0000000089600000| Untracked 
| 151|0x0000000089700000, 0x0000000089800000, 0x0000000089800000|100%| O|  |TAMS 0x0000000089800000| PB 0x0000000089800000| Untracked 
| 152|0x0000000089800000, 0x0000000089900000, 0x0000000089900000|100%| O|  |TAMS 0x0000000089900000| PB 0x0000000089900000| Untracked 
| 153|0x0000000089900000, 0x0000000089a00000, 0x0000000089a00000|100%| O|  |TAMS 0x0000000089a00000| PB 0x0000000089a00000| Untracked 
| 154|0x0000000089a00000, 0x0000000089b00000, 0x0000000089b00000|100%| O|  |TAMS 0x0000000089b00000| PB 0x0000000089b00000| Untracked 
| 155|0x0000000089b00000, 0x0000000089c00000, 0x0000000089c00000|100%| O|  |TAMS 0x0000000089c00000| PB 0x0000000089c00000| Untracked 
| 156|0x0000000089c00000, 0x0000000089d00000, 0x0000000089d00000|100%| O|  |TAMS 0x0000000089d00000| PB 0x0000000089d00000| Updating 
| 157|0x0000000089d00000, 0x0000000089e00000, 0x0000000089e00000|100%| O|  |TAMS 0x0000000089e00000| PB 0x0000000089e00000| Untracked 
| 158|0x0000000089e00000, 0x0000000089f00000, 0x0000000089f00000|100%|HS|  |TAMS 0x0000000089f00000| PB 0x0000000089e00000| Complete 
| 159|0x0000000089f00000, 0x000000008a000000, 0x000000008a000000|100%|HC|  |TAMS 0x000000008a000000| PB 0x0000000089f00000| Complete 
| 160|0x000000008a000000, 0x000000008a100000, 0x000000008a100000|100%|HS|  |TAMS 0x000000008a100000| PB 0x000000008a000000| Complete 
| 161|0x000000008a100000, 0x000000008a200000, 0x000000008a200000|100%| O|  |TAMS 0x000000008a100000| PB 0x000000008a100000| Untracked 
| 162|0x000000008a200000, 0x000000008a300000, 0x000000008a300000|100%|HS|  |TAMS 0x000000008a300000| PB 0x000000008a200000| Complete 
| 163|0x000000008a300000, 0x000000008a400000, 0x000000008a400000|100%| O|  |TAMS 0x000000008a400000| PB 0x000000008a400000| Updating 
| 164|0x000000008a400000, 0x000000008a500000, 0x000000008a500000|100%| O|  |TAMS 0x000000008a500000| PB 0x000000008a500000| Updating 
| 165|0x000000008a500000, 0x000000008a600000, 0x000000008a600000|100%| O|  |TAMS 0x000000008a600000| PB 0x000000008a600000| Untracked 
| 166|0x000000008a600000, 0x000000008a700000, 0x000000008a700000|100%|HS|  |TAMS 0x000000008a700000| PB 0x000000008a600000| Complete 
| 167|0x000000008a700000, 0x000000008a800000, 0x000000008a800000|100%|HC|  |TAMS 0x000000008a800000| PB 0x000000008a700000| Complete 
| 168|0x000000008a800000, 0x000000008a900000, 0x000000008a900000|100%|HS|  |TAMS 0x000000008a900000| PB 0x000000008a800000| Complete 
| 169|0x000000008a900000, 0x000000008aa00000, 0x000000008aa00000|100%|HC|  |TAMS 0x000000008aa00000| PB 0x000000008a900000| Complete 
| 170|0x000000008aa00000, 0x000000008ab00000, 0x000000008ab00000|100%|HC|  |TAMS 0x000000008ab00000| PB 0x000000008aa00000| Complete 
| 171|0x000000008ab00000, 0x000000008ac00000, 0x000000008ac00000|100%|HS|  |TAMS 0x000000008ac00000| PB 0x000000008ab00000| Complete 
| 172|0x000000008ac00000, 0x000000008ad00000, 0x000000008ad00000|100%| O|  |TAMS 0x000000008ad00000| PB 0x000000008ad00000| Untracked 
| 173|0x000000008ad00000, 0x000000008ae00000, 0x000000008ae00000|100%| O|  |TAMS 0x000000008ae00000| PB 0x000000008ae00000| Untracked 
| 174|0x000000008ae00000, 0x000000008af00000, 0x000000008af00000|100%| O|  |TAMS 0x000000008af00000| PB 0x000000008af00000| Updating 
| 175|0x000000008af00000, 0x000000008b000000, 0x000000008b000000|100%| O|  |TAMS 0x000000008b000000| PB 0x000000008b000000| Untracked 
| 176|0x000000008b000000, 0x000000008b100000, 0x000000008b100000|100%| O|  |TAMS 0x000000008b100000| PB 0x000000008b100000| Untracked 
| 177|0x000000008b100000, 0x000000008b200000, 0x000000008b200000|100%| O|  |TAMS 0x000000008b200000| PB 0x000000008b200000| Untracked 
| 178|0x000000008b200000, 0x000000008b300000, 0x000000008b300000|100%| O|  |TAMS 0x000000008b300000| PB 0x000000008b300000| Untracked 
| 179|0x000000008b300000, 0x000000008b400000, 0x000000008b400000|100%| O|  |TAMS 0x000000008b400000| PB 0x000000008b400000| Updating 
| 180|0x000000008b400000, 0x000000008b500000, 0x000000008b500000|100%| O|  |TAMS 0x000000008b500000| PB 0x000000008b500000| Untracked 
| 181|0x000000008b500000, 0x000000008b600000, 0x000000008b600000|100%| O|  |TAMS 0x000000008b600000| PB 0x000000008b600000| Untracked 
| 182|0x000000008b600000, 0x000000008b700000, 0x000000008b700000|100%| O|  |TAMS 0x000000008b700000| PB 0x000000008b700000| Untracked 
| 183|0x000000008b700000, 0x000000008b800000, 0x000000008b800000|100%| O|  |TAMS 0x000000008b800000| PB 0x000000008b800000| Untracked 
| 184|0x000000008b800000, 0x000000008b900000, 0x000000008b900000|100%| O|  |TAMS 0x000000008b900000| PB 0x000000008b900000| Untracked 
| 185|0x000000008b900000, 0x000000008ba00000, 0x000000008ba00000|100%| O|  |TAMS 0x000000008ba00000| PB 0x000000008ba00000| Untracked 
| 186|0x000000008ba00000, 0x000000008bb00000, 0x000000008bb00000|100%| O|  |TAMS 0x000000008bb00000| PB 0x000000008bb00000| Updating 
| 187|0x000000008bb00000, 0x000000008bc00000, 0x000000008bc00000|100%| O|  |TAMS 0x000000008bc00000| PB 0x000000008bc00000| Untracked 
| 188|0x000000008bc00000, 0x000000008bd00000, 0x000000008bd00000|100%| O|  |TAMS 0x000000008bd00000| PB 0x000000008bd00000| Updating 
| 189|0x000000008bd00000, 0x000000008be00000, 0x000000008be00000|100%| O|  |TAMS 0x000000008be00000| PB 0x000000008be00000| Untracked 
| 190|0x000000008be00000, 0x000000008bf00000, 0x000000008bf00000|100%| O|  |TAMS 0x000000008bf00000| PB 0x000000008bf00000| Untracked 
| 191|0x000000008bf00000, 0x000000008c000000, 0x000000008c000000|100%| O|  |TAMS 0x000000008c000000| PB 0x000000008c000000| Untracked 
| 192|0x000000008c000000, 0x000000008c100000, 0x000000008c100000|100%| O|  |TAMS 0x000000008c100000| PB 0x000000008c100000| Untracked 
| 193|0x000000008c100000, 0x000000008c200000, 0x000000008c200000|100%| O|  |TAMS 0x000000008c200000| PB 0x000000008c200000| Untracked 
| 194|0x000000008c200000, 0x000000008c300000, 0x000000008c300000|100%| O|  |TAMS 0x000000008c300000| PB 0x000000008c300000| Updating 
| 195|0x000000008c300000, 0x000000008c400000, 0x000000008c400000|100%| O|  |TAMS 0x000000008c3abd68| PB 0x000000008c3abd68| Updating 
| 196|0x000000008c400000, 0x000000008c4d5520, 0x000000008c500000| 83%| O|  |TAMS 0x000000008c400000| PB 0x000000008c400000| Updating 
| 197|0x000000008c500000, 0x000000008c500000, 0x000000008c600000|  0%| F|  |TAMS 0x000000008c500000| PB 0x000000008c500000| Untracked 
| 198|0x000000008c600000, 0x000000008c600000, 0x000000008c700000|  0%| F|  |TAMS 0x000000008c600000| PB 0x000000008c600000| Untracked 
| 199|0x000000008c700000, 0x000000008c700000, 0x000000008c800000|  0%| F|  |TAMS 0x000000008c700000| PB 0x000000008c700000| Untracked 
| 200|0x000000008c800000, 0x000000008c800000, 0x000000008c900000|  0%| F|  |TAMS 0x000000008c800000| PB 0x000000008c800000| Untracked 
| 201|0x000000008c900000, 0x000000008c900000, 0x000000008ca00000|  0%| F|  |TAMS 0x000000008c900000| PB 0x000000008c900000| Untracked 
| 202|0x000000008ca00000, 0x000000008ca00000, 0x000000008cb00000|  0%| F|  |TAMS 0x000000008ca00000| PB 0x000000008ca00000| Untracked 
| 203|0x000000008cb00000, 0x000000008cb00000, 0x000000008cc00000|  0%| F|  |TAMS 0x000000008cb00000| PB 0x000000008cb00000| Untracked 
| 204|0x000000008cc00000, 0x000000008cc00000, 0x000000008cd00000|  0%| F|  |TAMS 0x000000008cc00000| PB 0x000000008cc00000| Untracked 
| 205|0x000000008cd00000, 0x000000008cd00000, 0x000000008ce00000|  0%| F|  |TAMS 0x000000008cd00000| PB 0x000000008cd00000| Untracked 
| 206|0x000000008ce00000, 0x000000008ce00000, 0x000000008cf00000|  0%| F|  |TAMS 0x000000008ce00000| PB 0x000000008ce00000| Untracked 
| 207|0x000000008cf00000, 0x000000008cf00000, 0x000000008d000000|  0%| F|  |TAMS 0x000000008cf00000| PB 0x000000008cf00000| Untracked 
| 208|0x000000008d000000, 0x000000008d000000, 0x000000008d100000|  0%| F|  |TAMS 0x000000008d000000| PB 0x000000008d000000| Untracked 
| 209|0x000000008d100000, 0x000000008d100000, 0x000000008d200000|  0%| F|  |TAMS 0x000000008d100000| PB 0x000000008d100000| Untracked 
| 210|0x000000008d200000, 0x000000008d200000, 0x000000008d300000|  0%| F|  |TAMS 0x000000008d200000| PB 0x000000008d200000| Untracked 
| 211|0x000000008d300000, 0x000000008d300000, 0x000000008d400000|  0%| F|  |TAMS 0x000000008d300000| PB 0x000000008d300000| Untracked 
| 212|0x000000008d400000, 0x000000008d400000, 0x000000008d500000|  0%| F|  |TAMS 0x000000008d400000| PB 0x000000008d400000| Untracked 
| 213|0x000000008d500000, 0x000000008d500000, 0x000000008d600000|  0%| F|  |TAMS 0x000000008d500000| PB 0x000000008d500000| Untracked 
| 214|0x000000008d600000, 0x000000008d600000, 0x000000008d700000|  0%| F|  |TAMS 0x000000008d600000| PB 0x000000008d600000| Untracked 
| 215|0x000000008d700000, 0x000000008d700000, 0x000000008d800000|  0%| F|  |TAMS 0x000000008d700000| PB 0x000000008d700000| Untracked 
| 216|0x000000008d800000, 0x000000008d800000, 0x000000008d900000|  0%| F|  |TAMS 0x000000008d800000| PB 0x000000008d800000| Untracked 
| 217|0x000000008d900000, 0x000000008d900000, 0x000000008da00000|  0%| F|  |TAMS 0x000000008d900000| PB 0x000000008d900000| Untracked 
| 218|0x000000008da00000, 0x000000008da00000, 0x000000008db00000|  0%| F|  |TAMS 0x000000008da00000| PB 0x000000008da00000| Untracked 
| 219|0x000000008db00000, 0x000000008db00000, 0x000000008dc00000|  0%| F|  |TAMS 0x000000008db00000| PB 0x000000008db00000| Untracked 
| 220|0x000000008dc00000, 0x000000008dc00000, 0x000000008dd00000|  0%| F|  |TAMS 0x000000008dc00000| PB 0x000000008dc00000| Untracked 
| 221|0x000000008dd00000, 0x000000008dd00000, 0x000000008de00000|  0%| F|  |TAMS 0x000000008dd00000| PB 0x000000008dd00000| Untracked 
| 222|0x000000008de00000, 0x000000008de00000, 0x000000008df00000|  0%| F|  |TAMS 0x000000008de00000| PB 0x000000008de00000| Untracked 
| 223|0x000000008df00000, 0x000000008df00000, 0x000000008e000000|  0%| F|  |TAMS 0x000000008df00000| PB 0x000000008df00000| Untracked 
| 224|0x000000008e000000, 0x000000008e000000, 0x000000008e100000|  0%| F|  |TAMS 0x000000008e000000| PB 0x000000008e000000| Untracked 
| 225|0x000000008e100000, 0x000000008e1571b0, 0x000000008e200000| 34%| S|CS|TAMS 0x000000008e100000| PB 0x000000008e100000| Complete 
| 226|0x000000008e200000, 0x000000008e300000, 0x000000008e300000|100%| S|CS|TAMS 0x000000008e200000| PB 0x000000008e200000| Complete 
| 227|0x000000008e300000, 0x000000008e400000, 0x000000008e400000|100%| S|CS|TAMS 0x000000008e300000| PB 0x000000008e300000| Complete 
| 228|0x000000008e400000, 0x000000008e400000, 0x000000008e500000|  0%| F|  |TAMS 0x000000008e400000| PB 0x000000008e400000| Untracked 
| 229|0x000000008e500000, 0x000000008e500000, 0x000000008e600000|  0%| F|  |TAMS 0x000000008e500000| PB 0x000000008e500000| Untracked 
| 230|0x000000008e600000, 0x000000008e600000, 0x000000008e700000|  0%| F|  |TAMS 0x000000008e600000| PB 0x000000008e600000| Untracked 
| 231|0x000000008e700000, 0x000000008e700000, 0x000000008e800000|  0%| F|  |TAMS 0x000000008e700000| PB 0x000000008e700000| Untracked 
| 232|0x000000008e800000, 0x000000008e800000, 0x000000008e900000|  0%| F|  |TAMS 0x000000008e800000| PB 0x000000008e800000| Untracked 
| 233|0x000000008e900000, 0x000000008e900000, 0x000000008ea00000|  0%| F|  |TAMS 0x000000008e900000| PB 0x000000008e900000| Untracked 
| 234|0x000000008ea00000, 0x000000008ea00000, 0x000000008eb00000|  0%| F|  |TAMS 0x000000008ea00000| PB 0x000000008ea00000| Untracked 
| 235|0x000000008eb00000, 0x000000008eb00000, 0x000000008ec00000|  0%| F|  |TAMS 0x000000008eb00000| PB 0x000000008eb00000| Untracked 
| 236|0x000000008ec00000, 0x000000008ec00000, 0x000000008ed00000|  0%| F|  |TAMS 0x000000008ec00000| PB 0x000000008ec00000| Untracked 
| 237|0x000000008ed00000, 0x000000008ed00000, 0x000000008ee00000|  0%| F|  |TAMS 0x000000008ed00000| PB 0x000000008ed00000| Untracked 
| 238|0x000000008ee00000, 0x000000008ee00000, 0x000000008ef00000|  0%| F|  |TAMS 0x000000008ee00000| PB 0x000000008ee00000| Untracked 
| 239|0x000000008ef00000, 0x000000008ef00000, 0x000000008f000000|  0%| F|  |TAMS 0x000000008ef00000| PB 0x000000008ef00000| Untracked 
| 240|0x000000008f000000, 0x000000008f000000, 0x000000008f100000|  0%| F|  |TAMS 0x000000008f000000| PB 0x000000008f000000| Untracked 
| 241|0x000000008f100000, 0x000000008f100000, 0x000000008f200000|  0%| F|  |TAMS 0x000000008f100000| PB 0x000000008f100000| Untracked 
| 242|0x000000008f200000, 0x000000008f200000, 0x000000008f300000|  0%| F|  |TAMS 0x000000008f200000| PB 0x000000008f200000| Untracked 
| 243|0x000000008f300000, 0x000000008f300000, 0x000000008f400000|  0%| F|  |TAMS 0x000000008f300000| PB 0x000000008f300000| Untracked 
| 244|0x000000008f400000, 0x000000008f400000, 0x000000008f500000|  0%| F|  |TAMS 0x000000008f400000| PB 0x000000008f400000| Untracked 
| 245|0x000000008f500000, 0x000000008f500000, 0x000000008f600000|  0%| F|  |TAMS 0x000000008f500000| PB 0x000000008f500000| Untracked 
| 246|0x000000008f600000, 0x000000008f600000, 0x000000008f700000|  0%| F|  |TAMS 0x000000008f600000| PB 0x000000008f600000| Untracked 
| 247|0x000000008f700000, 0x000000008f700000, 0x000000008f800000|  0%| F|  |TAMS 0x000000008f700000| PB 0x000000008f700000| Untracked 
| 248|0x000000008f800000, 0x000000008f800000, 0x000000008f900000|  0%| F|  |TAMS 0x000000008f800000| PB 0x000000008f800000| Untracked 
| 249|0x000000008f900000, 0x000000008f900000, 0x000000008fa00000|  0%| F|  |TAMS 0x000000008f900000| PB 0x000000008f900000| Untracked 
| 250|0x000000008fa00000, 0x000000008fa00000, 0x000000008fb00000|  0%| F|  |TAMS 0x000000008fa00000| PB 0x000000008fa00000| Untracked 
| 251|0x000000008fb00000, 0x000000008fb00000, 0x000000008fc00000|  0%| F|  |TAMS 0x000000008fb00000| PB 0x000000008fb00000| Untracked 
| 252|0x000000008fc00000, 0x000000008fc00000, 0x000000008fd00000|  0%| F|  |TAMS 0x000000008fc00000| PB 0x000000008fc00000| Untracked 
| 253|0x000000008fd00000, 0x000000008fd00000, 0x000000008fe00000|  0%| F|  |TAMS 0x000000008fd00000| PB 0x000000008fd00000| Untracked 
| 254|0x000000008fe00000, 0x000000008fe00000, 0x000000008ff00000|  0%| F|  |TAMS 0x000000008fe00000| PB 0x000000008fe00000| Untracked 
| 255|0x000000008ff00000, 0x000000008ff00000, 0x0000000090000000|  0%| F|  |TAMS 0x000000008ff00000| PB 0x000000008ff00000| Untracked 
| 256|0x0000000090000000, 0x0000000090000000, 0x0000000090100000|  0%| F|  |TAMS 0x0000000090000000| PB 0x0000000090000000| Untracked 
| 257|0x0000000090100000, 0x0000000090100000, 0x0000000090200000|  0%| F|  |TAMS 0x0000000090100000| PB 0x0000000090100000| Untracked 
| 258|0x0000000090200000, 0x0000000090200000, 0x0000000090300000|  0%| F|  |TAMS 0x0000000090200000| PB 0x0000000090200000| Untracked 
| 259|0x0000000090300000, 0x0000000090300000, 0x0000000090400000|  0%| F|  |TAMS 0x0000000090300000| PB 0x0000000090300000| Untracked 
| 260|0x0000000090400000, 0x0000000090400000, 0x0000000090500000|  0%| F|  |TAMS 0x0000000090400000| PB 0x0000000090400000| Untracked 
| 261|0x0000000090500000, 0x0000000090500000, 0x0000000090600000|  0%| F|  |TAMS 0x0000000090500000| PB 0x0000000090500000| Untracked 
| 262|0x0000000090600000, 0x0000000090600000, 0x0000000090700000|  0%| F|  |TAMS 0x0000000090600000| PB 0x0000000090600000| Untracked 
| 263|0x0000000090700000, 0x0000000090700000, 0x0000000090800000|  0%| F|  |TAMS 0x0000000090700000| PB 0x0000000090700000| Untracked 
| 264|0x0000000090800000, 0x0000000090800000, 0x0000000090900000|  0%| F|  |TAMS 0x0000000090800000| PB 0x0000000090800000| Untracked 
| 265|0x0000000090900000, 0x0000000090900000, 0x0000000090a00000|  0%| F|  |TAMS 0x0000000090900000| PB 0x0000000090900000| Untracked 
| 266|0x0000000090a00000, 0x0000000090a00000, 0x0000000090b00000|  0%| F|  |TAMS 0x0000000090a00000| PB 0x0000000090a00000| Untracked 
| 267|0x0000000090b00000, 0x0000000090b00000, 0x0000000090c00000|  0%| F|  |TAMS 0x0000000090b00000| PB 0x0000000090b00000| Untracked 
| 268|0x0000000090c00000, 0x0000000090c00000, 0x0000000090d00000|  0%| F|  |TAMS 0x0000000090c00000| PB 0x0000000090c00000| Untracked 
| 269|0x0000000090d00000, 0x0000000090d00000, 0x0000000090e00000|  0%| F|  |TAMS 0x0000000090d00000| PB 0x0000000090d00000| Untracked 
| 270|0x0000000090e00000, 0x0000000090e00000, 0x0000000090f00000|  0%| F|  |TAMS 0x0000000090e00000| PB 0x0000000090e00000| Untracked 
| 271|0x0000000090f00000, 0x0000000090f00000, 0x0000000091000000|  0%| F|  |TAMS 0x0000000090f00000| PB 0x0000000090f00000| Untracked 
| 272|0x0000000091000000, 0x0000000091000000, 0x0000000091100000|  0%| F|  |TAMS 0x0000000091000000| PB 0x0000000091000000| Untracked 
| 273|0x0000000091100000, 0x0000000091100000, 0x0000000091200000|  0%| F|  |TAMS 0x0000000091100000| PB 0x0000000091100000| Untracked 
| 274|0x0000000091200000, 0x0000000091200000, 0x0000000091300000|  0%| F|  |TAMS 0x0000000091200000| PB 0x0000000091200000| Untracked 
| 275|0x0000000091300000, 0x0000000091300000, 0x0000000091400000|  0%| F|  |TAMS 0x0000000091300000| PB 0x0000000091300000| Untracked 
| 276|0x0000000091400000, 0x0000000091400000, 0x0000000091500000|  0%| F|  |TAMS 0x0000000091400000| PB 0x0000000091400000| Untracked 
| 277|0x0000000091500000, 0x0000000091500000, 0x0000000091600000|  0%| F|  |TAMS 0x0000000091500000| PB 0x0000000091500000| Untracked 
| 278|0x0000000091600000, 0x0000000091600000, 0x0000000091700000|  0%| F|  |TAMS 0x0000000091600000| PB 0x0000000091600000| Untracked 
| 279|0x0000000091700000, 0x0000000091700000, 0x0000000091800000|  0%| F|  |TAMS 0x0000000091700000| PB 0x0000000091700000| Untracked 
| 280|0x0000000091800000, 0x0000000091800000, 0x0000000091900000|  0%| F|  |TAMS 0x0000000091800000| PB 0x0000000091800000| Untracked 
| 281|0x0000000091900000, 0x0000000091900000, 0x0000000091a00000|  0%| F|  |TAMS 0x0000000091900000| PB 0x0000000091900000| Untracked 
| 282|0x0000000091a00000, 0x0000000091a00000, 0x0000000091b00000|  0%| F|  |TAMS 0x0000000091a00000| PB 0x0000000091a00000| Untracked 
| 283|0x0000000091b00000, 0x0000000091b00000, 0x0000000091c00000|  0%| F|  |TAMS 0x0000000091b00000| PB 0x0000000091b00000| Untracked 
| 284|0x0000000091c00000, 0x0000000091c00000, 0x0000000091d00000|  0%| F|  |TAMS 0x0000000091c00000| PB 0x0000000091c00000| Untracked 
| 285|0x0000000091d00000, 0x0000000091d80000, 0x0000000091e00000| 50%| E|  |TAMS 0x0000000091d00000| PB 0x0000000091d00000| Complete 
|2039|0x00000000ff700000, 0x00000000ff800000, 0x00000000ff800000|100%| O|  |TAMS 0x00000000ff800000| PB 0x00000000ff800000| Updating 
|2040|0x00000000ff800000, 0x00000000ff900000, 0x00000000ff900000|100%| O|  |TAMS 0x00000000ff900000| PB 0x00000000ff900000| Untracked 
|2041|0x00000000ff900000, 0x00000000ffa00000, 0x00000000ffa00000|100%| O|  |TAMS 0x00000000ffa00000| PB 0x00000000ffa00000| Untracked 
|2042|0x00000000ffa00000, 0x00000000ffb00000, 0x00000000ffb00000|100%| E|CS|TAMS 0x00000000ffa00000| PB 0x00000000ffa00000| Complete 
|2043|0x00000000ffb00000, 0x00000000ffc00000, 0x00000000ffc00000|100%| E|CS|TAMS 0x00000000ffb00000| PB 0x00000000ffb00000| Complete 
|2044|0x00000000ffc00000, 0x00000000ffd00000, 0x00000000ffd00000|100%| E|CS|TAMS 0x00000000ffc00000| PB 0x00000000ffc00000| Complete 
|2045|0x00000000ffd00000, 0x00000000ffe00000, 0x00000000ffe00000|100%| E|CS|TAMS 0x00000000ffd00000| PB 0x00000000ffd00000| Complete 
|2046|0x00000000ffe00000, 0x00000000fff00000, 0x00000000fff00000|100%| O|  |TAMS 0x00000000fff00000| PB 0x00000000fff00000| Updating 
|2047|0x00000000fff00000, 0x0000000100000000, 0x0000000100000000|100%| O|  |TAMS 0x0000000100000000| PB 0x0000000100000000| Updating 

Card table byte_map: [0x000001cf9c5a0000,0x000001cf9c9a0000] _byte_map_base: 0x000001cf9c1a0000

Marking Bits: (CMBitMap*) 0x000001cf89d74230
 Bits: [0x000001cf9c9a0000, 0x000001cf9e9a0000)

Polling page: 0x000001cf87b20000

Metaspace:

Usage:
  Non-class:    129.19 MB used.
      Class:     18.65 MB used.
       Both:    147.84 MB used.

Virtual space:
  Non-class space:      192.00 MB reserved,     130.38 MB ( 68%) committed,  3 nodes.
      Class space:        1.00 GB reserved,      19.81 MB (  2%) committed,  1 nodes.
             Both:        1.19 GB reserved,     150.19 MB ( 12%) committed. 

Chunk freelists:
   Non-Class:  13.50 MB
       Class:  12.00 MB
        Both:  25.50 MB

MaxMetaspaceSize: unlimited
CompressedClassSpaceSize: 1.00 GB
Initial GC threshold: 21.00 MB
Current GC threshold: 235.56 MB
CDS: off
 - commit_granule_bytes: 65536.
 - commit_granule_words: 8192.
 - virtual_space_node_default_size: 8388608.
 - enlarge_chunks_in_place: 1.
 - use_allocation_guard: 0.


Internal statistics:

num_allocs_failed_limit: 6.
num_arena_births: 4500.
num_arena_deaths: 4.
num_vsnodes_births: 4.
num_vsnodes_deaths: 0.
num_space_committed: 2401.
num_space_uncommitted: 0.
num_chunks_returned_to_freelist: 16.
num_chunks_taken_from_freelist: 10541.
num_chunk_merges: 6.
num_chunk_splits: 7397.
num_chunks_enlarged: 5220.
num_inconsistent_stats: 0.

CodeHeap 'non-profiled nmethods': size=120000Kb used=7934Kb max_used=8026Kb free=112065Kb
 bounds [0x000001cf94940000, 0x000001cf95120000, 0x000001cf9be70000]
CodeHeap 'profiled nmethods': size=120000Kb used=26912Kb max_used=27504Kb free=93087Kb
 bounds [0x000001cf8ce70000, 0x000001cf8e950000, 0x000001cf943a0000]
CodeHeap 'non-nmethods': size=5760Kb used=3078Kb max_used=3144Kb free=2681Kb
 bounds [0x000001cf943a0000, 0x000001cf946d0000, 0x000001cf94940000]
 total_blobs=14436 nmethods=13293 adapters=1045
 compilation: enabled
              stopped_count=0, restarted_count=0
 full_count=0

Compilation events (20 events):
Event: 28.487 Thread 0x000001cfa15efe70 15935       3       java.lang.invoke.LambdaForm$MH/0x00000001001b5400::invoke (45 bytes)
Event: 28.487 Thread 0x000001cfa15efe70 nmethod 15935 0x000001cf8e94a210 code [0x000001cf8e94a400, 0x000001cf8e94aa68]
Event: 28.488 Thread 0x000001cfa15efe70 15937       1       org.gradle.api.services.internal.DefaultBuildServicesRegistry$DefaultServiceRegistration::getName (5 bytes)
Event: 28.488 Thread 0x000001cfa15efe70 nmethod 15937 0x000001cf95113810 code [0x000001cf951139a0, 0x000001cf95113a68]
Event: 28.491 Thread 0x000001cfa15efe70 15938       1       org.gradle.api.internal.DefaultDomainObjectCollection::getStore (5 bytes)
Event: 28.491 Thread 0x000001cfa15efe70 nmethod 15938 0x000001cf95113b10 code [0x000001cf95113ca0, 0x000001cf95113d68]
Event: 28.495 Thread 0x000001cfa15efe70 15939       3       com.google.common.collect.MapMakerInternalMap$WeakValueReferenceImpl::copyFor (14 bytes)
Event: 28.495 Thread 0x000001cfa15efe70 nmethod 15939 0x000001cf8e94ac10 code [0x000001cf8e94ade0, 0x000001cf8e94b2d8]
Event: 28.509 Thread 0x000001cfaa440a80 15940       4       java.lang.Class::privateGetDeclaredMethods (64 bytes)
Event: 28.529 Thread 0x000001cfa15efe70 15941       3       com.google.common.collect.AbstractIndexedListIterator::next (31 bytes)
Event: 28.530 Thread 0x000001cfa15efe70 nmethod 15941 0x000001cf8e94b490 code [0x000001cf8e94b660, 0x000001cf8e94b9e0]
Event: 28.530 Thread 0x000001cfa15efe70 15942       3       com.google.common.collect.Iterators$ArrayItr::get (7 bytes)
Event: 28.530 Thread 0x000001cfa15efe70 nmethod 15942 0x000001cf8e94bb10 code [0x000001cf8e94bcc0, 0x000001cf8e94bdf8]
Event: 28.534 Thread 0x000001cfa15e77c0 15943       4       org.gradle.internal.model.CalculatedValueContainer::getValue (35 bytes)
Event: 28.535 Thread 0x000001cfa15e77c0 nmethod 15943 0x000001cf95113e10 code [0x000001cf95113fa0, 0x000001cf95114050]
Event: 28.535 Thread 0x000001cfa15e77c0 15944       4       java.lang.Enum::equals (11 bytes)
Event: 28.535 Thread 0x000001cfa15e77c0 nmethod 15944 0x000001cf95114110 code [0x000001cf951142a0, 0x000001cf95114330]
Event: 28.543 Thread 0x000001cfa15efe70 15945       3       com.google.common.collect.AbstractIterator::endOfData (9 bytes)
Event: 28.544 Thread 0x000001cfa15efe70 nmethod 15945 0x000001cf8e94bf10 code [0x000001cf8e94c0c0, 0x000001cf8e94c230]
Event: 28.553 Thread 0x000001cfaa440a80 nmethod 15940 0x000001cf95114410 code [0x000001cf951146e0, 0x000001cf95116030]

GC Heap History (20 events):
Event: 20.729 GC heap before
{Heap before GC invocations=43 (full 0):
 garbage-first heap   total 235520K, used 171893K [0x0000000080000000, 0x0000000100000000)
  region size 1024K, 32 young (32768K), 6 survivors (6144K)
 Metaspace       used 131367K, committed 133632K, reserved 1179648K
  class space    used 16695K, committed 17792K, reserved 1048576K
}
Event: 20.735 GC heap after
{Heap after GC invocations=44 (full 0):
 garbage-first heap   total 235520K, used 150097K [0x0000000080000000, 0x0000000100000000)
  region size 1024K, 6 young (6144K), 6 survivors (6144K)
 Metaspace       used 131367K, committed 133632K, reserved 1179648K
  class space    used 16695K, committed 17792K, reserved 1048576K
}
Event: 21.644 GC heap before
{Heap before GC invocations=45 (full 0):
 garbage-first heap   total 252928K, used 216657K [0x0000000080000000, 0x0000000100000000)
  region size 1024K, 70 young (71680K), 6 survivors (6144K)
 Metaspace       used 132543K, committed 134784K, reserved 1179648K
  class space    used 16780K, committed 17856K, reserved 1048576K
}
Event: 21.653 GC heap after
{Heap after GC invocations=46 (full 0):
 garbage-first heap   total 252928K, used 156316K [0x0000000080000000, 0x0000000100000000)
  region size 1024K, 9 young (9216K), 9 survivors (9216K)
 Metaspace       used 132543K, committed 134784K, reserved 1179648K
  class space    used 16780K, committed 17856K, reserved 1048576K
}
Event: 23.194 GC heap before
{Heap before GC invocations=46 (full 0):
 garbage-first heap   total 252928K, used 230044K [0x0000000080000000, 0x0000000100000000)
  region size 1024K, 81 young (82944K), 9 survivors (9216K)
 Metaspace       used 140672K, committed 143040K, reserved 1179648K
  class space    used 18032K, committed 19200K, reserved 1048576K
}
Event: 23.206 GC heap after
{Heap after GC invocations=47 (full 0):
 garbage-first heap   total 252928K, used 160427K [0x0000000080000000, 0x0000000100000000)
  region size 1024K, 5 young (5120K), 5 survivors (5120K)
 Metaspace       used 140672K, committed 143040K, reserved 1179648K
  class space    used 18032K, committed 19200K, reserved 1048576K
}
Event: 24.314 GC heap before
{Heap before GC invocations=47 (full 0):
 garbage-first heap   total 252928K, used 233131K [0x0000000080000000, 0x0000000100000000)
  region size 1024K, 77 young (78848K), 5 survivors (5120K)
 Metaspace       used 141933K, committed 144320K, reserved 1179648K
  class space    used 18127K, committed 19264K, reserved 1048576K
}
Event: 24.323 GC heap after
{Heap after GC invocations=48 (full 0):
 garbage-first heap   total 252928K, used 166783K [0x0000000080000000, 0x0000000100000000)
  region size 1024K, 10 young (10240K), 10 survivors (10240K)
 Metaspace       used 141933K, committed 144320K, reserved 1179648K
  class space    used 18127K, committed 19264K, reserved 1048576K
}
Event: 24.923 GC heap before
{Heap before GC invocations=49 (full 0):
 garbage-first heap   total 278528K, used 226175K [0x0000000080000000, 0x0000000100000000)
  region size 1024K, 69 young (70656K), 10 survivors (10240K)
 Metaspace       used 141995K, committed 144384K, reserved 1179648K
  class space    used 18127K, committed 19264K, reserved 1048576K
}
Event: 24.938 GC heap after
{Heap after GC invocations=50 (full 0):
 garbage-first heap   total 278528K, used 168907K [0x0000000080000000, 0x0000000100000000)
  region size 1024K, 4 young (4096K), 4 survivors (4096K)
 Metaspace       used 141995K, committed 144384K, reserved 1179648K
  class space    used 18127K, committed 19264K, reserved 1048576K
}
Event: 25.935 GC heap before
{Heap before GC invocations=50 (full 0):
 garbage-first heap   total 278528K, used 265163K [0x0000000080000000, 0x0000000100000000)
  region size 1024K, 91 young (93184K), 4 survivors (4096K)
 Metaspace       used 142328K, committed 144704K, reserved 1179648K
  class space    used 18176K, committed 19328K, reserved 1048576K
}
Event: 25.948 GC heap after
{Heap after GC invocations=51 (full 0):
 garbage-first heap   total 279552K, used 177830K [0x0000000080000000, 0x0000000100000000)
  region size 1024K, 12 young (12288K), 12 survivors (12288K)
 Metaspace       used 142328K, committed 144704K, reserved 1179648K
  class space    used 18176K, committed 19328K, reserved 1048576K
}
Event: 26.188 GC heap before
{Heap before GC invocations=51 (full 0):
 garbage-first heap   total 279552K, used 192166K [0x0000000080000000, 0x0000000100000000)
  region size 1024K, 27 young (27648K), 12 survivors (12288K)
 Metaspace       used 142329K, committed 144704K, reserved 1179648K
  class space    used 18176K, committed 19328K, reserved 1048576K
}
Event: 26.202 GC heap after
{Heap after GC invocations=52 (full 0):
 garbage-first heap   total 279552K, used 183296K [0x0000000080000000, 0x0000000100000000)
  region size 1024K, 5 young (5120K), 5 survivors (5120K)
 Metaspace       used 142329K, committed 144704K, reserved 1179648K
  class space    used 18176K, committed 19328K, reserved 1048576K
}
Event: 26.772 GC heap before
{Heap before GC invocations=53 (full 0):
 garbage-first heap   total 302080K, used 258048K [0x0000000080000000, 0x0000000100000000)
  region size 1024K, 70 young (71680K), 5 survivors (5120K)
 Metaspace       used 142476K, committed 144832K, reserved 1179648K
  class space    used 18178K, committed 19328K, reserved 1048576K
}
Event: 26.782 GC heap after
{Heap after GC invocations=54 (full 0):
 garbage-first heap   total 302080K, used 197467K [0x0000000080000000, 0x0000000100000000)
  region size 1024K, 9 young (9216K), 9 survivors (9216K)
 Metaspace       used 142476K, committed 144832K, reserved 1179648K
  class space    used 18178K, committed 19328K, reserved 1048576K
}
Event: 27.418 GC heap before
{Heap before GC invocations=54 (full 0):
 garbage-first heap   total 302080K, used 272219K [0x0000000080000000, 0x0000000100000000)
  region size 1024K, 77 young (78848K), 9 survivors (9216K)
 Metaspace       used 144538K, committed 146880K, reserved 1179648K
  class space    used 18366K, committed 19520K, reserved 1048576K
}
Event: 27.428 GC heap after
{Heap after GC invocations=55 (full 0):
 garbage-first heap   total 302080K, used 206511K [0x0000000080000000, 0x0000000100000000)
  region size 1024K, 10 young (10240K), 10 survivors (10240K)
 Metaspace       used 144538K, committed 146880K, reserved 1179648K
  class space    used 18366K, committed 19520K, reserved 1048576K
}
Event: 28.377 GC heap before
{Heap before GC invocations=55 (full 0):
 garbage-first heap   total 302080K, used 269999K [0x0000000080000000, 0x0000000100000000)
  region size 1024K, 72 young (73728K), 10 survivors (10240K)
 Metaspace       used 150954K, committed 153408K, reserved 1245184K
  class space    used 19040K, committed 20224K, reserved 1048576K
}
Event: 28.384 GC heap after
{Heap after GC invocations=56 (full 0):
 garbage-first heap   total 302080K, used 209073K [0x0000000080000000, 0x0000000100000000)
  region size 1024K, 3 young (3072K), 3 survivors (3072K)
 Metaspace       used 150954K, committed 153408K, reserved 1245184K
  class space    used 19040K, committed 20224K, reserved 1048576K
}

Dll operation events (3 events):
Event: 0.019 Loaded shared library C:\Program Files\Android\Android Studio\jbr\bin\java.dll
Event: 0.031 Loaded shared library C:\Program Files\Android\Android Studio\jbr\bin\zip.dll
Event: 0.833 Loaded shared library C:\Program Files\Android\Android Studio\jbr\bin\verify.dll

Deoptimization events (20 events):
Event: 28.386 Thread 0x000001cfa7988140 Uncommon trap: trap_request=0xffffff45 fr.pc=0x000001cf94da96d0 relative=0x0000000000001730
Event: 28.386 Thread 0x000001cfa7988140 Uncommon trap: reason=unstable_if action=reinterpret pc=0x000001cf94da96d0 method=sun.nio.fs.WindowsPathParser.isLetter(C)Z @ 15 c2
Event: 28.386 Thread 0x000001cfa7988140 DEOPT PACKING pc=0x000001cf94da96d0 sp=0x0000002cdecf5e20
Event: 28.386 Thread 0x000001cfa7988140 DEOPT UNPACKING pc=0x000001cf943f46a2 sp=0x0000002cdecf5d68 mode 2
Event: 28.537 Thread 0x000001cfa7988140 Uncommon trap: trap_request=0xffffffde fr.pc=0x000001cf94dda8f0 relative=0x0000000000000050
Event: 28.537 Thread 0x000001cfa7988140 Uncommon trap: reason=class_check action=maybe_recompile pc=0x000001cf94dda8f0 method=java.lang.StringConcatHelper.stringOf(Ljava/lang/Object;)Ljava/lang/String; @ 5 c2
Event: 28.537 Thread 0x000001cfa7988140 DEOPT PACKING pc=0x000001cf94dda8f0 sp=0x0000002cdecf6670
Event: 28.537 Thread 0x000001cfa7988140 DEOPT UNPACKING pc=0x000001cf943f46a2 sp=0x0000002cdecf6600 mode 2
Event: 28.537 Thread 0x000001cfa7988140 Uncommon trap: trap_request=0xffffffde fr.pc=0x000001cf94dda8f0 relative=0x0000000000000050
Event: 28.537 Thread 0x000001cfa7988140 Uncommon trap: reason=class_check action=maybe_recompile pc=0x000001cf94dda8f0 method=java.lang.StringConcatHelper.stringOf(Ljava/lang/Object;)Ljava/lang/String; @ 5 c2
Event: 28.537 Thread 0x000001cfa7988140 DEOPT PACKING pc=0x000001cf94dda8f0 sp=0x0000002cdecf6670
Event: 28.537 Thread 0x000001cfa7988140 DEOPT UNPACKING pc=0x000001cf943f46a2 sp=0x0000002cdecf6600 mode 2
Event: 28.537 Thread 0x000001cfa7988140 Uncommon trap: trap_request=0xffffffde fr.pc=0x000001cf94dda8f0 relative=0x0000000000000050
Event: 28.537 Thread 0x000001cfa7988140 Uncommon trap: reason=class_check action=maybe_recompile pc=0x000001cf94dda8f0 method=java.lang.StringConcatHelper.stringOf(Ljava/lang/Object;)Ljava/lang/String; @ 5 c2
Event: 28.537 Thread 0x000001cfa7988140 DEOPT PACKING pc=0x000001cf94dda8f0 sp=0x0000002cdecf6670
Event: 28.537 Thread 0x000001cfa7988140 DEOPT UNPACKING pc=0x000001cf943f46a2 sp=0x0000002cdecf6600 mode 2
Event: 28.537 Thread 0x000001cfa7988140 Uncommon trap: trap_request=0xffffffde fr.pc=0x000001cf94dda8f0 relative=0x0000000000000050
Event: 28.537 Thread 0x000001cfa7988140 Uncommon trap: reason=class_check action=maybe_recompile pc=0x000001cf94dda8f0 method=java.lang.StringConcatHelper.stringOf(Ljava/lang/Object;)Ljava/lang/String; @ 5 c2
Event: 28.537 Thread 0x000001cfa7988140 DEOPT PACKING pc=0x000001cf94dda8f0 sp=0x0000002cdecf6670
Event: 28.537 Thread 0x000001cfa7988140 DEOPT UNPACKING pc=0x000001cf943f46a2 sp=0x0000002cdecf6600 mode 2

Classes loaded (20 events):
Event: 27.950 Loading class java/time/format/DateTimeFormatterBuilder$ZoneIdPrinterParser
Event: 27.950 Loading class java/time/format/DateTimeFormatterBuilder$ZoneIdPrinterParser done
Event: 27.950 Loading class java/time/format/DateTimeFormatterBuilder$StringLiteralPrinterParser
Event: 27.950 Loading class java/time/format/DateTimeFormatterBuilder$StringLiteralPrinterParser done
Event: 27.950 Loading class java/time/format/DateTimeFormatterBuilder$InstantPrinterParser
Event: 27.950 Loading class java/time/format/DateTimeFormatterBuilder$InstantPrinterParser done
Event: 27.951 Loading class java/time/format/DateTimeTextProvider$LocaleStore
Event: 27.951 Loading class java/time/format/DateTimeTextProvider$LocaleStore done
Event: 27.951 Loading class java/time/format/DateTimeTextProvider
Event: 27.951 Loading class java/time/format/DateTimeTextProvider done
Event: 27.951 Loading class java/time/format/DateTimeTextProvider$1
Event: 27.951 Loading class java/time/format/DateTimeTextProvider$1 done
Event: 27.951 Loading class java/time/format/DateTimeFormatterBuilder$1
Event: 27.951 Loading class java/time/format/DateTimeFormatterBuilder$1 done
Event: 27.951 Loading class java/time/format/DateTimeFormatterBuilder$TextPrinterParser
Event: 27.952 Loading class java/time/format/DateTimeFormatterBuilder$TextPrinterParser done
Event: 27.952 Loading class java/util/concurrent/Executors$DefaultThreadFactory
Event: 27.953 Loading class java/util/concurrent/Executors$DefaultThreadFactory done
Event: 28.227 Loading class java/util/IdentityHashMap$KeyIterator
Event: 28.227 Loading class java/util/IdentityHashMap$KeyIterator done

Classes unloaded (12 events):
Event: 10.241 Thread 0x000001cfa13d9870 Unloading class 0x0000000100908948 '_BuildScript_$_run_closure1$_closure2'
Event: 10.241 Thread 0x000001cfa13d9870 Unloading class 0x0000000100908548 '_BuildScript_$_run_closure1'
Event: 10.241 Thread 0x000001cfa13d9870 Unloading class 0x0000000100908000 '_BuildScript_'
Event: 15.528 Thread 0x000001cfa13d9870 Unloading class 0x000000010092b148 '_BuildScript_$_run_closure1$_closure3'
Event: 15.528 Thread 0x000001cfa13d9870 Unloading class 0x000000010092ad48 '_BuildScript_$_run_closure1$_closure2'
Event: 15.528 Thread 0x000001cfa13d9870 Unloading class 0x000000010092a948 '_BuildScript_$_run_closure1'
Event: 15.528 Thread 0x000001cfa13d9870 Unloading class 0x000000010092a400 '_BuildScript_'
Event: 15.528 Thread 0x000001cfa13d9870 Unloading class 0x000000010092a000 'JetGradlePlugin$_apply_closure1$_closure2$_closure3'
Event: 15.528 Thread 0x000001cfa13d9870 Unloading class 0x0000000100929990 'JetGradlePlugin$_apply_closure1$_closure2'
Event: 15.528 Thread 0x000001cfa13d9870 Unloading class 0x0000000100929590 'JetGradlePlugin$_apply_closure1'
Event: 15.528 Thread 0x000001cfa13d9870 Unloading class 0x00000001009292e0 'JetGradlePlugin'
Event: 15.528 Thread 0x000001cfa13d9870 Unloading class 0x0000000100929000 'RegistryProcessor'

Classes redefined (0 events):
No events

Internal exceptions (20 events):
Event: 23.238 Thread 0x000001cfa7988140 Exception <a 'java/lang/NoSuchMethodError'{0x00000000ffc4ea20}: 'void java.lang.invoke.DirectMethodHandle$Holder.invokeStatic(java.lang.Object, java.lang.Object, java.lang.Object, int, java.lang.Object)'> (0x00000000ffc4ea20) 
thrown [s\src\hotspot\share\interpreter\linkResolver.cpp, line 784]
Event: 23.251 Thread 0x000001cfa7988140 Implicit null exception at 0x000001cf94c17ba0 to 0x000001cf94c17e0c
Event: 24.617 Thread 0x000001cfac64d750 Implicit null exception at 0x000001cf94d5f7ef to 0x000001cf94d5f890
Event: 24.617 Thread 0x000001cfa7988140 Implicit null exception at 0x000001cf94d5f7ef to 0x000001cf94d5f890
Event: 25.018 Thread 0x000001cfac64e470 Implicit null exception at 0x000001cf950233c4 to 0x000001cf95023d4c
Event: 25.021 Thread 0x000001cfa7988140 Implicit null exception at 0x000001cf950233c4 to 0x000001cf95023d4c
Event: 25.022 Thread 0x000001cfac64d750 Implicit null exception at 0x000001cf950233c4 to 0x000001cf95023d4c
Event: 25.030 Thread 0x000001cfa8a6eea0 Implicit null exception at 0x000001cf950233c4 to 0x000001cf95023d4c
Event: 25.075 Thread 0x000001cfac64e470 Implicit null exception at 0x000001cf9502bae9 to 0x000001cf9502c3b4
Event: 25.450 Thread 0x000001cfa7988140 Exception <a 'sun/nio/fs/WindowsException'{0x000000008d080968}> (0x000000008d080968) 
thrown [s\src\hotspot\share\prims\jni.cpp, line 535]
Event: 25.450 Thread 0x000001cfa7988140 Exception <a 'sun/nio/fs/WindowsException'{0x000000008d082a10}> (0x000000008d082a10) 
thrown [s\src\hotspot\share\prims\jni.cpp, line 535]
Event: 26.706 Thread 0x000001cfa7988140 Exception <a 'java/lang/NoSuchMethodError'{0x000000008f0eba60}: 'int java.lang.invoke.DirectMethodHandle$Holder.invokeSpecial(java.lang.Object, java.lang.Object, int, int)'> (0x000000008f0eba60) 
thrown [s\src\hotspot\share\interpreter\linkResolver.cpp, line 784]
Event: 27.082 Thread 0x000001cfa7988140 Exception <a 'sun/nio/fs/WindowsException'{0x000000008f92cb68}> (0x000000008f92cb68) 
thrown [s\src\hotspot\share\prims\jni.cpp, line 535]
Event: 27.082 Thread 0x000001cfa7988140 Exception <a 'sun/nio/fs/WindowsException'{0x000000008f92e850}> (0x000000008f92e850) 
thrown [s\src\hotspot\share\prims\jni.cpp, line 535]
Event: 27.083 Thread 0x000001cfa7988140 Exception <a 'sun/nio/fs/WindowsException'{0x000000008f93a2f0}> (0x000000008f93a2f0) 
thrown [s\src\hotspot\share\prims\jni.cpp, line 535]
Event: 27.085 Thread 0x000001cfa7988140 Exception <a 'sun/nio/fs/WindowsException'{0x000000008f942f90}> (0x000000008f942f90) 
thrown [s\src\hotspot\share\prims\jni.cpp, line 535]
Event: 27.087 Thread 0x000001cfa7988140 Exception <a 'sun/nio/fs/WindowsException'{0x000000008f954170}> (0x000000008f954170) 
thrown [s\src\hotspot\share\prims\jni.cpp, line 535]
Event: 27.102 Thread 0x000001cfa7988140 Implicit null exception at 0x000001cf94f77360 to 0x000001cf94f77858
Event: 27.102 Thread 0x000001cfa7988140 Implicit null exception at 0x000001cf94f78660 to 0x000001cf94f78b34
Event: 27.713 Thread 0x000001cfa7988140 Exception <a 'java/lang/NoSuchMethodError'{0x0000000090ddde50}: 'int java.lang.invoke.DirectMethodHandle$Holder.invokeSpecialIFC(java.lang.Object, java.lang.Object, java.lang.Object, java.lang.Object, java.lang.Object)'> (0x0000000090ddde50) 
thrown [s\src\hotspot\share\interpreter\linkResolver.cpp, line 784]

ZGC Phase Switch (0 events):
No events

VM Operations (20 events):
Event: 26.334 Executing VM operation: G1PauseRemark done
Event: 26.398 Executing VM operation: G1PauseCleanup
Event: 26.398 Executing VM operation: G1PauseCleanup done
Event: 26.771 Executing VM operation: G1CollectForAllocation (G1 Evacuation Pause)
Event: 26.782 Executing VM operation: G1CollectForAllocation (G1 Evacuation Pause) done
Event: 26.964 Executing VM operation: ICBufferFull
Event: 26.964 Executing VM operation: ICBufferFull done
Event: 27.102 Executing VM operation: ICBufferFull
Event: 27.103 Executing VM operation: ICBufferFull done
Event: 27.166 Executing VM operation: HandshakeAllThreads (Deoptimize)
Event: 27.166 Executing VM operation: HandshakeAllThreads (Deoptimize) done
Event: 27.418 Executing VM operation: G1CollectForAllocation (G1 Evacuation Pause)
Event: 27.428 Executing VM operation: G1CollectForAllocation (G1 Evacuation Pause) done
Event: 28.281 Executing VM operation: HandshakeAllThreads (Deoptimize)
Event: 28.281 Executing VM operation: HandshakeAllThreads (Deoptimize) done
Event: 28.358 Executing VM operation: HandshakeAllThreads (Deoptimize)
Event: 28.359 Executing VM operation: HandshakeAllThreads (Deoptimize) done
Event: 28.377 Executing VM operation: G1CollectForAllocation (G1 Evacuation Pause)
Event: 28.384 Executing VM operation: G1CollectForAllocation (G1 Evacuation Pause) done
Event: 28.572 Executing VM operation: G1PauseRemark

Memory protections (0 events):
No events

Nmethod flushes (20 events):
Event: 28.580 Thread 0x000001cfa13d9870 flushing  nmethod 0x000001cf8d6ccb10
Event: 28.580 Thread 0x000001cfa13d9870 flushing  nmethod 0x000001cf8d6cd710
Event: 28.580 Thread 0x000001cfa13d9870 flushing  nmethod 0x000001cf8d841b10
Event: 28.580 Thread 0x000001cfa13d9870 flushing  nmethod 0x000001cf8d841f10
Event: 28.580 Thread 0x000001cfa13d9870 flushing  nmethod 0x000001cf8d894610
Event: 28.580 Thread 0x000001cfa13d9870 flushing  nmethod 0x000001cf8d8a7b10
Event: 28.580 Thread 0x000001cfa13d9870 flushing  nmethod 0x000001cf8d8abb10
Event: 28.580 Thread 0x000001cfa13d9870 flushing  nmethod 0x000001cf8d8af590
Event: 28.580 Thread 0x000001cfa13d9870 flushing  nmethod 0x000001cf8d911e10
Event: 28.580 Thread 0x000001cfa13d9870 flushing  nmethod 0x000001cf8da3ec90
Event: 28.580 Thread 0x000001cfa13d9870 flushing  nmethod 0x000001cf8da89910
Event: 28.580 Thread 0x000001cfa13d9870 flushing  nmethod 0x000001cf8dce5f90
Event: 28.580 Thread 0x000001cfa13d9870 flushing  nmethod 0x000001cf8dd2ed90
Event: 28.580 Thread 0x000001cfa13d9870 flushing  nmethod 0x000001cf8e0ad190
Event: 28.580 Thread 0x000001cfa13d9870 flushing  nmethod 0x000001cf8e0b0210
Event: 28.580 Thread 0x000001cfa13d9870 flushing  nmethod 0x000001cf8e39f490
Event: 28.580 Thread 0x000001cfa13d9870 flushing  nmethod 0x000001cf8e60d210
Event: 28.580 Thread 0x000001cfa13d9870 flushing  nmethod 0x000001cf8e6b9810
Event: 28.580 Thread 0x000001cfa13d9870 flushing  nmethod 0x000001cf8e6ec610
Event: 28.580 Thread 0x000001cfa13d9870 flushing  nmethod 0x000001cf8e7e8110

Events (20 events):
Event: 23.999 Thread 0x000001cfa7988140 Thread added: 0x000001cfa86d9800
Event: 24.002 Thread 0x000001cfa7988140 Thread added: 0x000001cfa86db8d0
Event: 24.004 Thread 0x000001cfa7988140 Thread added: 0x000001cfa86dabb0
Event: 24.006 Thread 0x000001cfa7988140 Thread added: 0x000001cfa86da520
Event: 24.010 Thread 0x000001cfa7988140 Thread added: 0x000001cfa86d9e90
Event: 24.255 Thread 0x000001cfa7988140 Thread added: 0x000001cfac64e470
Event: 24.255 Thread 0x000001cfa7988140 Thread added: 0x000001cfac64ca30
Event: 24.256 Thread 0x000001cfa7988140 Thread added: 0x000001cfac64c3a0
Event: 24.256 Thread 0x000001cfa7988140 Thread added: 0x000001cfac64d0c0
Event: 24.257 Thread 0x000001cfa7988140 Thread added: 0x000001cfac64d750
Event: 24.258 Thread 0x000001cfa7988140 Thread added: 0x000001cfac64dde0
Event: 24.258 Thread 0x000001cfa7988140 Thread added: 0x000001cfa8a6eea0
Event: 26.041 Thread 0x000001cfa15e77c0 Thread added: 0x000001cfb498f8f0
Event: 26.399 Thread 0x000001cfb498f8f0 Thread exited: 0x000001cfb498f8f0
Event: 26.412 Thread 0x000001cfb498ddb0 Thread exited: 0x000001cfb498ddb0
Event: 26.598 Thread 0x000001cfa15efe70 Thread added: 0x000001cfb498ddb0
Event: 26.733 Thread 0x000001cfa15efe70 Thread added: 0x000001cfb4990690
Event: 27.318 Thread 0x000001cfb4990690 Thread exited: 0x000001cfb4990690
Event: 27.318 Thread 0x000001cfb498ddb0 Thread exited: 0x000001cfb498ddb0
Event: 28.256 Thread 0x000001cfa15efe70 Thread added: 0x000001cfaa440a80


Dynamic libraries:
0x00007ff618a70000 - 0x00007ff618a7a000 	C:\Program Files\Android\Android Studio\jbr\bin\java.exe
0x00007ffae2ea0000 - 0x00007ffae3107000 	C:\WINDOWS\SYSTEM32\ntdll.dll
0x00007ffae0d30000 - 0x00007ffae0df9000 	C:\WINDOWS\System32\KERNEL32.DLL
0x00007ffae06f0000 - 0x00007ffae0adf000 	C:\WINDOWS\System32\KERNELBASE.dll
0x00007ffae0180000 - 0x00007ffae02cb000 	C:\WINDOWS\System32\ucrtbase.dll
0x00007ffad7600000 - 0x00007ffad761b000 	C:\Program Files\Android\Android Studio\jbr\bin\VCRUNTIME140.dll
0x00007ffab2b40000 - 0x00007ffab2b58000 	C:\Program Files\Android\Android Studio\jbr\bin\jli.dll
0x00007ffae2890000 - 0x00007ffae2a55000 	C:\WINDOWS\System32\USER32.dll
0x00007ffae00a0000 - 0x00007ffae00c7000 	C:\WINDOWS\System32\win32u.dll
0x00007ffae0c40000 - 0x00007ffae0c6b000 	C:\WINDOWS\System32\GDI32.dll
0x00007ffac8990000 - 0x00007ffac8c23000 	C:\WINDOWS\WinSxS\amd64_microsoft.windows.common-controls_6595b64144ccf1df_6.0.26100.7309_none_3e05feeae336a044\COMCTL32.dll
0x00007ffae02d0000 - 0x00007ffae03fc000 	C:\WINDOWS\System32\gdi32full.dll
0x00007ffae2a60000 - 0x00007ffae2b09000 	C:\WINDOWS\System32\msvcrt.dll
0x00007ffadfff0000 - 0x00007ffae0093000 	C:\WINDOWS\System32\msvcp_win.dll
0x00007ffae0e00000 - 0x00007ffae0e31000 	C:\WINDOWS\System32\IMM32.DLL
0x00007ffaceca0000 - 0x00007ffacecac000 	C:\Program Files\Android\Android Studio\jbr\bin\vcruntime140_1.dll
0x00007ffa68640000 - 0x00007ffa686cd000 	C:\Program Files\Android\Android Studio\jbr\bin\msvcp140.dll
0x00007ffa56080000 - 0x00007ffa56d0b000 	C:\Program Files\Android\Android Studio\jbr\bin\server\jvm.dll
0x00007ffae0c70000 - 0x00007ffae0d24000 	C:\WINDOWS\System32\ADVAPI32.dll
0x00007ffae15a0000 - 0x00007ffae1646000 	C:\WINDOWS\System32\sechost.dll
0x00007ffae2660000 - 0x00007ffae2778000 	C:\WINDOWS\System32\RPCRT4.dll
0x00007ffae1f20000 - 0x00007ffae1f94000 	C:\WINDOWS\System32\WS2_32.dll
0x00007ffadfe50000 - 0x00007ffadfeae000 	C:\WINDOWS\SYSTEM32\POWRPROF.dll
0x00007ffad0950000 - 0x00007ffad095b000 	C:\WINDOWS\SYSTEM32\VERSION.dll
0x00007ffac3d60000 - 0x00007ffac3d95000 	C:\WINDOWS\SYSTEM32\WINMM.dll
0x00007ffadfe30000 - 0x00007ffadfe44000 	C:\WINDOWS\SYSTEM32\UMPDC.dll
0x00007ffadeda0000 - 0x00007ffadedbb000 	C:\WINDOWS\SYSTEM32\kernel.appcore.dll
0x00007ffac9e60000 - 0x00007ffac9e6a000 	C:\Program Files\Android\Android Studio\jbr\bin\jimage.dll
0x00007ffada650000 - 0x00007ffada892000 	C:\WINDOWS\SYSTEM32\DBGHELP.DLL
0x00007ffae1ff0000 - 0x00007ffae2375000 	C:\WINDOWS\System32\combase.dll
0x00007ffae18e0000 - 0x00007ffae19b6000 	C:\WINDOWS\System32\OLEAUT32.dll
0x00007ffab7170000 - 0x00007ffab71ac000 	C:\WINDOWS\SYSTEM32\dbgcore.DLL
0x00007ffae00d0000 - 0x00007ffae0175000 	C:\WINDOWS\System32\bcryptPrimitives.dll
0x00007ffad9860000 - 0x00007ffad986e000 	C:\Program Files\Android\Android Studio\jbr\bin\instrument.dll
0x00007ffac9b50000 - 0x00007ffac9b70000 	C:\Program Files\Android\Android Studio\jbr\bin\java.dll
0x00007ffac7570000 - 0x00007ffac7588000 	C:\Program Files\Android\Android Studio\jbr\bin\zip.dll
0x00007ffae0e40000 - 0x00007ffae1593000 	C:\WINDOWS\System32\SHELL32.dll
0x00007ffae0400000 - 0x00007ffae056a000 	C:\WINDOWS\System32\wintypes.dll
0x00007ffaddbc0000 - 0x00007ffade41e000 	C:\WINDOWS\SYSTEM32\windows.storage.dll
0x00007ffae17d0000 - 0x00007ffae18c5000 	C:\WINDOWS\System32\SHCORE.dll
0x00007ffae2560000 - 0x00007ffae25c6000 	C:\WINDOWS\System32\shlwapi.dll
0x00007ffadff10000 - 0x00007ffadff39000 	C:\WINDOWS\SYSTEM32\profapi.dll
0x00007ffac7560000 - 0x00007ffac7570000 	C:\Program Files\Android\Android Studio\jbr\bin\net.dll
0x00007ffad1150000 - 0x00007ffad1278000 	C:\WINDOWS\SYSTEM32\WINHTTP.dll
0x00007ffadf310000 - 0x00007ffadf37b000 	C:\WINDOWS\system32\mswsock.dll
0x00007ffac73f0000 - 0x00007ffac7406000 	C:\Program Files\Android\Android Studio\jbr\bin\nio.dll
0x00007ffac4b30000 - 0x00007ffac4b40000 	C:\Program Files\Android\Android Studio\jbr\bin\verify.dll
0x00007ffac9b80000 - 0x00007ffac9ba7000 	C:\Users\Asus\Downloads\gradle\gradle-9.0.0\native\1def1411415f61bf3af743bc5b6707747c0891f09f0c88961ee8f79bc544acac\windows-amd64\native-platform.dll
0x00007ffac4e70000 - 0x00007ffac4ee8000 	C:\Users\Asus\Downloads\gradle\gradle-9.0.0\native\0.2.7\x86_64-windows-gnu\gradle-fileevents.dll
0x00007ffac5590000 - 0x00007ffac5599000 	C:\Program Files\Android\Android Studio\jbr\bin\management.dll
0x00007ffac54e0000 - 0x00007ffac54eb000 	C:\Program Files\Android\Android Studio\jbr\bin\management_ext.dll
0x00007ffae1650000 - 0x00007ffae1658000 	C:\WINDOWS\System32\PSAPI.DLL
0x00007ffade820000 - 0x00007ffade854000 	C:\WINDOWS\SYSTEM32\IPHLPAPI.DLL
0x00007ffae25f0000 - 0x00007ffae25fa000 	C:\WINDOWS\System32\NSI.dll
0x00007ffac5e20000 - 0x00007ffac5e29000 	C:\Program Files\Android\Android Studio\jbr\bin\extnet.dll
0x00007ffadf5d0000 - 0x00007ffadf5eb000 	C:\WINDOWS\SYSTEM32\CRYPTSP.dll
0x00007ffaded00000 - 0x00007ffaded3a000 	C:\WINDOWS\system32\rsaenh.dll
0x00007ffadf3c0000 - 0x00007ffadf3eb000 	C:\WINDOWS\SYSTEM32\USERENV.dll
0x00007ffadfee0000 - 0x00007ffadff0a000 	C:\WINDOWS\SYSTEM32\bcrypt.dll
0x00007ffadf5f0000 - 0x00007ffadf5fc000 	C:\WINDOWS\SYSTEM32\CRYPTBASE.dll
0x00007ffa76600000 - 0x00007ffa76608000 	C:\WINDOWS\system32\wshunix.dll

dbghelp: loaded successfully - version: 4.0.5 - missing functions: none
symbol engine: initialized successfully - sym options: 0x614 - pdb path: .;C:\Program Files\Android\Android Studio\jbr\bin;C:\WINDOWS\SYSTEM32;C:\WINDOWS\WinSxS\amd64_microsoft.windows.common-controls_6595b64144ccf1df_6.0.26100.7309_none_3e05feeae336a044;C:\Program Files\Android\Android Studio\jbr\bin\server;C:\Users\Asus\Downloads\gradle\gradle-9.0.0\native\1def1411415f61bf3af743bc5b6707747c0891f09f0c88961ee8f79bc544acac\windows-amd64;C:\Users\Asus\Downloads\gradle\gradle-9.0.0\native\0.2.7\x86_64-windows-gnu

VM Arguments:
jvm_args: --add-opens=java.base/java.lang=ALL-UNNAMED --add-opens=java.base/java.lang.invoke=ALL-UNNAMED --add-opens=java.base/java.util=ALL-UNNAMED --add-opens=java.prefs/java.util.prefs=ALL-UNNAMED --add-exports=jdk.compiler/com.sun.tools.javac.api=ALL-UNNAMED --add-exports=jdk.compiler/com.sun.tools.javac.util=ALL-UNNAMED --add-opens=java.base/java.util=ALL-UNNAMED --add-opens=java.prefs/java.util.prefs=ALL-UNNAMED --add-opens=java.base/java.nio.charset=ALL-UNNAMED --add-opens=java.base/java.net=ALL-UNNAMED --add-opens=java.base/java.util.concurrent.atomic=ALL-UNNAMED --add-opens=java.xml/javax.xml.namespace=ALL-UNNAMED -Xmx2048m -Dfile.encoding=UTF-8 -Duser.country=US -Duser.language=en -Duser.variant -javaagent:C:\Users\Asus\Downloads\gradle\gradle-9.0.0\wrapper\dists\gradle-8.13-bin\5xuhj0ry160q40clulazy9h7d\gradle-8.13\lib\agents\gradle-instrumentation-agent-8.13.jar 
java_command: org.gradle.launcher.daemon.bootstrap.GradleDaemon 8.13
java_class_path (initial): C:\Users\Asus\Downloads\gradle\gradle-9.0.0\wrapper\dists\gradle-8.13-bin\5xuhj0ry160q40clulazy9h7d\gradle-8.13\lib\gradle-daemon-main-8.13.jar
Launcher Type: SUN_STANDARD

[Global flags]
     intx CICompilerCount                          = 4                                         {product} {ergonomic}
     uint ConcGCThreads                            = 2                                         {product} {ergonomic}
     uint G1ConcRefinementThreads                  = 8                                         {product} {ergonomic}
   size_t G1HeapRegionSize                         = 1048576                                   {product} {ergonomic}
    uintx GCDrainStackTargetSize                   = 64                                        {product} {ergonomic}
   size_t InitialHeapSize                          = 132120576                                 {product} {ergonomic}
   size_t MarkStackSize                            = 4194304                                   {product} {ergonomic}
   size_t MaxHeapSize                              = 2147483648                                {product} {command line}
   size_t MaxNewSize                               = 1287651328                                {product} {ergonomic}
   size_t MinHeapDeltaBytes                        = 1048576                                   {product} {ergonomic}
   size_t MinHeapSize                              = 8388608                                   {product} {ergonomic}
    uintx NonNMethodCodeHeapSize                   = 5839372                                {pd product} {ergonomic}
    uintx NonProfiledCodeHeapSize                  = 122909434                              {pd product} {ergonomic}
    uintx ProfiledCodeHeapSize                     = 122909434                              {pd product} {ergonomic}
    uintx ReservedCodeCacheSize                    = 251658240                              {pd product} {ergonomic}
     bool SegmentedCodeCache                       = true                                      {product} {ergonomic}
   size_t SoftMaxHeapSize                          = 2147483648                             {manageable} {ergonomic}
     bool UseCompressedOops                        = true                           {product lp64_product} {ergonomic}
     bool UseG1GC                                  = true                                      {product} {ergonomic}
     bool UseLargePagesIndividualAllocation        = false                                  {pd product} {ergonomic}

Logging:
Log output configuration:
 #0: stdout all=warning uptime,level,tags foldmultilines=false
 #1: stderr all=off uptime,level,tags foldmultilines=false

Environment Variables:
PATH=C:\Program Files\Common Files\Oracle\Java\javapath;C:\Python312\Scripts\;C:\Python312\;C:\Windows\system32;C:\Windows;C:\Windows\System32\Wbem;C:\Windows\System32\WindowsPowerShell\v1.0\;C:\Windows\System32\OpenSSH\;C:\Program Files (x86)\NVIDIA Corporation\PhysX\Common;C:\WINDOWS\system32;C:\WINDOWS;C:\WINDOWS\System32\Wbem;C:\WINDOWS\System32\WindowsPowerShell\v1.0\;C:\WINDOWS\System32\OpenSSH\;C:\php-8.3.9;C:\Program Files\nodejs\;C:\laragon\bin\nodejs\node-v20.15.1-win-x64;C:\ProgramData\chocolatey\bin;C:\composer;C:\Program Files\Git\cmd;C:\Program Files\Java\jdk-22\bin;C:\Program Files\Dart\dart-sdk\bin;C:\src\flutter\bin;C:\Dart\dart-sdk\bin;C:\gradle-9.0.0\bin;C:\Users\Asus\AppData\Local\Microsoft\WindowsApps;C:\Users\Asus\AppData\Local\Programs\Microsoft VS Code\bin;C:\Users\Asus\AppData\Roaming\npm;C:\Users\Asus\AppData\Roaming\Composer\vendor\bin;C:\src\flutter\bin;C:\Dart\dart-sdk\bin;
USERNAME=Asus
OS=Windows_NT
PROCESSOR_IDENTIFIER=Intel64 Family 6 Model 142 Stepping 12, GenuineIntel
TMP=C:\Users\Asus\AppData\Local\Temp
TEMP=C:\Users\Asus\AppData\Local\Temp




Periodic native trim disabled

JNI global refs:
JNI global refs: 27, weak refs: 0

JNI global refs memory usage: 835, weak refs: 833

Process memory usage:
Resident Set Size: 558604K (6% of 8182576K total physical memory with 536404K free physical memory)

OOME stack traces (most recent first):
Classloader memory used:
Loader org.gradle.internal.classloader.VisitableURLClassLoader                         : 101M
Loader bootstrap                                                                       : 25640K
Loader org.gradle.initialization.MixInLegacyTypesClassLoader                           : 11138K
Loader org.gradle.internal.classloader.VisitableURLClassLoader$InstrumentingVisitableURLClassLoader: 7891K
Loader org.gradle.internal.classloader.VisitableURLClassLoader                         : 947K
Loader jdk.internal.loader.ClassLoaders$PlatformClassLoader                            : 499K
Loader jdk.internal.jrtfs.JrtFileSystemProvider$JrtFsLoader                            : 339K
Loader jdk.internal.reflect.DelegatingClassLoader                                      : 284K
Loader jdk.internal.loader.ClassLoaders$AppClassLoader                                 : 235K
Loader org.gradle.groovy.scripts.internal.DefaultScriptCompilationHandler$ScriptClassLoader: 88408B
Loader org.codehaus.groovy.runtime.callsite.CallSiteClassLoader                        : 49608B

Classes loaded by more than one classloader:
Class Program                                                                         : loaded 4 times (x 70B)
Class org.gradle.api.GradleException                                                  : loaded 3 times (x 78B)
Class com.google.common.collect.RegularImmutableMap$KeySet                            : loaded 2 times (x 148B)
Class kotlin.NotImplementedError                                                      : loaded 2 times (x 78B)
Class org.gradle.internal.classloader.FilteringClassLoader                            : loaded 2 times (x 101B)
Class com.google.common.base.CharMatcher$IsEither                                     : loaded 2 times (x 107B)
Class jdk.internal.jimage.BasicImageReader                                            : loaded 2 times (x 91B)
Class org.gradle.internal.classloader.ClassLoaderHierarchy                            : loaded 2 times (x 66B)
Class com.google.common.util.concurrent.ExecutionError                                : loaded 2 times (x 78B)
Class com.google.common.collect.ImmutableList$1                                       : loaded 2 times (x 93B)
Class org.gradle.api.internal.classpath.ManifestUtil                                  : loaded 2 times (x 67B)
Class com.google.common.collect.RegularImmutableMap                                   : loaded 2 times (x 117B)
Class com.google.common.collect.ImmutableMap$MapViewOfValuesAsSingletonSets           : loaded 2 times (x 122B)
Class org.jetbrains.plugins.gradle.model.GradleExtensions                             : loaded 2 times (x 66B)
Class org.jetbrains.plugins.gradle.model.AnnotationProcessingModel                    : loaded 2 times (x 66B)
Class com.google.common.collect.UnmodifiableListIterator                              : loaded 2 times (x 91B)
Class jdk.internal.jimage.decompressor.StringSharingDecompressorFactory               : loaded 2 times (x 70B)
Class org.gradle.internal.operations.MultipleBuildOperationFailures                   : loaded 2 times (x 91B)
Class [Lcom.google.common.cache.CacheBuilder$OneWeigher;                              : loaded 2 times (x 65B)
Class com.google.common.base.Suppliers                                                : loaded 2 times (x 67B)
Class org.gradle.internal.classloader.DefaultClassLoaderFactory                       : loaded 2 times (x 78B)
Class kotlin.collections.AbstractList$Companion                                       : loaded 2 times (x 67B)
Class org.gradle.internal.classloader.ClassLoaderVisitor                              : loaded 2 times (x 72B)
Class [Lcom.google.common.collect.ImmutableMapEntry;                                  : loaded 2 times (x 65B)
Class org.gradle.api.internal.classpath.EffectiveClassPath                            : loaded 2 times (x 86B)
Class com.google.common.collect.ImmutableEnumMap                                      : loaded 2 times (x 122B)
Class org.gradle.tooling.internal.gradle.DefaultProjectIdentifier                     : loaded 2 times (x 82B)
Class org.gradle.api.internal.DefaultClassPathProvider                                : loaded 2 times (x 72B)
Class [Lorg.gradle.api.internal.ClassPathProvider;                                    : loaded 2 times (x 65B)
Class org.gradle.api.internal.ClassPathProvider                                       : loaded 2 times (x 66B)
Class com.google.common.util.concurrent.AbstractFuture$SafeAtomicHelper               : loaded 2 times (x 75B)
Class com.google.common.cache.LocalCache$LocalLoadingCache                            : loaded 2 times (x 130B)
Class jdk.internal.jrtfs.SystemImage                                                  : loaded 2 times (x 70B)
Class org.gradle.internal.service.UnknownServiceException                             : loaded 2 times (x 79B)
Class com.google.common.cache.LocalCache$Strength$1                                   : loaded 2 times (x 77B)
Class org.jetbrains.kotlin.idea.gradleTooling.KotlinDslScriptAdditionalTask           : loaded 2 times (x 66B)
Class com.google.common.util.concurrent.SettableFuture                                : loaded 2 times (x 110B)
Class com.google.common.cache.LocalCache$Strength$2                                   : loaded 2 times (x 77B)
Class com.google.common.cache.LocalCache$Strength$3                                   : loaded 2 times (x 77B)
Class com.google.common.collect.MapDifference                                         : loaded 2 times (x 66B)
Class com.google.common.cache.CacheBuilder$NullListener                               : loaded 2 times (x 78B)
Class org.gradle.internal.classpath.TransformedClassPath                              : loaded 2 times (x 92B)
Class org.gradle.internal.classloader.InstrumentingClassLoader                        : loaded 2 times (x 66B)
Class com.google.common.cache.CacheLoader$FunctionToCacheLoader                       : loaded 2 times (x 71B)
Class com.google.common.collect.Iterators$ArrayItr                                    : loaded 2 times (x 93B)
Class com.google.common.collect.ImmutableCollection$Builder                           : loaded 2 times (x 72B)
Class jdk.internal.jrtfs.SystemImage$1                                                : loaded 2 times (x 74B)
Class kotlin.enums.EnumEntriesList                                                    : loaded 2 times (x 219B)
Class com.google.common.base.MoreObjects                                              : loaded 2 times (x 67B)
Class jdk.internal.jrtfs.SystemImage$2                                                : loaded 2 times (x 72B)
Class com.google.common.collect.UnmodifiableIterator                                  : loaded 2 times (x 76B)
Class org.jetbrains.kotlin.idea.gradleTooling.KotlinSourceSetContainer                : loaded 2 times (x 66B)
Class org.jetbrains.plugins.gradle.model.IntelliJSettings                             : loaded 2 times (x 66B)
Class com.google.common.base.Equivalence$Identity                                     : loaded 2 times (x 78B)
Class com.google.common.collect.SingletonImmutableBiMap                               : loaded 2 times (x 139B)
Class com.google.common.cache.LocalCache$1                                            : loaded 2 times (x 85B)
Class com.google.common.collect.AbstractMapEntry                                      : loaded 2 times (x 77B)
Class jdk.internal.jrtfs.JrtFileSystemProvider                                        : loaded 2 times (x 97B)
Class org.gradle.tooling.model.UnsupportedMethodException                             : loaded 2 times (x 78B)
Class com.google.common.cache.LocalCache$2                                            : loaded 2 times (x 138B)
Class com.google.common.util.concurrent.AbstractFuture$UnsafeAtomicHelper$1           : loaded 2 times (x 72B)
Class com.google.common.collect.RegularImmutableAsList                                : loaded 2 times (x 213B)
Class com.google.common.util.concurrent.AbstractFuture$Trusted                        : loaded 2 times (x 66B)
Class com.google.common.collect.Iterators                                             : loaded 2 times (x 67B)
Class com.intellij.compose.ide.plugin.gradleTooling.rt.ComposeResourcesModel          : loaded 2 times (x 66B)
Class com.google.common.util.concurrent.UncheckedExecutionException                   : loaded 2 times (x 78B)
Class org.gradle.kotlin.dsl.VersionCatalogAccessorsKt                                 : loaded 2 times (x 67B)
Class jdk.internal.jimage.ImageLocation                                               : loaded 2 times (x 86B)
Class jdk.internal.jrtfs.JrtDirectoryStream$1                                         : loaded 2 times (x 79B)
Class org.gradle.internal.InternalTransformer                                         : loaded 2 times (x 66B)
Class com.google.common.base.CharMatcher$And                                          : loaded 2 times (x 108B)
Class com.google.common.cache.CacheLoader$UnsupportedLoadingOperationException        : loaded 2 times (x 78B)
Class jdk.internal.jimage.ImageBufferCache$1                                          : loaded 2 times (x 79B)
Class org.gradle.internal.time.DefaultTimer                                           : loaded 2 times (x 76B)
Class org.gradle.internal.classloader.ClasspathUtil$1                                 : loaded 2 times (x 72B)
Class com.google.common.collect.IndexedImmutableSet                                   : loaded 2 times (x 148B)
Class com.google.common.collect.ImmutableMap$1                                        : loaded 2 times (x 77B)
Class com.google.common.collect.BiMap                                                 : loaded 2 times (x 66B)
Class jdk.internal.jimage.ImageBufferCache$2                                          : loaded 2 times (x 87B)
Class org.gradle.api.internal.classpath.DefaultModuleRegistry$DefaultModule           : loaded 2 times (x 82B)
Class com.google.common.collect.AbstractIterator                                      : loaded 2 times (x 78B)
Class com.google.common.collect.AbstractIndexedListIterator                           : loaded 2 times (x 92B)
Class com.google.common.math.MathPreconditions                                        : loaded 2 times (x 67B)
Class org.gradle.internal.time.DefaultCountdownTimer                                  : loaded 2 times (x 84B)
Class com.google.common.collect.ImmutableMapEntrySet                                  : loaded 2 times (x 148B)
Class org.gradle.tooling.internal.gradle.DefaultBuildIdentifier                       : loaded 2 times (x 75B)
Class kotlin.Function                                                                 : loaded 2 times (x 66B)
Class org.gradle.api.internal.classpath.Module                                        : loaded 2 times (x 66B)
Class com.google.common.cache.Weigher                                                 : loaded 2 times (x 66B)
Class org.gradle.api.internal.classpath.UnknownModuleException                        : loaded 2 times (x 78B)
Class com.google.common.base.Stopwatch                                                : loaded 2 times (x 68B)
Class com.google.common.cache.LocalCache$Strength                                     : loaded 2 times (x 77B)
Class com.google.common.cache.Cache                                                   : loaded 2 times (x 66B)
Class jdk.internal.jimage.ImageHeader                                                 : loaded 2 times (x 67B)
Class com.intellij.openapi.externalSystem.model.project.dependencies.ProjectDependencies: loaded 2 times (x 66B)
Class com.google.common.util.concurrent.AbstractFuture$Cancellation                   : loaded 2 times (x 68B)
Class com.google.common.collect.ImmutableMap$Builder                                  : loaded 2 times (x 78B)
Class com.google.common.cache.RemovalListener                                         : loaded 2 times (x 66B)
Class org.gradle.tooling.internal.gradle.GradleProjectIdentity                        : loaded 2 times (x 66B)
Class org.gradle.api.internal.DefaultClassPathRegistry                                : loaded 2 times (x 72B)
Class org.gradle.api.internal.ClassPathRegistry                                       : loaded 2 times (x 66B)
Class org.gradle.internal.classpath.DefaultClassPath$ImmutableUniqueList              : loaded 2 times (x 195B)
Class jdk.internal.jimage.decompressor.ResourceDecompressor                           : loaded 2 times (x 66B)
Class com.google.common.cache.CacheBuilder                                            : loaded 2 times (x 68B)
Class com.google.common.collect.SingletonImmutableList                                : loaded 2 times (x 203B)
Class org.gradle.internal.service.ServiceLocator                                      : loaded 2 times (x 66B)
Class Settings_gradle$1                                                               : loaded 2 times (x 70B)
Class org.gradle.internal.classpath.ClassPath                                         : loaded 2 times (x 66B)
Class org.gradle.api.UncheckedIOException                                             : loaded 2 times (x 78B)
Class com.google.common.collect.ImmutableList$ReverseImmutableList                    : loaded 2 times (x 205B)
Class com.google.common.util.concurrent.AbstractFuture$AtomicHelper                   : loaded 2 times (x 74B)
Class org.jetbrains.kotlin.idea.gradleTooling.KotlinGradleModel                       : loaded 2 times (x 66B)
Class com.google.common.base.Suppliers$SupplierOfInstance                             : loaded 2 times (x 75B)
Class com.google.common.collect.Iterators$1                                           : loaded 2 times (x 77B)
Class jdk.internal.jimage.ImageStringsReader                                          : loaded 2 times (x 76B)
Class org.gradle.tooling.model.Model                                                  : loaded 2 times (x 66B)
Class com.google.common.cache.LocalCache$ComputingValueReference                      : loaded 2 times (x 92B)
Class com.google.common.collect.SingletonImmutableSet                                 : loaded 2 times (x 142B)
Class com.google.common.collect.ImmutableMap$IteratorBasedImmutableMap                : loaded 2 times (x 122B)
Class kotlin.UninitializedPropertyAccessException                                     : loaded 2 times (x 78B)
Class com.google.common.cache.LocalCache$Segment                                      : loaded 2 times (x 150B)
Class jdk.internal.jimage.ImageReader                                                 : loaded 2 times (x 71B)
Class org.jetbrains.plugins.gradle.model.IntelliJProjectSettings                      : loaded 2 times (x 66B)
Class com.google.common.cache.CacheLoader                                             : loaded 2 times (x 70B)
Class com.google.common.collect.Iterators$4                                           : loaded 2 times (x 78B)
Class com.google.common.collect.ImmutableBiMap                                        : loaded 2 times (x 139B)
Class jdk.internal.jimage.ImageReader$SharedImageReader                               : loaded 2 times (x 91B)
Class org.gradle.internal.installation.GradleInstallation$1                           : loaded 2 times (x 71B)
Class org.gradle.api.internal.classpath.ModuleRegistry                                : loaded 2 times (x 66B)
Class com.google.common.util.concurrent.internal.InternalFutureFailureAccess          : loaded 2 times (x 68B)
Class com.google.common.collect.Iterators$5                                           : loaded 2 times (x 78B)
Class com.google.common.collect.ImmutableSet$JdkBackedSetBuilderImpl                  : loaded 2 times (x 72B)
Class jdk.internal.jimage.decompressor.ResourceDecompressorFactory                    : loaded 2 times (x 70B)
Class org.jetbrains.plugins.gradle.model.VersionCatalogsModel                         : loaded 2 times (x 66B)
Class com.google.common.util.concurrent.AbstractFuture$UnsafeAtomicHelper             : loaded 2 times (x 74B)
Class com.google.common.base.CharMatcher$ForPredicate                                 : loaded 2 times (x 108B)
Class com.google.common.cache.LocalCache$LocalManualCache$1                           : loaded 2 times (x 71B)
Class com.google.common.base.CharMatcher$AnyOf                                        : loaded 2 times (x 108B)
Class com.google.common.collect.ImmutableCollection                                   : loaded 2 times (x 121B)
Class jdk.internal.jimage.ImageReader$Node                                            : loaded 2 times (x 80B)
Class org.gradle.api.internal.classpath.DefaultModuleRegistry                         : loaded 2 times (x 82B)
Class com.google.common.util.concurrent.ListenableFuture                              : loaded 2 times (x 66B)
Class com.google.common.cache.ReferenceEntry                                          : loaded 2 times (x 66B)
Class com.google.common.base.Converter                                                : loaded 2 times (x 86B)
Class com.google.common.collect.ImmutableSet$CachingAsList                            : loaded 2 times (x 144B)
Class jdk.internal.jimage.BasicImageReader$1                                          : loaded 2 times (x 73B)
Class com.google.common.util.concurrent.AbstractFuture                                : loaded 2 times (x 102B)
Class com.google.common.base.FunctionalEquivalence                                    : loaded 2 times (x 79B)
Class com.google.common.collect.Iterators$9                                           : loaded 2 times (x 77B)
Class com.google.common.collect.ImmutableAsList                                       : loaded 2 times (x 205B)
Class com.google.common.cache.CacheLoader$SupplierToCacheLoader                       : loaded 2 times (x 71B)
Class com.google.common.collect.Maps$EntryTransformer                                 : loaded 2 times (x 66B)
Class jdk.internal.jimage.decompressor.Decompressor                                   : loaded 2 times (x 68B)
Class jdk.internal.jimage.ImageReader$Resource                                        : loaded 2 times (x 80B)
Class org.gradle.internal.time.MonotonicClock                                         : loaded 2 times (x 73B)
Class org.gradle.internal.service.ServiceLookupException                              : loaded 2 times (x 78B)
Class [Lcom.google.common.cache.LocalCache$EntryFactory;                              : loaded 2 times (x 65B)
Class jdk.internal.jrtfs.JrtFileAttributes                                            : loaded 2 times (x 79B)
Class org.gradle.internal.classloader.ClassLoaderFactory                              : loaded 2 times (x 66B)
Class com.google.common.base.CharMatcher$IsNot                                        : loaded 2 times (x 107B)
Class com.google.common.cache.LocalCache$LocalManualCache                             : loaded 2 times (x 95B)
Class org.gradle.internal.service.CachingServiceLocator                               : loaded 2 times (x 78B)
Class com.google.common.math.IntMath                                                  : loaded 2 times (x 67B)
Class org.jetbrains.plugins.gradle.model.RepositoryModels                             : loaded 2 times (x 66B)
Class com.google.common.collect.ImmutableMapEntry                                     : loaded 2 times (x 81B)
Class org.gradle.internal.time.TimeSource                                             : loaded 2 times (x 66B)
Class com.google.common.base.Equivalence                                              : loaded 2 times (x 78B)
Class com.google.common.base.Function                                                 : loaded 2 times (x 66B)
Class com.google.common.collect.ImmutableMapEntry$NonTerminalImmutableMapEntry        : loaded 2 times (x 81B)
Class org.gradle.tooling.internal.gradle.GradleBuildIdentity                          : loaded 2 times (x 66B)
Class kotlin.enums.EnumEntries                                                        : loaded 2 times (x 66B)
Class com.google.common.collect.IndexedImmutableSet$1                                 : loaded 2 times (x 209B)
Class com.google.common.cache.CacheBuilder$OneWeigher                                 : loaded 2 times (x 78B)
Class com.google.common.collect.RegularImmutableList                                  : loaded 2 times (x 209B)
Class org.gradle.internal.exceptions.ResolutionProvider                               : loaded 2 times (x 66B)
Class jdk.internal.jimage.ImageBufferCache                                            : loaded 2 times (x 67B)
Class jdk.internal.jrtfs.JrtPath                                                      : loaded 2 times (x 114B)
Class org.gradle.tooling.model.ProjectIdentifier                                      : loaded 2 times (x 66B)
Class org.gradle.internal.classloader.ClasspathUtil                                   : loaded 2 times (x 67B)
Class com.google.common.util.concurrent.Uninterruptibles                              : loaded 2 times (x 67B)
Class com.google.common.collect.Maps                                                  : loaded 2 times (x 67B)
Class org.gradle.internal.time.TimeSource$1                                           : loaded 2 times (x 73B)
Class kotlin.jvm.internal.DefaultConstructorMarker                                    : loaded 2 times (x 67B)
Class org.gradle.api.specs.Spec                                                       : loaded 2 times (x 66B)
Class [Lcom.google.common.collect.ImmutableEntry;                                     : loaded 2 times (x 65B)
Class jdk.internal.jimage.ImageReader$SharedImageReader$LocationVisitor               : loaded 2 times (x 66B)
Class com.google.common.cache.LocalCache$LoadingValueReference                        : loaded 2 times (x 92B)
Class Build_gradle$1                                                                  : loaded 2 times (x 74B)
Class jdk.internal.jimage.decompressor.ResourceDecompressorRepository                 : loaded 2 times (x 67B)
Class org.gradle.internal.time.Clock                                                  : loaded 2 times (x 66B)
Class com.google.common.collect.Maps$8                                                : loaded 2 times (x 78B)
Class jdk.internal.jimage.ImageReader$Directory                                       : loaded 2 times (x 80B)
Class kotlin.collections.AbstractList                                                 : loaded 2 times (x 193B)
Class kotlin.collections.AbstractCollection                                           : loaded 2 times (x 113B)
Class com.google.common.cache.LocalCache$StrongValueReference                         : loaded 2 times (x 86B)
Class com.google.common.util.concurrent.AbstractFuture$SynchronizedHelper             : loaded 2 times (x 74B)
Class org.gradle.internal.classloader.VisitableURLClassLoader$InstrumentingVisitableURLClassLoader: loaded 2 times (x 119B)
Class [Lcom.google.common.cache.CacheBuilder$NullListener;                            : loaded 2 times (x 65B)
Class com.google.common.math.IntMath$1                                                : loaded 2 times (x 67B)
Class sync_studio_tooling2_5qik56h9ogc1v0fgmth4k9pbo                                  : loaded 2 times (x 175B)
Class org.gradle.internal.classloader.VisitableURLClassLoader$Spec                    : loaded 2 times (x 70B)
Class org.gradle.internal.classpath.DefaultClassPath                                  : loaded 2 times (x 86B)
Class jdk.internal.jimage.decompressor.ZipDecompressorFactory                         : loaded 2 times (x 70B)
Class com.google.common.base.CharMatcher$Ascii                                        : loaded 2 times (x 108B)
Class com.google.common.base.CharMatcher$BitSetMatcher                                : loaded 2 times (x 108B)
Class com.google.common.collect.RegularImmutableMap$Values                            : loaded 2 times (x 203B)
Class com.google.common.collect.ImmutableSet                                          : loaded 2 times (x 141B)
Class org.gradle.internal.classloader.ClassLoaderSpec                                 : loaded 2 times (x 67B)
Class com.google.common.cache.CacheStats                                              : loaded 2 times (x 67B)
Class com.google.common.util.concurrent.AbstractFuture$Listener                       : loaded 2 times (x 68B)
Class com.google.common.base.CharMatcher$Or                                           : loaded 2 times (x 108B)
Class Settings_gradle$1$1                                                             : loaded 2 times (x 70B)
Class kotlin.Unit                                                                     : loaded 2 times (x 67B)
Class com.google.common.base.Supplier                                                 : loaded 2 times (x 66B)
Class org.gradle.internal.classloader.VisitableURLClassLoader                         : loaded 2 times (x 113B)
Class com.google.common.util.concurrent.AbstractFuture$Waiter                         : loaded 2 times (x 68B)
Class Settings_gradle                                                                 : loaded 2 times (x 124B)
Class org.gradle.internal.Cast                                                        : loaded 2 times (x 67B)
Class org.gradle.api.Action                                                           : loaded 2 times (x 66B)
Class com.google.common.base.CharMatcher$FastMatcher                                  : loaded 2 times (x 107B)
Class com.google.common.base.Ticker                                                   : loaded 2 times (x 68B)
Class jdk.internal.jimage.decompressor.ZipDecompressor                                : loaded 2 times (x 71B)
Class ijInit2_dfp6dzo1uw4j32ye4gz0i92sw                                               : loaded 2 times (x 175B)
Class kotlin.jvm.functions.Function1                                                  : loaded 2 times (x 66B)
Class [Lcom.google.common.cache.LocalCache$Segment;                                   : loaded 2 times (x 65B)
Class com.google.common.base.Predicate                                                : loaded 2 times (x 66B)
Class [Lcom.google.common.cache.LocalCache$Strength;                                  : loaded 2 times (x 65B)
Class com.google.common.cache.CacheBuilder$1                                          : loaded 2 times (x 81B)
Class com.google.common.collect.ImmutableMap                                          : loaded 2 times (x 116B)
Class org.gradle.internal.classpath.DefaultClassPath$ImmutableUniqueList$Builder      : loaded 2 times (x 71B)
Class com.google.common.base.CharMatcher$NegatedFastMatcher                           : loaded 2 times (x 109B)
Class com.google.common.cache.LocalCache                                              : loaded 2 times (x 183B)
Class com.google.common.cache.CacheBuilder$2                                          : loaded 2 times (x 75B)
Class com.google.common.cache.CacheBuilder$3                                          : loaded 2 times (x 68B)
Class [Lcom.google.common.collect.AbstractMapEntry;                                   : loaded 2 times (x 65B)
Class com.google.common.collect.ImmutableEntry                                        : loaded 2 times (x 78B)
Class com.google.common.base.PairwiseEquivalence                                      : loaded 2 times (x 79B)
Class org.gradle.internal.exceptions.NonGradleCauseExceptionsHolder                   : loaded 2 times (x 66B)
Class com.google.common.collect.CollectPreconditions                                  : loaded 2 times (x 67B)
Class jdk.internal.jimage.ImageStrings                                                : loaded 2 times (x 66B)
Class com.google.common.collect.SortedMapDifference                                   : loaded 2 times (x 66B)
Class org.jetbrains.plugins.gradle.tooling.ModelBuilderService$Parameter              : loaded 2 times (x 66B)
Class com.google.common.cache.LocalCache$EntryFactory                                 : loaded 2 times (x 79B)
Class com.google.common.cache.LocalCache$AbstractReferenceEntry                       : loaded 2 times (x 103B)
Class kotlin.enums.EnumEntriesKt                                                      : loaded 2 times (x 67B)
Class org.gradle.internal.IoActions                                                   : loaded 2 times (x 67B)
Class com.google.common.cache.CacheLoader$InvalidCacheLoadException                   : loaded 2 times (x 78B)
Class com.google.common.collect.ImmutableSet$RegularSetBuilderImpl                    : loaded 2 times (x 73B)
Class org.gradle.internal.classloader.SystemClassLoaderSpec                           : loaded 2 times (x 67B)
Class com.google.common.cache.LocalCache$StrongEntry                                  : loaded 2 times (x 104B)
Class com.google.common.util.concurrent.AbstractFuture$TrustedFuture                  : loaded 2 times (x 110B)
Class com.google.common.cache.LoadingCache                                            : loaded 2 times (x 66B)
Class org.gradle.internal.exceptions.MultiCauseException                              : loaded 2 times (x 66B)
Class org.gradle.internal.time.CountdownTimer                                         : loaded 2 times (x 66B)
Class kotlin.jvm.internal.Intrinsics                                                  : loaded 2 times (x 67B)
Class [Lcom.google.common.cache.Weigher;                                              : loaded 2 times (x 65B)
Class com.google.common.collect.RegularImmutableMap$BucketOverflowException           : loaded 2 times (x 78B)
Class jdk.internal.jrtfs.JrtFileSystem                                                : loaded 2 times (x 98B)
Class org.gradle.tooling.model.ProjectModel                                           : loaded 2 times (x 66B)
Class jdk.internal.jimage.decompressor.CompressedResourceHeader                       : loaded 2 times (x 67B)
Class kotlin.KotlinNullPointerException                                               : loaded 2 times (x 79B)
Class com.google.common.collect.RegularImmutableBiMap                                 : loaded 2 times (x 145B)
Class com.google.common.base.CharMatcher$Negated                                      : loaded 2 times (x 109B)
Class com.google.common.base.CharMatcher$Is                                           : loaded 2 times (x 107B)
Class com.google.common.cache.LocalCache$ValueReference                               : loaded 2 times (x 66B)
Class org.jetbrains.plugins.gradle.model.tests.ExternalTestsModel                     : loaded 2 times (x 66B)
Class org.gradle.internal.exceptions.DefaultMultiCauseException                       : loaded 2 times (x 91B)
Class com.google.common.util.concurrent.AbstractFuture$Failure                        : loaded 2 times (x 68B)
Class com.google.common.base.Equivalence$Equals                                       : loaded 2 times (x 78B)
Class com.google.common.collect.Hashing                                               : loaded 2 times (x 67B)
Class com.google.common.base.Preconditions                                            : loaded 2 times (x 67B)
Class com.google.common.base.CharMatcher                                              : loaded 2 times (x 107B)
Class com.google.common.collect.PeekingIterator                                       : loaded 2 times (x 66B)
Class org.gradle.internal.time.Time                                                   : loaded 2 times (x 67B)
Class com.google.common.base.CharMatcher$1                                            : loaded 2 times (x 109B)
Class com.google.common.base.CharMatcher$NamedFastMatcher                             : loaded 2 times (x 108B)
Class com.google.common.cache.LocalCache$EntryFactory$1                               : loaded 2 times (x 79B)
Class [Lcom.google.common.cache.RemovalListener;                                      : loaded 2 times (x 65B)
Class com.google.common.cache.LocalCache$EntryFactory$2                               : loaded 2 times (x 79B)
Class org.jetbrains.plugins.gradle.model.DependencyAccessorsModel                     : loaded 2 times (x 66B)
Class org.gradle.api.internal.classpath.GlobalCacheRootsProvider                      : loaded 2 times (x 66B)
Class com.google.common.cache.LocalCache$EntryFactory$3                               : loaded 2 times (x 79B)
Class com.google.common.base.Ticker$1                                                 : loaded 2 times (x 68B)
Class com.google.common.collect.Maps$BiMapConverter                                   : loaded 2 times (x 86B)
Class com.google.common.collect.ImmutableMapEntrySet$RegularEntrySet                  : loaded 2 times (x 148B)
Class org.jetbrains.kotlin.idea.gradleTooling.KotlinMPPGradleModel                    : loaded 2 times (x 66B)
Class org.gradle.tooling.model.BuildIdentifier                                        : loaded 2 times (x 66B)
Class com.google.common.base.CharMatcher$InRange                                      : loaded 2 times (x 107B)
Class com.google.common.cache.LocalCache$EntryFactory$4                               : loaded 2 times (x 79B)
Class com.google.common.collect.ImmutableSet$Builder                                  : loaded 2 times (x 81B)
Class org.jetbrains.kotlin.idea.gradleTooling.PrepareKotlinIdeImportTaskModel         : loaded 2 times (x 66B)
Class com.google.common.cache.LocalCache$EntryFactory$5                               : loaded 2 times (x 79B)
Class com.google.common.cache.LocalCache$EntryFactory$6                               : loaded 2 times (x 79B)
Class Build_gradle                                                                    : loaded 2 times (x 68B)
Class org.gradle.internal.time.Timer                                                  : loaded 2 times (x 66B)
Class kotlin.jvm.internal.markers.KMappedMarker                                       : loaded 2 times (x 66B)
Class org.gradle.internal.installation.CurrentGradleInstallationLocator               : loaded 2 times (x 67B)
Class com.google.common.cache.LocalCache$EntryFactory$7                               : loaded 2 times (x 79B)
Class com.google.common.collect.ImmutableSet$EmptySetBuilderImpl                      : loaded 2 times (x 72B)
Class com.google.common.collect.ImmutableList                                         : loaded 2 times (x 202B)
Class org.gradle.internal.service.DefaultServiceLocator                               : loaded 2 times (x 79B)
Class com.google.common.cache.LocalCache$EntryFactory$8                               : loaded 2 times (x 79B)
Class com.google.common.collect.ImmutableSet$SetBuilderImpl                           : loaded 2 times (x 72B)
Class jdk.internal.jrtfs.JrtDirectoryStream                                           : loaded 2 times (x 85B)
Class org.gradle.util.GradleVersion                                                   : loaded 2 times (x 75B)
Class org.gradle.internal.installation.CurrentGradleInstallation                      : loaded 2 times (x 69B)
Class com.google.common.cache.CacheLoader$1                                           : loaded 2 times (x 71B)
Class com.google.common.collect.ImmutableList$SubList                                 : loaded 2 times (x 205B)
Class org.jetbrains.plugins.gradle.javaModel.JavaGradleManifestModel                  : loaded 2 times (x 66B)
Class org.gradle.util.internal.GUtil                                                  : loaded 2 times (x 67B)
Class com.google.common.util.concurrent.AbstractFuture$SetFuture                      : loaded 2 times (x 71B)
Class com.google.common.cache.AbstractCache$StatsCounter                              : loaded 2 times (x 66B)
Class com.google.common.collect.Iterators$MergingIterator                             : loaded 2 times (x 77B)
Class com.google.common.collect.RegularImmutableSet                                   : loaded 2 times (x 145B)
Class org.gradle.internal.installation.GradleInstallation                             : loaded 2 times (x 71B)
Class com.google.common.collect.Iterables                                             : loaded 2 times (x 67B)
Class jdk.internal.jimage.decompressor.ResourceDecompressor$StringsProvider           : loaded 2 times (x 66B)

---------------  S Y S T E M  ---------------

OS:
 Windows 11 , 64 bit Build 26100 (10.0.26100.7309)
OS uptime: 0 days 5:11 hours
Hyper-V role detected

CPU: total 8 (initial active 8) (4 cores per cpu, 2 threads per core) family 6 model 142 stepping 12 microcode 0xde, cx8, cmov, fxsr, ht, mmx, 3dnowpref, sse, sse2, sse3, ssse3, sse4.1, sse4.2, popcnt, lzcnt, tsc, tscinvbit, avx, avx2, aes, erms, clmul, bmi1, bmi2, adx, fma, vzeroupper, clflush, clflushopt, hv, rdtscp, f16c
Processor Information for the first 8 processors :
  Max Mhz: 2304, Current Mhz: 1803, Mhz Limit: 1797

Memory: 4k page, system-wide physical 7990M (589M free)
TotalPageFile size 16182M (AvailPageFile size 12M)
current process WorkingSet (physical memory assigned to process): 540M, peak: 555M
current process commit charge ("private bytes"): 691M, peak: 739M

vm_info: OpenJDK 64-Bit Server VM (21.0.6+-13391695-b895.109) for windows-amd64 JRE (21.0.6+-13391695-b895.109), built on 2025-04-22T21:19:17Z by "builder" with MS VC++ 16.10 / 16.11 (VS2019)

END.
